seas_id,season,player_id,player,birth_year,pos,age,experience,lg,tm,g,gs,mp_per_game,fg_per_game,fga_per_game,fg_percent,x3p_per_game,x3pa_per_game,x3p_percent,x2p_per_game,x2pa_per_game,x2p_percent,e_fg_percent,ft_per_game,fta_per_game,ft_percent,orb_per_game,drb_per_game,trb_per_game,ast_per_game,stl_per_game,blk_per_game,tov_per_game,pf_per_game,pts_per_game
31136,2024,5025,A.J. Green,NA,SG,24,2,NBA,MIL,28,0,7.5,1.1,2.6,0.425,0.9,2.3,0.413,0.2,0.4,0.5,0.603,0.1,0.1,1,0.2,0.6,0.8,0.6,0,0,0,0.9,3.3
31137,2024,5026,A.J. Lawson,NA,SG,23,2,NBA,DAL,22,0,9.7,1.5,3.5,0.447,0.5,1.7,0.316,1,1.7,0.579,0.526,0.5,0.8,0.706,0.5,0.8,1.3,0.6,0.4,0.1,0.5,0.8,4.2
31138,2024,5027,AJ Griffin,NA,SF,20,2,NBA,ATL,18,0,7.3,0.7,2.5,0.289,0.5,1.8,0.273,0.2,0.7,0.333,0.389,0.1,0.1,1,0.1,0.7,0.8,0.2,0.1,0.1,0.3,0.3,2.1
31139,2024,4219,Aaron Gordon,NA,PF,28,10,NBA,DEN,43,43,32,5.4,10,0.538,0.6,1.9,0.3,4.8,8.1,0.593,0.566,2.3,3.7,0.614,2.6,4.1,6.7,3.1,0.8,0.7,1.3,1.9,13.6
31140,2024,4582,Aaron Holiday,NA,PG,27,6,NBA,HOU,44,1,17.2,2.3,5.3,0.444,1.1,2.9,0.394,1.2,2.4,0.505,0.552,0.7,0.8,0.912,0.3,1.6,1.9,1.7,0.5,0.1,0.8,1.5,6.5
31141,2024,4805,Aaron Nesmith,NA,SF,24,4,NBA,IND,43,18,26.6,4.5,8.7,0.521,2.2,4.7,0.463,2.4,4,0.59,0.646,1.2,1.7,0.708,1,2.9,3.9,1.4,1,0.7,0.9,3.2,12.4
31142,2024,4900,Aaron Wiggins,NA,SG,25,3,NBA,OKC,45,0,13.5,2.3,3.8,0.602,0.7,1.2,0.556,1.6,2.6,0.624,0.69,0.5,0.6,0.759,0.6,1.6,2.3,0.9,0.5,0.1,0.5,1.2,5.7
31143,2024,5109,Adama Sanogo,NA,PF,21,1,NBA,CHI,3,0,3.7,1,1,1,0,0,NA,1,1,1,1,0.7,1,0.667,0.7,1.3,2,0,0,0,0.3,0,2.7
31144,2024,4688,Admiral Schofield,NA,PF,26,4,NBA,ORL,12,0,3.8,0.4,1.3,0.333,0.2,0.8,0.222,0.3,0.5,0.5,0.4,0,0.2,0,0.1,0.5,0.6,0.3,0,0,0.3,0.6,1
31145,2024,3734,Al Horford,NA,C,37,17,NBA,BOS,39,19,27.1,2.9,6,0.483,1.6,4,0.413,1.3,2,0.62,0.62,0.3,0.4,0.857,1.3,5.5,6.8,2.9,0.4,0.9,0.8,1.6,7.7
31146,2024,3982,Alec Burks,NA,SG,32,13,NBA,DET,40,0,20.8,3.7,9.4,0.393,2.3,5.8,0.4,1.4,3.7,0.381,0.515,2.8,3.1,0.895,0.4,2.1,2.5,1.6,0.5,0.3,0.8,1.5,12.5
31147,2024,4806,Aleksej Pokusevski,NA,PF,22,4,NBA,OKC,8,0,6,0.4,1.6,0.231,0.1,1.1,0.111,0.3,0.5,0.5,0.269,0.1,0.3,0.5,0.3,0.9,1.1,0.6,0,0.1,0.4,0.6,1
31148,2024,4465,Alex Caruso,NA,SG,29,7,NBA,CHI,42,30,26.4,3.5,7.3,0.487,1.8,4.4,0.409,1.7,2.9,0.608,0.611,1.2,1.6,0.758,1,2.6,3.6,2.7,1.3,1,1.3,2.5,10.1
31149,2024,5110,Alex Fudge,NA,SF,20,1,NBA,LAL,4,0,3.5,0.3,1.5,0.167,0,0.5,0,0.3,1,0.25,0.167,0.5,0.5,1,0.5,0,0.5,0,0,0,0.3,0.3,1
31150,2024,4142,Alex Len,NA,C,30,11,NBA,SAC,17,0,8.8,1.1,1.7,0.621,0,0.1,0,1.1,1.6,0.667,0.621,0.2,0.6,0.4,1.4,1.9,3.3,1.1,0.2,0.5,0.6,1.1,2.4
31151,2024,4904,Alperen Şengün,NA,C,21,3,NBA,HOU,47,47,32.7,8.6,15.9,0.541,0.6,2,0.28,8.1,14,0.578,0.558,3.9,5.4,0.72,2.7,6.5,9.2,5.1,1.2,0.7,2.6,3.3,21.7
31152,2024,5111,Amari Bailey,NA,PG,19,1,NBA,CHO,2,0,5.5,1,3,0.333,0,1,0,1,2,0.5,0.333,0.5,1,0.5,1,0,1,0,0,0,0.5,0,2.5
31153,2024,5112,Amen Thompson,NA,SF,21,1,NBA,HOU,28,1,16.4,2.4,5.1,0.472,0.2,1.2,0.176,2.2,3.9,0.565,0.493,1.4,1.9,0.704,1.1,3.3,4.3,2.1,1,0.4,1.3,2,6.4
31154,2024,4690,Amir Coffey,NA,SF,26,5,NBA,LAC,34,7,16.6,2,3.5,0.558,0.7,1.8,0.417,1.2,1.8,0.7,0.663,0.7,0.8,0.857,0.4,1.3,1.6,0.7,0.4,0.1,0.4,1.2,5.4
31155,2024,4064,Andre Drummond,NA,C,30,12,NBA,CHI,49,7,15.9,3.2,5.7,0.557,0,0,0,3.2,5.7,0.561,0.557,1.5,2.6,0.558,3.3,5,8.3,0.6,1.1,0.6,1.1,1.7,7.8
31156,2024,5113,Andre Jackson Jr.,NA,SG,22,1,NBA,MIL,39,8,11.5,1.1,2,0.551,0.4,0.9,0.389,0.7,1.1,0.69,0.641,0.2,0.2,0.889,0.9,1.3,2.2,0.9,0.3,0.1,0.5,1.9,2.8
31157,2024,5029,Andrew Nembhard,NA,PG,24,2,NBA,IND,34,15,22,3.9,8,0.491,0.7,2.2,0.329,3.2,5.8,0.553,0.537,0.8,1,0.818,0.6,1.2,1.8,4.7,0.9,0.1,1.9,2.1,9.4
31158,2024,4223,Andrew Wiggins,NA,SF,28,10,NBA,GSW,40,29,27.2,4.8,10.8,0.442,1,3.2,0.313,3.8,7.6,0.497,0.488,2,2.8,0.712,1.7,2.6,4.2,1.6,0.4,0.5,1.4,2.4,12.5
31159,2024,4586,Anfernee Simons,NA,SG,24,6,NBA,POR,26,26,33.6,8,18.2,0.439,3.3,8.7,0.387,4.6,9.5,0.486,0.531,3.6,4,0.904,0.5,2.9,3.5,5.2,0.4,0.2,2.5,2.1,22.9
31160,2024,5114,Anthony Black,NA,PG,20,1,NBA,ORL,45,29,19.4,1.9,3.9,0.497,0.5,1.4,0.381,1.4,2.5,0.563,0.566,0.9,1.4,0.656,0.5,1.8,2.3,1.7,0.6,0.4,0.9,2,5.3
31161,2024,4066,Anthony Davis,NA,C,30,12,NBA,LAL,46,46,35.9,9.5,17.2,0.554,0.4,1.2,0.315,9.1,16,0.571,0.565,5.6,6.9,0.805,3.2,8.9,12.1,3.7,1.2,2.3,2.1,2.5,24.9
31162,2024,4808,Anthony Edwards,NA,SG,22,4,NBA,MIN,45,45,34.9,8.8,19,0.464,2.5,6.3,0.389,6.3,12.6,0.502,0.529,5.5,6.5,0.842,0.6,4.6,5.2,5.2,1.2,0.5,3.4,1.9,25.5
31163,2024,4809,Anthony Gill,NA,PF,31,4,NBA,WAS,27,0,5.8,0.9,1.7,0.5,0.1,0.4,0.25,0.7,1.3,0.588,0.533,0.4,0.6,0.75,0.5,0.9,1.3,0.4,0.1,0.2,0.4,0.4,2.3
31164,2024,4811,Armoni Brooks,NA,PG,25,3,NBA,BRK,10,0,10.4,1.5,4.6,0.326,1.1,3.2,0.344,0.4,1.4,0.286,0.446,0.1,0.2,0.5,0.7,1.1,1.8,0.5,0.1,0.1,0.3,0.3,4.2
31165,2024,5115,Ausar Thompson,NA,SF,21,1,NBA,DET,47,24,23.5,3.4,7.2,0.472,0.2,1.6,0.145,3.2,5.6,0.567,0.488,1.2,1.8,0.647,2.1,4.5,6.6,1.9,0.9,0.9,1.3,2.8,8.2
31166,2024,4906,Austin Reaves,NA,SG,25,3,NBA,LAL,49,24,30.6,5.3,10.9,0.486,1.6,4.6,0.344,3.7,6.3,0.589,0.558,3,3.5,0.866,0.8,3.2,4,5.2,0.9,0.1,2.1,1.8,15.2
31167,2024,4907,Ayo Dosunmu,NA,SG,24,3,NBA,CHI,47,9,24.3,3.7,7.4,0.496,1.1,3,0.383,2.5,4.4,0.573,0.573,1,1.2,0.804,0.7,1.9,2.6,2.1,0.8,0.5,1,2,9.4
31168,2024,4472,Bam Adebayo,NA,C,26,7,NBA,MIA,38,38,34.8,7.6,15.2,0.501,0,0.3,0.091,7.6,14.9,0.509,0.502,5.3,6.7,0.781,2.2,8.3,10.6,4.2,1,1,2.4,2.5,20.6
31169,2024,5116,Ben Sheppard,NA,SG,22,1,NBA,IND,26,0,10.3,1,2.9,0.355,0.5,1.9,0.286,0.5,1,0.481,0.447,0.3,0.5,0.75,0.3,1,1.2,0.9,0.5,0,0.1,1.3,3
31170,2024,4474,Ben Simmons,NA,PG,27,6,NBA,BRK,7,6,29.9,3.4,5.9,0.585,0,0,NA,3.4,5.9,0.585,0.585,0.1,0.6,0.25,3,7.4,10.4,7.3,0.6,0.9,2.1,2.7,7
31171,2024,5030,Bennedict Mathurin,NA,SF,21,2,NBA,IND,47,14,25.5,5.1,11.1,0.456,1.3,3.5,0.364,3.8,7.6,0.499,0.513,2.9,3.5,0.834,1,2.8,3.9,1.9,0.6,0.2,1.6,2,14.3
31172,2024,5117,Bilal Coulibaly,NA,SF,19,1,NBA,WAS,46,2,26.7,3.1,6.6,0.466,1,2.7,0.385,2.1,4,0.519,0.543,1.2,1.8,0.675,0.8,3.2,4,1.8,0.9,0.8,1.4,2.1,8.4
31173,2024,3984,Bismack Biyombo,NA,C,31,13,NBA,MEM,30,27,23.9,2.2,4,0.563,0,0,NA,2.2,4,0.563,0.563,0.7,1.5,0.478,1.9,4.5,6.4,1.7,0.3,1.1,1.3,2.7,5.2
31174,2024,5031,Blake Wesley,NA,SG,20,2,NBA,SAS,27,1,11.7,1.5,3,0.5,0.1,0.6,0.118,1.4,2.4,0.6,0.512,0.5,0.9,0.52,0.3,0.9,1.1,2.3,0.5,0.1,0.6,1.4,3.6
31175,2024,4306,Boban Marjanović,NA,C,35,9,NBA,HOU,8,0,5.5,1,2.4,0.421,0,0.3,0,1,2.1,0.471,0.421,0.1,0.5,0.25,0.6,1.6,2.3,0.5,0,0.1,0.1,0.5,2.1
31176,2024,4307,Bobby Portis,NA,PF,28,9,NBA,MIL,48,0,23.3,5,9.9,0.5,1.1,2.9,0.379,3.9,7,0.551,0.556,1.3,1.7,0.775,1.5,5.3,6.8,1,0.6,0.4,0.9,2.5,12.3
31177,2024,4475,Bogdan Bogdanović,NA,SG,31,7,NBA,ATL,45,6,28.4,6.1,14.1,0.431,3.1,8.4,0.371,2.9,5.6,0.52,0.542,1.9,2.1,0.903,0.5,2.6,3.1,2.6,1.3,0.2,1.2,2.4,17.1
31178,2024,4224,Bojan Bogdanović,NA,PF,34,10,NBA,DET,26,25,33,7.2,15.4,0.468,3,7.3,0.414,4.2,8,0.517,0.566,2.9,3.8,0.765,0.5,2.9,3.4,2.5,0.9,0.1,2.2,2.1,20.3
31179,2024,4692,Bol Bol,NA,PF,24,5,NBA,PHO,12,0,7.2,1.4,1.9,0.739,0.3,0.4,0.6,1.2,1.5,0.778,0.804,0.3,0.4,0.8,0.8,1.5,2.3,0.5,0.3,0.5,0.5,0.8,3.4
31180,2024,4908,Bones Hyland,NA,PG,23,3,NBA,LAC,19,2,13.2,2.3,6.3,0.367,1.1,3.4,0.313,1.3,2.9,0.429,0.45,0.5,0.6,0.833,0.2,0.7,0.9,1.7,0.5,0.1,1.2,1.4,6.2
31181,2024,4072,Bradley Beal,NA,SG,30,12,NBA,PHO,24,24,33.1,6.8,13.9,0.488,1.5,4.2,0.347,5.3,9.7,0.549,0.54,2.2,3,0.746,0.8,3.5,4.3,4.3,0.8,0.3,2.3,2.8,17.3
31182,2024,5118,Brandin Podziemski,NA,SG,20,1,NBA,GSW,38,11,24.9,3.7,8,0.462,1.3,3.3,0.381,2.4,4.7,0.52,0.541,0.6,1,0.605,1.5,3.9,5.4,3.2,0.8,0.1,1.3,1.9,9.2
31183,2024,4909,Brandon Boston Jr.,NA,SF,22,3,NBA,LAC,12,0,8.3,1.7,4.1,0.408,0.5,1.4,0.353,1.2,2.7,0.438,0.469,0.6,0.7,0.875,0.6,0.6,1.2,0.4,0.2,0.2,0.3,1.1,4.4
31184,2024,4379,Brandon Ingram,NA,SF,26,8,NBA,NOP,44,44,33.1,8,16.4,0.488,1.3,3.8,0.349,6.7,12.5,0.531,0.529,4.1,5.2,0.802,0.7,4.3,5,5.6,0.8,0.5,2.5,2.2,21.5
31185,2024,5119,Brandon Miller,NA,SF,21,1,NBA,CHO,40,34,31,5.7,13.2,0.433,2.1,5.7,0.374,3.6,7.6,0.477,0.513,1.7,2.1,0.817,0.8,3.1,3.9,2.3,0.7,0.5,1.6,2.6,15.3
31186,2024,4910,Brandon Williams,1999,PG,24,2,NBA,DAL,7,0,6.1,1.1,2.3,0.5,0.3,0.7,0.4,0.9,1.6,0.545,0.563,0.7,1.3,0.556,0.3,0.4,0.7,1.1,0.1,0.1,0.3,0.1,3.3
31187,2024,4911,Braxton Key,NA,SF,26,3,NBA,DEN,13,0,3.4,0.4,1.1,0.357,0.1,0.3,0.25,0.3,0.8,0.4,0.393,0.3,0.4,0.8,0.2,0.6,0.8,0.6,0.2,0,0.1,0.3,1.2
31188,2024,5120,Brice Sensabaugh,NA,SF,20,1,NBA,UTA,4,0,3,0.5,1.5,0.333,0.3,0.5,0.5,0.3,1,0.25,0.417,0,0,NA,0.3,0.5,0.8,0.5,0,0,0,0.3,1.3
31189,2024,3801,Brook Lopez,NA,C,35,16,NBA,MIL,48,48,31.9,5,10.2,0.491,1.8,5.1,0.348,3.2,5.1,0.633,0.578,1.5,1.8,0.828,1.6,3.9,5.5,1.6,0.6,2.8,0.9,2.6,13.3
31190,2024,4594,Bruce Brown,NA,SG-PG,27,6,NBA,TOT,39,36,29.6,4.5,9.5,0.478,1,2.9,0.33,3.6,6.5,0.545,0.53,1.9,2.3,0.833,0.9,4,4.9,2.8,1.1,0.3,1.3,2.6,12
31191,2024,4594,Bruce Brown,NA,SG,27,6,NBA,IND,33,33,29.7,4.5,9.5,0.475,1,3.1,0.327,3.5,6.5,0.545,0.527,2,2.5,0.817,0.8,3.9,4.7,3,1.1,0.2,1.2,2.5,12.1
31192,2024,4594,Bruce Brown,NA,PG,27,6,NBA,TOR,6,3,29,4.7,9.3,0.5,0.8,2.3,0.357,3.8,7,0.548,0.545,1.3,1.3,1,1.7,4.7,6.3,1.7,1.2,0.8,1.5,3.2,11.5
31193,2024,4695,Bruno Fernando,NA,C,25,5,NBA,ATL,13,0,6.5,1.1,2.1,0.519,0,0.2,0,1.1,1.8,0.583,0.519,0.8,1.5,0.526,0.5,1.5,2,0.3,0.2,0.4,0.5,0.9,2.9
31194,2024,5032,Bryce McGowens,NA,SG,21,2,NBA,CHO,37,11,16,1.7,3.9,0.441,0.7,1.9,0.362,1.1,2.1,0.513,0.528,0.9,1.2,0.744,0.3,1.4,1.7,0.9,0.2,0.1,0.5,1.4,5
31195,2024,4382,Buddy Hield,NA,SF,31,8,NBA,IND,48,27,25.9,4.5,10.1,0.443,2.7,7,0.388,1.8,3.1,0.567,0.577,0.6,0.7,0.848,0.7,2.6,3.3,2.7,0.8,0.6,1.3,2,12.3
31196,2024,4154,CJ McCollum,NA,PG,32,11,NBA,NOP,34,34,32,6.9,14.7,0.465,3.4,7.8,0.436,3.5,7,0.498,0.58,2,2.5,0.802,0.6,3.6,4.2,4.7,1.1,0.9,1.7,2.1,19.1
31197,2024,4912,Cade Cunningham,NA,PG,22,3,NBA,DET,38,38,34.4,8.5,18.9,0.449,1.9,5.4,0.343,6.6,13.4,0.492,0.499,3.8,4.5,0.859,0.4,3.6,4,7.4,1,0.3,3.8,2.8,22.7
31198,2024,5034,Caleb Houstan,NA,SF,21,2,NBA,ORL,36,7,15.6,1.6,4.1,0.383,1.4,3.9,0.36,0.2,0.3,0.7,0.55,0.5,0.6,0.773,0.6,1.1,1.7,0.6,0.3,0,0.4,1.2,5
31199,2024,4696,Caleb Martin,NA,SF,28,5,NBA,MIA,31,12,26.3,3.9,8.8,0.445,1.2,3.1,0.381,2.7,5.6,0.48,0.513,1.4,1.8,0.764,1.2,3.5,4.7,2.1,0.7,0.3,1.2,2,10.4
31200,2024,4697,Cam Reddish,NA,SF,24,5,NBA,LAL,35,26,23.3,2.4,5.9,0.405,0.9,2.7,0.337,1.5,3.1,0.464,0.483,1,1.3,0.783,0.5,1.9,2.4,1.3,1.2,0.3,0.9,1.6,6.7
31201,2024,4913,Cam Thomas,NA,SG,22,3,NBA,BRK,38,23,28.9,7.7,17.1,0.449,1.9,5.4,0.358,5.8,11.7,0.491,0.505,3.9,4.7,0.827,0.3,2.4,2.7,2.4,0.6,0.3,1.8,1.9,21.2
31202,2024,5121,Cam Whitmore,NA,SF,19,1,NBA,HOU,24,1,16.5,4.1,8.5,0.483,1.6,4,0.396,2.5,4.5,0.56,0.576,1.4,2.1,0.66,0.7,3.1,3.8,0.4,0.6,0.3,0.6,1.3,11.2
31203,2024,4698,Cameron Johnson,NA,PF,27,5,NBA,BRK,38,38,28.4,5.2,11.3,0.457,2.5,6.1,0.405,2.7,5.2,0.518,0.566,1.2,1.6,0.738,1.1,3.5,4.6,2.6,0.8,0.2,0.9,1.9,14
31204,2024,4311,Cameron Payne,NA,PG,29,9,NBA,MIL,44,2,15,2.2,4.8,0.459,1.1,2.8,0.403,1,1.9,0.541,0.579,0.8,0.9,0.875,0.1,1.1,1.2,2.3,0.4,0.1,0.7,1.6,6.3
31205,2024,4383,Caris LeVert,NA,SG,29,8,NBA,CLE,35,1,28.4,5.5,13.2,0.421,1.9,5.5,0.339,3.7,7.7,0.48,0.491,2.5,3.3,0.757,0.5,3,3.5,4.1,1,0.4,1.5,1.7,15.4
31206,2024,5122,Cason Wallace,NA,SG,20,1,NBA,OKC,48,7,21,2.6,5.1,0.508,1.1,2.6,0.421,1.5,2.5,0.602,0.617,0.4,0.5,0.833,0.6,1.6,2.3,1.4,0.7,0.4,0.5,1.8,6.7
31207,2024,4479,Cedi Osman,NA,SF,28,7,NBA,SAS,48,1,18.2,2.8,5.8,0.486,1.2,3.2,0.373,1.6,2.6,0.626,0.589,0.6,1,0.674,0.4,2.2,2.6,1.9,0.5,0.1,0.6,1.5,7.4
31208,2024,4917,Charles Bassey,NA,C,23,3,NBA,SAS,19,0,10.8,1.5,2.1,0.725,0,0.1,0,1.5,2.1,0.744,0.725,0.3,0.3,0.833,1.2,2.8,4,1.1,0.4,0.9,0.8,1.6,3.3
31209,2024,4700,Charlie Brown Jr.,NA,SG,26,4,NBA,NYK,4,0,1.5,0.3,1,0.25,0.3,0.8,0.333,0,0.3,0,0.375,0,0,NA,0,0,0,0,0,0.3,0.5,0.3,0.8
31210,2024,5123,Chet Holmgren,NA,C,21,1,NBA,OKC,48,48,30.1,6.4,11.9,0.533,1.6,4.1,0.382,4.8,7.8,0.614,0.6,2.4,3.2,0.77,1.5,6.1,7.6,2.7,0.6,2.6,1.7,2.5,16.7
31211,2024,4597,Chimezie Metu,NA,C,26,6,NBA,PHO,36,5,12.2,1.8,3.5,0.508,0.4,1.4,0.294,1.4,2.1,0.653,0.567,1.1,1.2,0.884,0.6,2.3,3,0.5,0.5,0.3,0.7,1.1,5
31212,2024,4481,Chris Boucher,NA,PF,31,7,NBA,TOR,44,0,14,2.1,4.4,0.477,0.6,2,0.326,1.5,2.4,0.598,0.549,1.3,1.8,0.753,1.2,2.8,4,0.4,0.3,0.4,0.5,1.4,6.1
31213,2024,4919,Chris Duarte,NA,SF,26,3,NBA,SAC,35,11,13.2,1.3,3.6,0.36,0.6,1.9,0.313,0.7,1.7,0.414,0.444,0.5,0.7,0.75,0.4,1.5,1.8,0.9,0.5,0.1,0.6,1.7,3.7
31214,2024,5124,Chris Livingston,NA,SF,20,1,NBA,MIL,13,0,4.5,0.5,1,0.538,0.1,0.1,1,0.5,0.9,0.5,0.577,0.2,0.2,1,0.2,0.8,1,0.3,0.2,0,0.2,0.5,1.3
31215,2024,3585,Chris Paul,NA,PG,38,19,NBA,GSW,32,11,27.6,3.3,7.7,0.424,1.3,3.7,0.361,1.9,3.9,0.484,0.512,1.1,1.3,0.833,0.3,3.5,3.8,7.2,1.1,0.1,1.2,1.8,8.9
31216,2024,5036,Christian Braun,NA,SG,22,2,NBA,DEN,49,0,18.8,2.6,5.8,0.449,0.7,1.9,0.363,1.9,4,0.49,0.507,1.2,1.7,0.732,0.8,2.8,3.6,1.4,0.4,0.4,0.7,1.5,7.1
31217,2024,4313,Christian Wood,NA,PF,28,8,NBA,LAL,43,1,18.2,2.5,5.3,0.474,0.7,2.3,0.313,1.8,3,0.595,0.541,1.3,2,0.69,0.8,4.6,5.4,1.1,0.3,0.7,1.1,1.5,7.1
31218,2024,4817,Chuma Okeke,NA,SF,25,4,NBA,ORL,29,8,12.7,1.2,3.3,0.379,0.8,2.4,0.31,0.5,0.8,0.583,0.495,0.1,0.2,0.4,0.6,1.8,2.4,0.6,0.2,0.2,0.4,0.6,3.3
31219,2024,4230,Clint Capela,NA,C,29,10,NBA,ATL,45,45,25.8,4.8,8.3,0.572,0,0,NA,4.8,8.3,0.572,0.572,1.8,2.8,0.654,4.7,5.7,10.5,1,0.6,1.6,0.9,2.5,11.4
31220,2024,4703,Coby White,NA,PG,23,5,NBA,CHI,49,49,36,6.8,14.8,0.461,2.8,7.1,0.391,4,7.7,0.525,0.554,2.6,3.2,0.815,0.5,4.1,4.7,5.1,0.7,0.3,2.1,2.3,19
31221,2024,4704,Cody Martin,NA,SF,28,5,NBA,CHO,16,10,26.2,2.8,7.6,0.364,1,3,0.333,1.8,4.6,0.384,0.43,0.8,1.4,0.522,0.8,2.5,3.3,3.1,1.2,0.7,1.4,1.9,7.3
31222,2024,4155,Cody Zeller,NA,C,31,11,NBA,NOP,33,0,8.3,0.6,1.5,0.392,0,0.1,0.333,0.6,1.5,0.396,0.402,0.6,1.1,0.6,1.1,1.6,2.7,1,0.2,0.1,0.3,1.2,1.9
31223,2024,5125,Colby Jones,NA,SG,21,1,NBA,SAC,15,0,7.3,1.1,2.8,0.381,0.1,0.9,0.077,1,1.9,0.517,0.393,0.1,0.2,0.667,0.6,0.8,1.4,0.6,0.3,0.1,0.3,1,2.3
31224,2024,4819,Cole Anthony,NA,PG,23,4,NBA,ORL,47,0,23.8,4.2,9.9,0.429,1.1,3.5,0.323,3.1,6.4,0.487,0.486,3,3.5,0.842,0.9,3.1,4.1,3.3,0.8,0.4,1.8,2.6,12.6
31225,2024,5038,Cole Swider,NA,SF,24,2,NBA,MIA,9,0,4.9,1,2.3,0.429,0.6,1.7,0.333,0.4,0.7,0.667,0.548,0,0,NA,0.1,0.1,0.2,0.3,0.1,0.1,0.3,0.2,2.6
31226,2024,5126,Colin Castleton,NA,C,23,1,NBA,LAL,5,0,6.4,1.2,1.8,0.667,0,0,NA,1.2,1.8,0.667,0.667,0.8,0.8,1,0.8,1,1.8,0.6,0,0,0.2,1.2,3.2
31227,2024,5127,Collin Gillespie,NA,PG,24,1,NBA,DEN,14,0,6.9,0.8,1.7,0.458,0.3,0.9,0.308,0.5,0.8,0.636,0.542,0.3,0.4,0.8,0.1,0.3,0.4,0.6,0.4,0,0.4,0.9,2.1
31228,2024,4599,Collin Sexton,NA,SG,25,6,NBA,UTA,49,26,24.3,5.9,12.2,0.483,1.5,3.9,0.38,4.4,8.3,0.532,0.544,4.1,4.6,0.877,0.9,1.7,2.6,4.4,0.7,0.2,1.8,2,17.4
31229,2024,4920,Corey Kispert,NA,SF,24,3,NBA,WAS,46,1,21.7,4,8.3,0.479,1.9,5.2,0.364,2.1,3.2,0.669,0.592,1.4,1.8,0.768,0.3,1.9,2.2,1.5,0.3,0.2,1,1.5,11.3
31230,2024,3992,Cory Joseph,NA,PG,32,13,NBA,GSW,25,0,11.6,0.8,2.4,0.333,0.4,1.6,0.282,0.4,0.8,0.429,0.425,0.2,0.3,0.571,0.2,0.9,1.2,1.6,0.2,0.1,0.5,1,2.2
31231,2024,5128,Craig Porter Jr.,NA,PG,23,1,NBA,CLE,29,5,15.9,2.9,5.7,0.512,0.2,0.7,0.333,2.7,4.9,0.538,0.534,1.1,1.6,0.696,0.5,2.2,2.7,3.1,0.6,0.4,1.1,1,7.1
31232,2024,4317,D'Angelo Russell,NA,PG,27,9,NBA,LAL,45,38,30.7,6.3,13.4,0.474,2.6,6.1,0.417,3.8,7.2,0.523,0.57,1.8,2.3,0.798,0.4,2.2,2.6,6.1,0.8,0.5,2,2,17.1
31233,2024,5129,D'Moi Hodge,NA,SG,25,1,NBA,LAL,7,0,5.9,0.7,2.1,0.333,0.4,1.7,0.25,0.3,0.4,0.667,0.433,0.1,0.3,0.5,0,0,0,0.7,0.1,0.1,0.1,0.6,2
31234,2024,4706,DaQuan Jeffries,NA,SG,26,4,NBA,NYK,10,0,3,0.5,1.2,0.417,0.1,0.5,0.2,0.4,0.7,0.571,0.458,0,0.2,0,0,0.5,0.5,0.2,0,0,0.1,0.2,1.1
31235,2024,4922,Daishen Nix,NA,PG,21,3,NBA,MIN,6,0,3.5,0.5,1.3,0.375,0.3,0.8,0.4,0.2,0.5,0.333,0.5,0,0.3,0,0,0.2,0.2,0,0.2,0,0,0,1.3
31236,2024,4923,Dalano Banton,NA,PG,24,3,NBA,BOS,22,1,7.4,0.9,2.1,0.404,0.1,0.6,0.143,0.8,1.5,0.515,0.426,0.6,0.8,0.778,0.5,1,1.5,0.7,0.2,0.1,0.5,0.9,2.5
31237,2024,5039,Dalen Terry,NA,SG,21,2,NBA,CHI,32,1,9.7,0.8,2.1,0.373,0.3,1.2,0.211,0.5,0.9,0.586,0.433,0.5,0.7,0.727,0.3,1.3,1.6,1.2,0.3,0.3,0.5,1.2,2.3
31238,2024,4387,Damian Jones,NA,C,28,8,NBA,CLE,20,0,6.3,0.8,1.4,0.536,0.1,0.4,0.286,0.7,1.1,0.619,0.571,0.4,0.4,0.875,0.4,0.9,1.3,0.4,0.2,0.3,0.3,0.7,2
31239,2024,4077,Damian Lillard,NA,PG,33,12,NBA,MIL,45,45,35.3,7.4,17.6,0.422,3,8.6,0.343,4.4,8.9,0.498,0.506,7.4,8,0.925,0.6,3.7,4.3,6.8,1.1,0.2,2.5,1.6,25.1
31240,2024,4705,Daniel Gafford,NA,C,25,5,NBA,WAS,42,42,26.2,4.4,6.4,0.693,0,0,NA,4.4,6.4,0.693,0.693,1.9,2.7,0.708,2.8,5,7.8,1.6,1,2.1,1,3.3,10.7
31241,2024,4487,Daniel Theis,NA,C,31,7,NBA,TOT,36,1,17.3,2.6,4.9,0.534,0.4,1,0.405,2.2,3.9,0.567,0.576,0.8,1.1,0.718,1.6,2.1,3.6,1,0.5,0.9,0.7,2.4,6.5
31242,2024,4487,Daniel Theis,NA,C,31,7,NBA,IND,1,0,8,1,4,0.25,0,1,0,1,3,0.333,0.25,0,0,NA,0,0,0,0,0,0,0,1,2
31243,2024,4487,Daniel Theis,NA,C,31,7,NBA,LAC,35,1,17.5,2.7,5,0.54,0.4,1,0.417,2.3,3.9,0.572,0.583,0.8,1.1,0.718,1.6,2.1,3.7,1,0.5,0.9,0.7,2.4,6.6
31244,2024,3807,Danilo Gallinari,NA,PF-SF,35,14,NBA,TOT,29,0,14.9,2.3,5,0.465,0.9,2.4,0.371,1.4,2.6,0.554,0.556,2,2.4,0.841,0.4,2.4,2.9,1.3,0.2,0.1,0.4,1,7.5
31245,2024,3807,Danilo Gallinari,NA,PF,35,14,NBA,WAS,26,0,14.8,2.2,5,0.435,0.8,2.5,0.313,1.4,2.6,0.552,0.511,1.8,2.2,0.839,0.5,2.5,2.9,1.2,0.2,0.1,0.5,1,7
31246,2024,3807,Danilo Gallinari,NA,SF,35,14,NBA,DET,3,0,16,3.3,4.3,0.769,2,2,1,1.3,2.3,0.571,1,3.7,4.3,0.846,0,2.3,2.3,2.3,0.3,0,0,1,12.3
31247,2024,3867,Danny Green,NA,SG,36,15,NBA,PHI,2,0,9,0,1,0,0,0.5,0,0,0.5,0,0,0,0,NA,0,1,1,0.5,0.5,0,0,0.5,0
31248,2024,4233,Dante Exum,NA,PG,28,7,NBA,DAL,32,14,19.7,3.6,6.3,0.571,1,2,0.477,2.7,4.3,0.616,0.648,1,1.4,0.727,0.6,2.2,2.8,2.8,0.6,0.2,0.8,1.6,9.2
31249,2024,4389,Danuel House Jr.,NA,SF,30,8,NBA,PHI,31,1,14.8,1.3,3,0.441,0.5,1.5,0.326,0.8,1.5,0.553,0.522,1,1.3,0.732,0.4,1.1,1.5,0.8,0.5,0.1,0.6,1.2,4.1
31250,2024,4390,Dario Šarić,NA,C,29,7,NBA,GSW,44,9,20.5,3.5,7.4,0.481,1.5,3.8,0.412,2,3.6,0.553,0.586,1.6,1.9,0.854,1.4,4,5.5,2.6,0.6,0.2,1.3,2.2,10.2
31251,2024,5130,Dariq Whitehead,NA,SF,19,1,NBA,BRK,2,0,12,0.5,2.5,0.2,0,1.5,0,0.5,1,0.5,0.2,0.5,1,0.5,0,2,2,1.5,0,0.5,0,0,1.5
31252,2024,4708,Darius Garland,NA,PG,24,5,NBA,CLE,21,21,33.3,7.5,15.9,0.474,1.8,5.2,0.345,5.7,10.6,0.538,0.532,3.8,4.5,0.84,0.6,2,2.6,5.8,1.6,0.2,3.7,1.5,20.6
31253,2024,5041,David Roddy,NA,PF,22,2,NBA,MEM,44,12,23,3.1,7.7,0.404,1,3.2,0.305,2.1,4.5,0.474,0.467,0.9,1.3,0.707,1.1,3,4.2,1.5,0.5,0.3,1,1.4,8.1
31254,2024,4926,Davion Mitchell,NA,PG,25,3,NBA,SAC,36,3,12.5,1.4,3.6,0.377,0.5,1.9,0.269,0.9,1.8,0.492,0.446,0.4,0.5,0.737,0.2,0.8,1,1.7,0.2,0.1,0.6,1.2,3.6
31255,2024,4927,Day'Ron Sharpe,NA,C,22,3,NBA,BRK,37,1,16,3,5.2,0.575,0,0.2,0.143,3,5,0.591,0.578,1.5,2.4,0.614,2.8,4.2,7,1.4,0.5,0.9,1,2.3,7.5
31256,2024,4489,De'Aaron Fox,NA,PG,26,7,NBA,SAC,40,40,35.6,9.6,20.6,0.467,3,7.9,0.38,6.6,12.7,0.521,0.539,4.9,6.8,0.724,0.9,3.2,4.1,5.5,1.6,0.4,2.5,2.5,27.2
31257,2024,4709,De'Andre Hunter,NA,SF,26,5,NBA,ATL,25,24,29.7,5,10.8,0.459,1.9,4.8,0.403,3,6,0.503,0.548,2.7,3,0.907,0.6,3.4,4,1.4,0.8,0.4,1.6,2.9,14.6
31258,2024,4602,De'Anthony Melton,NA,SG,25,6,NBA,PHI,33,33,29.1,3.9,9.9,0.393,2.1,5.8,0.363,1.8,4.1,0.437,0.5,1.9,2.3,0.827,0.8,3.2,4,3.2,1.6,0.5,1.2,2.4,11.8
31259,2024,3810,DeAndre Jordan,NA,C,35,16,NBA,DEN,24,1,12.2,1.7,2.7,0.641,0,0,NA,1.7,2.7,0.641,0.641,0.9,2,0.447,1.7,3.1,4.8,0.8,0.2,0.5,0.8,1.8,4.3
31260,2024,3872,DeMar DeRozan,NA,SF,34,15,NBA,CHI,47,47,37.3,7.7,16.4,0.467,1,2.9,0.336,6.7,13.6,0.495,0.496,5.7,6.7,0.842,0.6,3.5,4,5.3,1.1,0.7,1.5,2.1,22
31261,2024,4710,Dean Wade,NA,PF,27,5,NBA,CLE,38,29,21.9,1.9,4.6,0.416,1.6,3.9,0.399,0.3,0.7,0.52,0.587,0.4,0.5,0.789,0.9,3.6,4.4,0.8,0.9,0.3,0.5,2,5.7
31262,2024,4603,Deandre Ayton,NA,C,25,6,NBA,POR,32,32,31.8,6.3,11.3,0.551,0,0,NA,6.3,11.3,0.551,0.551,1.1,1.4,0.795,3.1,7.4,10.5,1.6,1,0.7,1.8,2.3,13.6
31263,2024,4394,Dejounte Murray,NA,SG,27,7,NBA,ATL,46,46,34.8,8.3,17.6,0.472,2.3,6.1,0.383,5.9,11.4,0.519,0.538,2.6,3.1,0.832,0.7,4.3,5,5.2,1.3,0.3,2.3,1.7,21.5
31264,2024,4320,Delon Wright,NA,PG,31,9,NBA,WAS,26,0,15.6,1.6,4.2,0.385,0.5,1.3,0.364,1.2,2.9,0.395,0.44,0.8,1,0.815,0.4,1.6,2,2.8,1.2,0.2,0.4,0.8,4.5
31265,2024,4823,Deni Avdija,NA,SF,23,4,NBA,WAS,47,47,27.4,4.6,9.2,0.5,1,2.6,0.38,3.6,6.6,0.547,0.553,2.2,2.9,0.759,1,5.2,6.1,3.9,0.9,0.4,1.8,2.5,12.4
31266,2024,4157,Dennis Schröder,NA,PG,30,11,NBA,TOR,47,33,31,5,11.1,0.45,1.5,4.3,0.353,3.5,6.8,0.511,0.518,2.5,2.9,0.853,0.4,2.3,2.7,6.3,0.9,0.1,1.7,2.1,13.9
31267,2024,4490,Dennis Smith Jr.,NA,PG,26,7,NBA,BRK,32,1,19.6,2.9,6.6,0.434,0.5,1.9,0.267,2.4,4.8,0.5,0.472,0.9,1.1,0.806,1,2.3,3.3,4,1.2,0.2,1.2,2.4,7.2
31268,2024,5131,Dereck Lively II,NA,C,19,1,NBA,DAL,36,35,26,4.2,5.6,0.739,0,0.1,0,4.2,5.6,0.746,0.739,0.9,1.6,0.544,2.9,5,7.9,1.3,0.6,1.4,1.2,3.1,9.2
31269,2024,5042,Dereon Seabron,NA,SG,23,2,NBA,NOP,5,0,10.4,0.8,2.6,0.308,0.2,0.4,0.5,0.6,2.2,0.273,0.346,1,1.2,0.833,0.2,1.2,1.4,0.8,0.4,0.2,0,0.8,2.8
31270,2024,4397,Derrick Jones Jr.,NA,SF,26,8,NBA,DAL,43,42,25.8,3.7,7.7,0.486,1.4,3.9,0.349,2.3,3.7,0.631,0.576,1.3,1.8,0.737,1.2,2.4,3.6,1,0.8,0.8,1,1.9,10.1
31271,2024,3812,Derrick Rose,NA,PG,35,15,NBA,MEM,17,7,17.9,3.3,7.5,0.438,0.6,1.9,0.333,2.6,5.6,0.474,0.48,1.1,1.2,0.905,0.4,1.4,1.8,3.4,0.4,0.1,1.3,1.1,8.4
31272,2024,4492,Derrick White,NA,SG,29,7,NBA,BOS,44,44,32.1,5.4,11.8,0.458,2.7,6.7,0.4,2.7,5.1,0.533,0.571,2.3,2.6,0.895,0.7,3.3,4,4.7,1,1.2,1.6,2.2,15.8
31273,2024,4824,Desmond Bane,NA,SG,25,4,NBA,MEM,37,37,34.5,8.9,18.8,0.474,3.3,8.6,0.384,5.6,10.2,0.551,0.563,3.3,3.8,0.864,0.9,3.6,4.6,5.3,1,0.5,2.7,2.9,24.4
31274,2024,4321,Devin Booker,NA,PG,27,9,NBA,PHO,39,39,36.2,9.9,19.8,0.502,2.3,5.9,0.388,7.6,13.9,0.551,0.56,6.1,6.9,0.878,0.7,4.2,4.9,7.3,0.9,0.4,2.7,3,28.3
31275,2024,4826,Devin Vassell,NA,SG,23,4,NBA,SAS,43,37,31.4,6.7,14.5,0.466,2.4,6.7,0.361,4.3,7.8,0.557,0.55,2.5,3.1,0.799,0.4,3.2,3.6,3.6,1.1,0.2,1.4,1.1,18.4
31276,2024,4607,Devonte' Graham,NA,PG,28,6,NBA,SAS,10,0,8.8,1.1,2.8,0.393,0.7,2,0.35,0.4,0.8,0.5,0.518,0.6,0.8,0.75,0.2,1.1,1.3,1.9,0.3,0.1,0.3,0.4,3.5
31277,2024,5132,Dexter Dennis,NA,SG,24,1,NBA,DAL,4,0,7.5,2.5,4.8,0.526,0.3,2,0.125,2.3,2.8,0.818,0.553,0.3,0.8,0.333,0.3,2,2.3,1,0,0.3,0.8,0.3,5.5
31278,2024,4494,Dillon Brooks,NA,SF,28,7,NBA,HOU,38,38,31.4,5.1,11,0.46,1.9,4.9,0.389,3.2,6.1,0.517,0.547,1.9,2.3,0.837,0.7,2.7,3.4,1.6,0.9,0.1,1.5,3.7,13.9
31279,2024,5133,Dmytro Skapintsev,NA,C,25,1,NBA,NYK,2,0,1,0,0.5,0,0,0,NA,0,0.5,0,0,0,0,NA,0,0,0,0,0,0,0,0,0
31280,2024,4400,Domantas Sabonis,NA,C,27,8,NBA,SAC,46,46,35.4,8,13,0.616,0.5,1.1,0.451,7.5,11.9,0.632,0.636,3.4,5,0.68,3.3,9.8,13,8,0.8,0.5,3.3,3.2,19.9
31281,2024,5043,Dominick Barlow,NA,PF,20,2,NBA,SAS,22,1,13.4,1.8,3.6,0.494,0.1,0.3,0.429,1.6,3.3,0.5,0.513,0.8,1.3,0.607,1.2,2.2,3.4,1.2,0.4,0.5,0.2,1.5,4.5
31282,2024,4495,Donovan Mitchell,NA,SG,27,7,NBA,CLE,36,36,35.6,9.9,21.2,0.465,3.2,9.2,0.348,6.7,12.1,0.553,0.54,5.3,6.2,0.86,1,4.4,5.5,6.4,1.9,0.5,2.8,2.2,28.2
31283,2024,4608,Donte DiVincenzo,NA,SG,27,6,NBA,NYK,48,30,23,4.2,9.2,0.459,2.8,6.6,0.426,1.4,2.6,0.545,0.613,0.9,1.3,0.733,0.8,2.4,3.2,2.3,1.1,0.3,1.1,1.9,12.2
31284,2024,4401,Dorian Finney-Smith,NA,PF,30,8,NBA,BRK,42,31,28.8,3.3,8.1,0.412,2.1,5.5,0.383,1.2,2.6,0.473,0.541,0.3,0.5,0.7,1.7,3.1,4.8,1.4,0.7,0.6,0.8,2.2,9.1
31285,2024,4237,Doug McDermott,NA,SF,32,10,NBA,SAS,43,0,15.3,2.1,4.7,0.441,1.7,3.8,0.438,0.4,0.9,0.45,0.616,0.2,0.4,0.588,0.2,0.9,1,1.3,0.2,0,0.6,1,6
31286,2024,4085,Draymond Green,NA,PF,33,12,NBA,GSW,20,17,26.5,3.3,6.7,0.485,1.2,2.8,0.418,2.1,4,0.532,0.571,1.7,2.1,0.805,1.2,4.8,6,6.1,0.8,0.8,2.4,3.2,9.3
31287,2024,4610,Drew Eubanks,NA,C,26,6,NBA,PHO,42,3,16.1,2.3,3.7,0.63,0.1,0.1,1,2.2,3.6,0.623,0.64,1,1.4,0.741,1.4,2.9,4.3,1,0.3,0.8,1,1.7,5.7
31288,2024,5134,Drew Peterson,NA,PF,24,1,NBA,BOS,1,0,3,1,1,1,1,1,1,0,0,NA,1.5,0,0,NA,0,0,0,1,0,0,0,1,3
31289,2024,5045,Dru Smith,NA,SG,26,2,NBA,MIA,9,0,14.6,1.7,3.7,0.455,0.8,1.9,0.412,0.9,1.8,0.5,0.561,0.2,0.2,1,0.7,0.9,1.6,1.6,1,0.3,0.6,1.3,4.3
31290,2024,4611,Duncan Robinson,NA,SF,29,6,NBA,MIA,45,17,27.5,4.6,10.1,0.452,2.8,6.8,0.404,1.8,3.3,0.55,0.588,1.3,1.5,0.879,0.2,2.2,2.5,2.8,0.6,0.2,1.4,2.3,13.2
31291,2024,5135,Duop Reath,NA,C,27,1,NBA,POR,36,11,17.6,3.4,7.1,0.475,1.4,3.6,0.374,2,3.4,0.581,0.571,1,1.3,0.783,1.4,2.5,3.9,1.2,0.5,0.5,0.8,2.5,9.1
31292,2024,4239,Dwight Powell,NA,C,32,10,NBA,DAL,41,8,15.6,1.5,2.1,0.709,0,0,0.5,1.5,2,0.714,0.715,1.4,1.9,0.727,1.8,2,3.8,1.7,0.5,0.4,0.6,2.1,4.4
31293,2024,4829,Dylan Windler,NA,SF,27,4,NBA,TOT,5,0,3.2,0.8,1.4,0.571,0.8,1.2,0.667,0,0.2,0,0.857,0,0,NA,0,0.4,0.4,0.6,0,0,0,0.4,2.4
31294,2024,4829,Dylan Windler,NA,SF,27,4,NBA,NYK,3,0,2.3,0.3,0.7,0.5,0.3,0.7,0.5,0,0,NA,0.75,0,0,NA,0,0.3,0.3,0.3,0,0,0,0.3,1
31295,2024,4829,Dylan Windler,NA,SF,27,4,NBA,LAL,2,0,4.5,1.5,2.5,0.6,1.5,2,0.75,0,0.5,0,0.9,0,0,NA,0,0.5,0.5,1,0,0,0,0.5,4.5
31296,2024,5046,Dyson Daniels,NA,PG,20,2,NBA,NOP,48,15,21.8,2.1,4.9,0.43,0.6,2.1,0.284,1.5,2.8,0.541,0.492,0.6,1,0.646,1,2.7,3.7,2.6,1.3,0.4,1,1.6,5.5
31297,2024,4392,Dāvis Bertāns,NA,PF,31,8,NBA,OKC,15,0,6.1,0.7,1.7,0.385,0.7,1.6,0.417,0,0.1,0,0.577,0.9,1,0.933,0.1,0.5,0.7,0.6,0.2,0.2,0.1,0.7,2.9
31298,2024,5136,E.J. Liddell,NA,PF,23,1,NBA,NOP,8,0,2.9,0.1,0.8,0.167,0,0.6,0,0.1,0.1,1,0.167,0.3,0.3,1,0,0.6,0.6,0.1,0.3,0.3,0.3,0.3,0.5
31299,2024,5137,Emoni Bates,NA,SF,20,1,NBA,CLE,10,0,7.6,0.6,2.5,0.24,0.5,2,0.25,0.1,0.5,0.2,0.34,0.1,0.2,0.5,0.1,0.9,1,0.6,0.1,0.2,0.1,0.5,1.8
31300,2024,3815,Eric Gordon,NA,SG,35,16,NBA,PHO,40,20,30.3,4.7,10.4,0.454,2.6,6.7,0.383,2.2,3.8,0.58,0.577,0.8,1,0.78,0.3,1.8,2.2,2.4,1,0.5,1.3,1.3,12.8
31301,2024,4930,Eugene Omoruyi,NA,SF,26,3,NBA,WAS,19,0,5.8,1.7,2.9,0.582,0.3,0.9,0.294,1.4,2,0.711,0.627,0.8,1.1,0.762,0.6,0.9,1.5,0.6,0.5,0.1,0.5,1.1,4.5
31302,2024,4086,Evan Fournier,NA,SG,31,12,NBA,NYK,3,0,13,1.3,6.7,0.2,0.7,5,0.133,0.7,1.7,0.4,0.25,0.7,0.7,1,0,1.3,1.3,1,1.3,0,0.3,1.3,4
31303,2024,4931,Evan Mobley,NA,PF,22,3,NBA,CLE,23,23,32.5,6.5,11.4,0.573,0.1,0.5,0.182,6.4,10.9,0.59,0.576,2.3,2.9,0.776,2.5,7.6,10.1,2.8,0.8,1.5,2.2,2.8,15.4
31304,2024,5138,Filip Petrušev,NA,C,23,1,NBA,TOT,3,0,3.3,0.3,0.7,0.5,0,0,NA,0.3,0.7,0.5,0.5,0.3,0.7,0.5,0,0.3,0.3,0,0,0,0,0.3,1
31305,2024,5138,Filip Petrušev,NA,C,23,1,NBA,PHI,1,0,3,0,0,NA,0,0,NA,0,0,NA,NA,0,0,NA,0,1,1,0,0,0,0,0,0
31306,2024,5138,Filip Petrušev,NA,C,23,1,NBA,SAC,2,0,3.5,0.5,1,0.5,0,0,NA,0.5,1,0.5,0.5,0.5,1,0.5,0,0,0,0,0,0,0,0.5,1.5
31307,2024,4500,Frank Ntilikina,NA,PG,25,7,NBA,CHO,5,0,8.6,0.2,1.8,0.111,0.2,1.6,0.125,0,0.2,0,0.167,0.4,0.4,1,0.2,1,1.2,0.8,0,0,0.2,0.8,1
31308,2024,4933,Franz Wagner,NA,SF,22,3,NBA,ORL,40,40,33,7.5,16.1,0.467,1.6,5,0.313,6,11.1,0.535,0.515,3.8,4.5,0.855,1.1,4.6,5.8,4,1.1,0.3,2,2.4,20.4
31309,2024,4403,Fred VanVleet,NA,PG,29,8,NBA,HOU,45,45,37.1,5.6,13.7,0.408,2.9,7.8,0.373,2.7,5.9,0.455,0.515,2.7,3.1,0.858,0.4,3.4,3.8,8.4,1.1,0.9,1.6,2.2,16.8
31310,2024,4501,Furkan Korkmaz,NA,SG,26,7,NBA,PHI,31,0,7.7,0.8,2,0.403,0.4,1.1,0.364,0.4,0.9,0.448,0.5,0.4,0.5,0.688,0,0.6,0.6,0.7,0.4,0,0.3,0.5,2.4
31311,2024,4717,Gabe Vincent,NA,PG,27,5,NBA,LAL,5,0,25.4,2.4,6.4,0.375,0.4,3.4,0.118,2,3,0.667,0.406,0.2,0.4,0.5,0.4,0.6,1,3,1.2,0,0.4,2.4,5.4
31312,2024,3877,Garrett Temple,NA,SG,37,14,NBA,TOR,13,0,3.8,0.5,1.2,0.4,0.2,0.5,0.333,0.3,0.7,0.444,0.467,0.3,0.3,1,0.3,0.5,0.8,0.5,0.2,0,0.2,0.3,1.4
31313,2024,4718,Garrison Mathews,NA,SG,27,5,NBA,ATL,33,3,12.6,1.2,2.6,0.453,1.1,2.4,0.45,0.1,0.2,0.5,0.663,0.1,0.3,0.444,0.2,1,1.2,0.5,0.2,0.1,0.5,1.7,3.6
31314,2024,4245,Gary Harris,NA,SG,29,10,NBA,ORL,27,6,22.8,2.4,5.7,0.429,1.3,4,0.333,1.1,1.7,0.652,0.545,0.9,1.1,0.774,0.5,1.2,1.7,1.9,0.9,0.2,0.5,1.7,7.1
31315,2024,4404,Gary Payton II,NA,SG,31,8,NBA,GSW,16,0,16.3,2.3,4.9,0.456,0.6,2,0.281,1.7,2.9,0.574,0.513,0.4,0.6,0.667,1,2,3,0.8,1.1,0.3,0.6,1.8,5.4
31316,2024,4618,Gary Trent Jr.,NA,SG,25,6,NBA,TOR,42,12,26.1,4.4,10.3,0.432,2.5,5.8,0.424,2,4.5,0.441,0.551,0.7,1,0.651,0.2,1.9,2.1,1.5,0.8,0.1,0.7,1.3,12
31317,2024,4405,Georges Niang,NA,PF,30,8,NBA,CLE,45,1,22.1,3.4,7.8,0.439,1.8,4.9,0.365,1.7,3,0.56,0.552,0.7,0.8,0.861,0.3,3.4,3.8,1.3,0.2,0.2,0.8,2.3,9.4
31318,2024,4164,Giannis Antetokounmpo,NA,PF,29,11,NBA,MIL,46,46,35.2,11.5,19,0.608,0.4,1.7,0.253,11.1,17.2,0.643,0.619,7.4,11.2,0.661,2.6,9,11.6,6.1,1.4,1.1,3.6,3,30.9
31319,2024,4719,Goga Bitadze,NA,C,24,5,NBA,ORL,41,31,19.7,2.7,4.4,0.615,0,0.2,0.2,2.6,4.1,0.639,0.62,1.1,1.7,0.676,2.3,3.7,6.1,1.6,0.7,1.5,0.8,2.2,6.5
31320,2024,3941,Gordon Hayward,NA,SF,33,14,NBA,CHO,25,25,31.9,5.6,11.9,0.468,0.9,2.4,0.361,4.7,9.4,0.496,0.505,2.5,3.2,0.765,1,3.7,4.7,4.6,1.1,0.5,2,1.8,14.5
31321,2024,5139,Gradey Dick,NA,SG,20,1,NBA,TOR,26,1,13.7,1.3,3.9,0.337,0.7,2.5,0.297,0.6,1.4,0.405,0.431,0.7,0.7,0.944,0.5,1.1,1.5,1.2,0.5,0,0.7,1.4,4
31322,2024,4720,Grant Williams,NA,PF,25,5,NBA,DAL,44,32,26.6,2.8,6.8,0.415,1.7,4.6,0.376,1.1,2.3,0.495,0.542,0.8,1.1,0.729,1,2.5,3.5,1.8,0.5,0.6,1,3,8.2
31323,2024,4620,Grayson Allen,NA,SG,28,6,NBA,PHO,42,42,33,4.5,8.6,0.515,2.7,5.4,0.498,1.8,3.3,0.543,0.669,1.7,1.9,0.886,0.7,3.4,4.1,2.8,0.9,0.6,1.4,2.1,13.2
31324,2024,4937,Greg Brown III,NA,PF,22,3,NBA,DAL,6,0,6.7,0.8,1.8,0.455,0.2,0.5,0.333,0.7,1.3,0.5,0.5,0.7,1.5,0.444,0.5,1,1.5,0.7,0,0.7,0.7,0.8,2.5
31325,2024,5140,Gregory Jackson II,NA,PF,19,1,NBA,MEM,15,0,15.5,2.7,5.7,0.482,1.4,3.1,0.457,1.3,2.6,0.513,0.606,1.5,2,0.733,0.7,2.1,2.9,0.7,0.4,0.5,0.6,1,8.3
31326,2024,5141,Gui Santos,NA,PF,21,1,NBA,GSW,6,0,5.8,0.7,1.8,0.364,0.2,1,0.167,0.5,0.8,0.6,0.409,1,1,1,0.8,1.2,2,0.3,0,0,0.3,0.5,2.5
31327,2024,4621,Hamidou Diallo,NA,SG,25,6,NBA,WAS,2,0,2.5,0.5,1,0.5,0,0,NA,0.5,1,0.5,0.5,0,0,NA,1,0,1,0.5,1,0,0.5,0.5,1
31328,2024,4089,Harrison Barnes,NA,PF,31,12,NBA,SAC,46,46,29.8,4,8.5,0.473,1.9,4.7,0.394,2.2,3.8,0.571,0.583,1.9,2.3,0.821,0.9,2.1,3,1.3,0.7,0.2,0.7,1.2,11.8
31329,2024,4622,Harry Giles,NA,C,25,4,NBA,BRK,15,0,4.9,1.3,2.5,0.5,0.1,0.7,0.2,1.1,1.9,0.607,0.526,0.4,0.7,0.545,0.7,0.8,1.5,0.3,0.1,0.2,0.4,0.8,3.1
31330,2024,4623,Haywood Highsmith,NA,PF,27,4,NBA,MIA,34,22,21.2,2.2,5,0.435,1.1,2.9,0.39,1,2.1,0.5,0.55,0.6,0.7,0.792,0.8,2.1,2.9,1.2,0.9,0.5,0.7,2,6.1
31331,2024,4939,Herbert Jones,NA,SF,25,3,NBA,NOP,44,44,28.5,3.9,7.9,0.494,1.4,3.5,0.396,2.5,4.4,0.573,0.582,1.8,2,0.856,1.1,2.5,3.6,2.5,1.1,0.9,1.2,2.8,10.9
31332,2024,5142,Hunter Tyson,NA,PF,23,1,NBA,DEN,9,0,3,0.1,0.8,0.143,0,0.7,0,0.1,0.1,1,0.143,0,0,NA,0,0.7,0.7,0.1,0,0,0.2,0.7,0.2
31333,2024,5143,Ibou Badji,NA,C,21,1,NBA,POR,12,1,13.6,0.8,1.3,0.6,0,0,NA,0.8,1.3,0.6,0.6,0.3,0.5,0.5,1.5,2.2,3.7,0.7,0.2,1.4,0.8,2.7,1.8
31334,2024,4837,Immanuel Quickley,NA,SG-PG,24,4,NBA,TOT,42,12,26.2,5.2,11.9,0.44,2.3,5.6,0.41,2.9,6.3,0.466,0.536,2.8,3.2,0.866,0.2,2.9,3.1,3.5,0.6,0.1,1.1,1.6,15.5
31335,2024,4837,Immanuel Quickley,NA,SG,24,4,NBA,NYK,30,0,24,5.1,11.2,0.454,2.1,5.4,0.395,2.9,5.8,0.509,0.549,2.7,3.1,0.872,0.2,2.4,2.6,2.5,0.5,0.1,1,1.5,15
31336,2024,4837,Immanuel Quickley,NA,PG,24,4,NBA,TOR,12,12,31.8,5.6,13.6,0.411,2.7,6,0.444,2.9,7.6,0.385,0.509,2.8,3.3,0.85,0.3,4.3,4.6,6.1,0.8,0.2,1.4,2,16.7
31337,2024,4838,Isaac Okoro,NA,SF,23,4,NBA,CLE,36,24,26.5,3.3,6.6,0.496,0.9,2.4,0.375,2.3,4.1,0.568,0.566,1.6,2.3,0.683,1.3,1.9,3.2,1.9,0.9,0.4,0.8,2.1,9
31338,2024,4627,Isaiah Hartenstein,NA,C,25,6,NBA,NYK,46,20,25.2,2.7,4.4,0.617,0,0.1,0.333,2.7,4.3,0.621,0.619,1.4,2,0.7,3.3,5.1,8.4,1.9,1.2,1.1,1.2,2.9,6.8
31339,2024,4940,Isaiah Jackson,NA,C,22,3,NBA,IND,36,1,13.4,2.8,4.1,0.664,0,0.1,0,2.8,4.1,0.678,0.664,1.3,1.8,0.697,1.5,2.6,4.1,0.9,0.6,1.2,0.7,2.8,6.8
31340,2024,4839,Isaiah Joe,NA,SG,24,4,NBA,OKC,47,0,18.8,3,6.4,0.462,2,4.8,0.424,0.9,1.6,0.571,0.62,0.7,0.8,0.842,0.4,2,2.4,1.1,0.6,0.3,0.6,1.2,8.6
31341,2024,4941,Isaiah Livers,NA,PF,25,3,NBA,DET,23,6,20.4,1.7,5,0.345,1,3.3,0.286,0.8,1.7,0.462,0.44,0.5,0.8,0.667,0.7,1.4,2.1,1.1,0.6,0.2,0.7,1.9,5
31342,2024,5047,Isaiah Mobley,NA,PF,24,2,NBA,CLE,3,0,4.7,0.7,1.3,0.5,0.3,0.7,0.5,0.3,0.7,0.5,0.625,0,0,NA,0,0.7,0.7,1.3,0.3,0,0.3,0.7,1.7
31343,2024,4840,Isaiah Stewart,NA,PF,22,4,NBA,DET,35,34,30.6,4.1,8.6,0.47,1.4,3.7,0.374,2.7,4.9,0.544,0.551,1.5,2,0.746,1.8,5,6.8,1.7,0.4,0.8,1.5,2.5,11
31344,2024,3946,Ish Smith,NA,PG,35,14,NBA,CHO,39,3,16.6,1.5,3.5,0.438,0.1,0.2,0.429,1.5,3.3,0.438,0.449,0.1,0.1,0.75,0.3,1.5,1.7,3.3,0.3,0.1,1.1,1.1,3.2
31345,2024,4943,Ish Wainright,NA,SF,29,3,NBA,POR,7,0,6.6,0.9,2.6,0.333,0.9,2.3,0.375,0,0.3,0,0.5,0.3,0.3,1,0,1.3,1.3,0,0.3,0.1,0.1,0.6,2.9
31346,2024,4410,Ivica Zubac,NA,C,26,8,NBA,LAC,38,38,27.1,5.3,8.1,0.655,0,0,NA,5.3,8.1,0.655,0.655,1.8,2.8,0.648,3.3,6.5,9.7,1.3,0.2,1.4,1.1,2.9,12.4
31347,2024,5062,JD Davison,NA,SG,21,2,NBA,BOS,2,0,3,0,0.5,0,0,0.5,0,0,0,NA,0,1,1,1,0.5,0.5,1,0,0,0,0,0,1
31348,2024,4972,JT Thor,NA,PF,21,3,NBA,CHO,38,1,14,1.3,3.5,0.358,0.5,1.6,0.322,0.8,2,0.387,0.429,0.2,0.3,0.538,1,1.6,2.6,0.4,0.2,0.4,0.3,1,3.2
31349,2024,4723,Ja Morant,NA,PG,24,5,NBA,MEM,9,9,35.3,8.9,18.9,0.471,1.6,5.7,0.275,7.3,13.2,0.555,0.512,5.8,7.1,0.813,0.7,4.9,5.6,8.1,0.8,0.6,3,2.1,25.1
31350,2024,3824,JaVale McGee,NA,C,36,16,NBA,SAC,36,0,8.2,2,3.1,0.649,0,0.1,0,2,3,0.667,0.649,0.7,1.1,0.61,1,2,3,0.4,0.3,0.5,0.9,1.1,4.7
31351,2024,5048,Jabari Smith Jr.,NA,PF,20,2,NBA,HOU,42,42,31.5,5,10.5,0.472,1.7,4.5,0.374,3.3,6.1,0.543,0.551,1.8,2.2,0.809,1.9,6.6,8.5,1.5,0.6,0.8,1.2,2.8,13.4
31352,2024,5049,Jabari Walker,NA,SF,21,2,NBA,POR,44,10,21.4,3,6.3,0.477,0.6,2,0.299,2.4,4.4,0.557,0.523,1.8,2.4,0.752,1.9,4.5,6.3,0.9,0.7,0.4,1,2.3,8.4
31353,2024,5051,Jacob Gilyard,NA,PG,25,2,NBA,MEM,30,10,16.1,1.3,3.3,0.394,1.1,2.7,0.407,0.2,0.6,0.333,0.561,0,0,1,0.2,0.8,1,3.2,0.6,0.1,0.6,0.9,3.7
31354,2024,5144,Jacob Toppin,NA,SF,23,1,NBA,NYK,3,0,1.3,0,0,NA,0,0,NA,0,0,NA,NA,0,0,NA,0,0,0,0.3,0,0.3,0,0,0
31355,2024,5052,Jaden Hardy,NA,SG,21,2,NBA,DAL,43,6,16.1,3,7.6,0.391,1.4,3.9,0.355,1.6,3.7,0.428,0.482,0.8,1.1,0.702,0.3,1.8,2.1,1.8,0.3,0.1,0.8,1.2,8
31356,2024,5053,Jaden Ivey,NA,SG,21,2,NBA,DET,43,27,26.7,5,11.1,0.452,1.3,4,0.333,3.7,7.1,0.52,0.513,2.9,4,0.721,1.3,2.4,3.8,3.7,0.7,0.6,2.3,2.8,14.3
31357,2024,4841,Jaden McDaniels,NA,SF,23,4,NBA,MIN,38,37,28.8,4.5,8.7,0.517,1.2,3.3,0.37,3.3,5.4,0.608,0.588,0.7,0.9,0.771,0.7,1.9,2.7,1.3,0.9,0.5,1.1,3.1,10.9
31358,2024,4944,Jaden Springer,NA,SG,21,3,NBA,PHI,28,0,10.3,1.3,3.3,0.385,0.3,1,0.241,1,2.2,0.452,0.423,0.8,1,0.778,0.7,0.9,1.5,0.9,0.6,0.4,0.8,1.5,3.5
31359,2024,4091,Jae Crowder,NA,PF,33,12,NBA,MIL,17,3,22.6,2.4,5.2,0.449,1.6,3.8,0.415,0.8,1.4,0.542,0.601,0.5,0.9,0.563,0.5,2.8,3.2,1.2,0.6,0.2,0.5,1.6,6.8
31360,2024,4842,Jae'Sean Tate,NA,SF,28,4,NBA,HOU,44,9,18.2,1.9,3.9,0.477,0.4,1.5,0.292,1.4,2.4,0.589,0.532,0.5,0.6,0.714,1,2.4,3.3,1.1,0.7,0.2,0.5,2.4,4.6
31361,2024,5145,Jaime Jaquez Jr.,NA,SF,22,1,NBA,MIA,42,15,29.8,5.1,10.3,0.501,1,2.9,0.341,4.1,7.3,0.565,0.55,2.1,2.5,0.84,1.2,2.6,3.8,2.6,1.1,0.3,1.7,2.5,13.4
31362,2024,5054,Jake LaRavia,NA,PF,22,2,NBA,MEM,11,0,11.1,1.5,3.9,0.372,0.5,2.2,0.208,1,1.7,0.579,0.43,0.3,0.4,0.75,0.6,0.8,1.5,0.5,0.1,0.1,0.4,1.7,3.6
31363,2024,4412,Jakob Poeltl,NA,C,28,8,NBA,TOR,36,36,26.5,4.7,6.9,0.685,0,0,NA,4.7,6.9,0.685,0.685,1.2,2.2,0.532,2.8,5.6,8.3,2.5,0.7,1.4,1.6,2.9,10.6
31364,2024,4630,Jalen Brunson,NA,PG,27,6,NBA,NYK,46,46,35.7,9.5,19.7,0.48,2.8,6.6,0.422,6.7,13.1,0.509,0.551,5.1,6.1,0.836,0.6,3.3,3.8,6.5,0.9,0.2,2.3,2,26.8
31365,2024,5055,Jalen Duren,NA,C,20,2,NBA,DET,32,31,29.9,6.2,9.7,0.64,0,0.1,0,6.2,9.7,0.644,0.64,1.5,2.2,0.7,3.3,8.4,11.8,2.5,0.4,0.8,2,3.2,14
31366,2024,4946,Jalen Green,NA,SG,21,3,NBA,HOU,47,47,30.9,6.3,15.1,0.414,2.2,6.7,0.325,4.1,8.4,0.485,0.486,3.8,4.6,0.816,0.4,4.4,4.9,3.3,0.7,0.3,2.1,1.3,18.4
31367,2024,5146,Jalen Hood-Schifino,NA,SG,20,1,NBA,LAL,14,0,6.4,0.6,2.5,0.229,0.1,0.8,0.091,0.5,1.7,0.292,0.243,0.6,1,0.643,0.1,0.6,0.7,0.6,0.2,0.1,0.6,0.8,1.9
31368,2024,4947,Jalen Johnson,NA,SF,22,3,NBA,ATL,33,30,33,6.2,11.4,0.543,1.2,3.2,0.371,5,8.2,0.609,0.594,2,2.7,0.753,1.2,7.1,8.3,3.2,1.4,0.8,1.9,2.7,15.6
31369,2024,4725,Jalen McDaniels,NA,SF,26,5,NBA,TOR,29,0,9,1.1,3.3,0.344,0.3,1.7,0.208,0.8,1.7,0.479,0.396,0.5,0.7,0.7,0.3,1,1.2,0.6,0.4,0.1,0.3,0.9,3.1
31370,2024,5147,Jalen Pickett,NA,SG,24,1,NBA,DEN,16,0,6.1,0.8,1.8,0.429,0.4,1.3,0.35,0.3,0.5,0.625,0.554,0.1,0.1,1,0.1,0.6,0.7,0.8,0.2,0,0.4,0.5,2.1
31371,2024,5148,Jalen Slawson,NA,SF,24,1,NBA,SAC,5,0,3.8,0.4,0.6,0.667,0,0.2,0,0.4,0.4,1,0.667,0,0,NA,0,0.8,0.8,0.4,0,0.2,0.4,0.6,0.8
31372,2024,4845,Jalen Smith,NA,C,23,4,NBA,IND,34,13,18.1,4,6.5,0.62,1.1,2.4,0.469,2.9,4.1,0.707,0.706,1.3,1.8,0.71,1.6,4,5.6,1.1,0.2,0.6,0.9,2.4,10.5
31373,2024,4948,Jalen Suggs,NA,SG,22,3,NBA,ORL,44,44,26.5,4.4,9.8,0.449,2,5.2,0.383,2.4,4.7,0.522,0.55,1.5,2,0.773,0.7,2.5,3.2,2.4,1.4,0.6,1.9,2.9,12.3
31374,2024,5056,Jalen Williams,NA,PF,22,2,NBA,OKC,44,44,31.9,7.3,13.5,0.539,1.4,3.2,0.45,5.9,10.4,0.566,0.591,2.6,3.3,0.806,0.5,3.5,4,4.5,1.1,0.5,1.7,2.7,18.7
31375,2024,5149,Jalen Wilson,NA,PF,23,1,NBA,BRK,11,0,9.5,1.5,2.9,0.5,0.2,0.7,0.25,1.3,2.2,0.583,0.531,1.4,1.4,1,1.4,0.8,2.2,0.8,0.3,0.1,0.3,0.8,4.5
31376,2024,5057,Jamal Cain,NA,PF,24,2,NBA,MIA,14,1,14.9,2.1,4.7,0.439,0.6,1.8,0.32,1.5,2.9,0.512,0.5,1,1.4,0.737,0.9,1.2,2.1,0.2,0.6,0.3,0.3,1.1,5.7
31377,2024,4413,Jamal Murray,NA,PG,26,7,NBA,DEN,35,35,31.8,7.9,16.6,0.478,2.3,5.7,0.414,5.6,10.9,0.512,0.549,3,3.5,0.86,0.6,3.2,3.8,6.4,0.8,0.7,1.9,2,21.2
31378,2024,5058,Jamaree Bouyea,NA,PG,24,2,NBA,POR,6,0,9.5,0.8,3.5,0.238,0,1.3,0,0.8,2.2,0.385,0.238,0,0,NA,0.3,1.3,1.7,1.3,0,0,1.3,0.5,1.7
31379,2024,4949,James Bouknight,NA,SG,23,3,NBA,CHO,12,0,6.1,1.3,3.1,0.432,1,2.3,0.444,0.3,0.8,0.4,0.595,0.1,0.2,0.5,0.1,0.7,0.8,0.5,0,0.1,0.1,0.3,3.8
31380,2024,3880,James Harden,NA,PG,34,15,NBA,LAC,41,41,34.1,5.1,11.3,0.452,2.7,6.6,0.413,2.4,4.8,0.505,0.571,4.3,4.9,0.876,0.3,4.6,4.9,8.5,1.2,0.9,2.6,2.1,17.2
31381,2024,3881,James Johnson,NA,PF,36,15,NBA,IND,5,0,4.8,0.4,1,0.4,0,0.2,0,0.4,0.8,0.5,0.4,0,0,NA,0.2,0.6,0.8,1,0.8,0,0.4,0.8,0.8
31382,2024,4846,James Wiseman,NA,C,22,3,NBA,DET,29,0,14.6,2.7,3.9,0.675,0,0.1,0,2.7,3.9,0.688,0.675,0.7,1.2,0.618,1.4,2.7,4.1,0.6,0.1,0.7,0.9,2,6
31383,2024,5150,Jarace Walker,NA,PF,20,1,NBA,IND,15,0,11,1.9,4.3,0.438,0.8,2,0.4,1.1,2.3,0.471,0.531,0.4,0.5,0.857,0.5,1.3,1.9,1.3,0.6,0.3,0.5,1,4.9
31384,2024,4952,Jared Butler,NA,SG,23,3,NBA,WAS,17,0,7.5,1.6,2.9,0.56,0.6,1.4,0.417,1.1,1.5,0.692,0.66,0.7,0.9,0.8,0,0.6,0.6,1.8,0.5,0.1,0.6,0.8,4.6
31385,2024,5059,Jared Rhoden,NA,SG,24,2,NBA,DET,5,0,6,1,1.8,0.556,0.2,0.8,0.25,0.8,1,0.8,0.611,0.4,0.4,1,0.2,0.6,0.8,0.6,0,0,0.4,0.8,2.6
31386,2024,4632,Jaren Jackson Jr.,NA,C,24,6,NBA,MEM,45,45,31.7,7.5,16.8,0.446,1.7,5.4,0.315,5.8,11.4,0.508,0.497,5.2,6.3,0.834,1.3,4.4,5.6,2,1,1.6,2.2,3.5,21.9
31387,2024,4634,Jarred Vanderbilt,NA,PF,24,6,NBA,LAL,28,5,20.2,2,3.8,0.523,0.2,0.9,0.25,1.8,3,0.602,0.551,0.8,1.2,0.647,1.4,3.3,4.7,1.2,1.2,0.2,0.9,1.5,5
31388,2024,4515,Jarrett Allen,NA,C,25,7,NBA,CLE,40,40,30.6,6.3,9.6,0.651,0,0,0,6.3,9.6,0.653,0.651,2.8,3.7,0.753,3.7,6.9,10.6,2.9,0.9,1.1,1.8,2.4,15.3
31389,2024,5151,Javon Freeman-Liberty,NA,PG,24,1,NBA,TOR,2,0,2,0.5,1.5,0.333,0,0,NA,0.5,1.5,0.333,0.333,0,0,NA,0.5,0,0.5,0,0,0,0,0,1
31390,2024,4955,Javonte Smart,NA,PG,24,2,NBA,PHI,1,0,1,0,0,NA,0,0,NA,0,0,NA,NA,0,0,NA,0,0,0,0,0,0,0,0,0
31391,2024,4730,Jaxson Hayes,NA,C,23,5,NBA,LAL,38,2,10,1.3,1.9,0.685,0,0.1,0,1.3,1.8,0.735,0.685,0.4,0.8,0.552,0.5,1.3,1.8,0.3,0.3,0.4,0.6,1.8,3.1
31392,2024,4956,Jay Huff,NA,C,25,3,NBA,DEN,6,0,2.8,0.5,1,0.5,0.2,0.7,0.25,0.3,0.3,1,0.583,0,0,NA,0,0.2,0.2,0.2,0,0,0.2,0.8,1.2
31393,2024,4415,Jaylen Brown,NA,SF,27,8,NBA,BOS,45,45,33.3,8.7,17.6,0.494,2.1,5.9,0.352,6.6,11.7,0.564,0.552,3.2,4.4,0.727,1,4.3,5.4,3.7,1.1,0.6,2.4,2.6,22.6
31394,2024,4732,Jaylen Nowell,NA,SG,24,5,NBA,MEM,9,1,17.3,2.4,6.1,0.4,0.4,2.6,0.174,2,3.6,0.563,0.436,0.3,0.3,1,0.3,1.2,1.6,1.8,0.3,0,0.6,1.4,5.7
31395,2024,5061,Jaylin Williams,NA,C,21,2,NBA,OKC,40,0,12.1,1.3,3.2,0.402,0.7,2,0.35,0.6,1.2,0.489,0.512,0.4,0.4,0.824,0.5,2.6,3.1,1.3,0.4,0.4,0.4,1.5,3.6
31396,2024,4518,Jayson Tatum,NA,PF,25,7,NBA,BOS,45,45,35.8,9.1,19.2,0.473,3,8.2,0.363,6.1,11,0.556,0.551,5.8,7.1,0.813,0.9,7.6,8.4,4.5,1,0.6,2.6,2,26.9
31397,2024,5063,Jeenathan Williams,NA,SG,24,2,NBA,HOU,7,0,7.9,1.4,3.3,0.435,0.1,0.4,0.333,1.3,2.9,0.45,0.457,0.6,0.7,0.8,0.7,0.1,0.9,0.4,0.3,0,0.1,0.7,3.6
31398,2024,3761,Jeff Green,NA,PF,37,16,NBA,HOU,45,4,16.6,2,4,0.497,0.4,1.3,0.281,1.6,2.8,0.597,0.541,1.7,2.1,0.83,0.6,1.4,2,0.7,0.2,0.5,0.6,1.4,6.1
31399,2024,4257,Jerami Grant,NA,PF,29,10,NBA,POR,43,43,33.6,7.3,15.8,0.461,2.1,5.1,0.403,5.2,10.7,0.489,0.527,4.6,5.7,0.809,0.7,3,3.7,2.6,0.7,0.7,2,2.2,21.3
31400,2024,4959,Jeremiah Robinson-Earl,NA,PF,23,3,NBA,NOP,19,1,10.8,1.6,3,0.526,0.4,1.1,0.381,1.2,1.9,0.611,0.596,0.5,0.6,0.909,0.7,1.8,2.5,0.5,0.4,0.2,0.5,0.7,4.1
31401,2024,5064,Jeremy Sochan,NA,PF,20,2,NBA,SAS,48,47,29.5,4.5,10.2,0.444,1,2.8,0.373,3.5,7.4,0.47,0.495,1.6,2,0.792,1.8,4.2,5.9,3.8,0.7,0.5,2,2.4,11.7
31402,2024,4960,Jericho Sims,NA,C,25,3,NBA,NYK,24,7,8.9,0.8,1,0.72,0,0,NA,0.8,1,0.72,0.72,0.2,0.3,0.571,0.6,1.4,2,0.3,0.1,0.3,0.3,0.8,1.7
31403,2024,5152,Jermaine Samuels,NA,SF,25,1,NBA,HOU,9,0,5,0.6,0.9,0.625,0,0.2,0,0.6,0.7,0.833,0.625,0.2,0.2,1,0.2,0.9,1.1,0.2,0.1,0.1,0,0.3,1.3
31404,2024,4637,Jerome Robinson,NA,SG,26,4,NBA,GSW,7,0,3.7,0,1.3,0,0,0.7,0,0,0.6,0,0,0.6,0.9,0.667,0.1,0.3,0.4,0.3,0,0.1,0,0.1,0.6
31405,2024,5153,Jett Howard,NA,SF,20,1,NBA,ORL,11,0,3.8,0.6,1.7,0.368,0.4,1.3,0.286,0.3,0.5,0.6,0.474,0.2,0.4,0.5,0.1,0.4,0.5,0.3,0,0.1,0.2,0.1,1.8
31406,2024,4638,Jevon Carter,NA,PG,28,6,NBA,CHI,47,0,13.8,1.9,5.3,0.364,1.2,3.4,0.34,0.8,1.9,0.409,0.474,0.1,0.1,0.6,0.1,0.7,0.8,1.2,0.5,0.3,0.5,1,5.1
31407,2024,4023,Jimmy Butler,NA,PF,34,13,NBA,MIA,33,33,33.8,6.7,13.5,0.498,0.9,2.2,0.437,5.8,11.4,0.509,0.533,7,8,0.879,2,3.1,5.2,4.4,1.2,0.3,1.7,1.2,21.4
31408,2024,4961,Jock Landale,NA,C,28,3,NBA,HOU,27,0,9.2,0.9,2.3,0.387,0.1,0.6,0.118,0.8,1.7,0.489,0.403,0.4,0.6,0.733,1.3,0.8,2.1,0.6,0.3,0.4,0.4,1,2.3
31409,2024,4260,Joe Harris,NA,SG,32,10,NBA,DET,15,0,10.5,0.9,2.4,0.361,0.7,1.9,0.345,0.2,0.5,0.429,0.5,0.1,0.1,0.5,0.2,0.7,0.9,0.7,0.2,0.1,0.3,1.2,2.5
31410,2024,4261,Joe Ingles,NA,SF,36,10,NBA,ORL,34,0,18,1.6,4.1,0.396,1,2.7,0.385,0.6,1.4,0.417,0.522,0.5,0.6,0.85,0.4,2.1,2.6,3.1,0.7,0.1,1,1.6,4.8
31411,2024,4417,Joel Embiid,NA,C,29,8,NBA,PHI,34,34,34,11.8,22.2,0.533,1.2,3.3,0.366,10.6,18.9,0.562,0.56,10.5,11.9,0.883,2.6,8.7,11.3,5.7,1.1,1.8,3.7,2.9,35.3
31412,2024,4519,John Collins,NA,PF,26,7,NBA,UTA,45,43,27.6,5.5,10.7,0.513,1.2,3.5,0.346,4.3,7.2,0.596,0.57,1.8,2.3,0.781,2.1,5.8,7.9,1,0.6,0.8,1.4,2.8,14.1
31413,2024,4734,John Konchar,NA,SF,27,5,NBA,MEM,37,8,18.1,1.4,3.4,0.411,0.6,2,0.301,0.8,1.4,0.569,0.5,0.2,0.3,0.75,1.1,2.9,4,1.6,0.7,0.9,0.6,1.1,3.6
31414,2024,5066,Johnny Davis,2002,SG,21,2,NBA,WAS,21,0,7.8,1,2.4,0.431,0,0.2,0.25,1,2.2,0.447,0.441,0.2,0.3,0.571,0.4,0.6,1,0.3,0.3,0.1,0.2,0.6,2.3
31415,2024,5067,Johnny Juzang,NA,SG,22,2,NBA,UTA,1,0,4,0,2,0,0,2,0,0,0,NA,0,0,0,NA,0,0,0,1,0,0,0,0,0
31416,2024,4100,Jonas Valančiūnas,NA,C,31,12,NBA,NOP,48,48,26.3,5.5,9.7,0.569,0.6,1.8,0.345,4.9,7.9,0.62,0.601,2.4,3.1,0.791,2.6,7.1,9.7,2.3,0.5,1.1,1.4,3.1,14.1
31417,2024,4522,Jonathan Isaac,NA,PF,26,5,NBA,ORL,30,1,14.1,2.3,4.8,0.472,0.5,1.9,0.281,1.7,2.9,0.598,0.528,1.2,1.6,0.771,1.1,2.7,3.8,0.4,0.7,1.2,0.5,1.2,6.3
31418,2024,4965,Jonathan Kuminga,NA,PF,21,3,NBA,GSW,43,17,24.3,5.6,10.5,0.532,0.8,2.6,0.324,4.7,7.9,0.6,0.572,2.8,3.9,0.713,1.2,3.3,4.5,1.6,0.7,0.4,1.5,2.2,14.8
31419,2024,4848,Jontay Porter,NA,PF,24,2,NBA,TOR,14,5,14.3,1.6,4.4,0.361,0.8,2.4,0.333,0.8,2,0.393,0.451,0.8,0.9,0.917,1.1,2.4,3.5,2.1,0.8,0.8,0.6,1.8,4.7
31420,2024,4265,Jordan Clarkson,NA,SG,31,10,NBA,UTA,39,19,30,6.4,15.2,0.421,1.7,5.5,0.301,4.7,9.6,0.491,0.476,3.2,3.6,0.887,1,2.5,3.5,4.8,0.6,0.1,2.8,1.4,17.7
31421,2024,5154,Jordan Ford,NA,PG,25,1,NBA,SAC,6,0,3.7,0.7,1.2,0.571,0.3,0.5,0.667,0.3,0.7,0.5,0.714,0.3,0.3,1,0,0.3,0.3,0.3,0,0,0.2,0,2
31422,2024,4966,Jordan Goodwin,NA,PG,25,3,NBA,PHO,38,0,14.4,1.9,5,0.384,0.6,2.1,0.288,1.3,2.9,0.455,0.445,0.6,0.7,0.852,1.1,2,3.1,2,0.6,0.2,0.8,1.1,5.1
31423,2024,5155,Jordan Hawkins,NA,SG,21,1,NBA,NOP,43,10,21.7,3.4,8.4,0.403,2.1,5.5,0.388,1.3,2.9,0.432,0.53,1.4,1.7,0.847,0.6,2.3,2.9,1.4,0.3,0.1,0.8,1.4,10.3
31424,2024,4736,Jordan McLaughlin,NA,PG,27,5,NBA,MIN,27,0,9.2,1,2.4,0.406,0.5,1.3,0.371,0.5,1.1,0.448,0.508,0.1,0.2,0.5,0.3,0.7,1,1.8,0.7,0.2,0.4,0.5,2.5
31425,2024,5156,Jordan Miller,NA,SF,24,1,NBA,LAC,4,0,4,0.8,1.3,0.6,0.3,0.3,1,0.5,1,0.5,0.7,0,0,NA,0.5,0.3,0.8,0,0,0,0.3,0.5,1.8
31426,2024,4849,Jordan Nwora,NA,SF,25,4,NBA,TOT,22,0,11.1,2.3,5,0.459,0.9,2.4,0.365,1.4,2.6,0.544,0.546,0.9,1,0.864,0.5,1.5,2,1.1,0.3,0.1,0.7,1.2,6.3
31427,2024,4849,Jordan Nwora,NA,SF,25,4,NBA,IND,18,0,10.2,2.1,4.6,0.451,0.6,2,0.306,1.4,2.6,0.565,0.518,0.5,0.6,0.818,0.4,1.4,1.8,1,0.3,0.1,0.7,1.1,5.2
31428,2024,4849,Jordan Nwora,NA,SF,25,4,NBA,TOR,4,0,15.5,3.3,6.8,0.481,2,4,0.5,1.3,2.8,0.455,0.63,2.5,2.8,0.909,1,2,3,1.8,0.3,0.3,0.8,1.8,11
31429,2024,4737,Jordan Poole,NA,SG,24,5,NBA,WAS,45,45,29.2,5.9,14.3,0.414,2,6.3,0.312,4,8,0.493,0.482,2.7,3.1,0.871,0.4,1.8,2.2,3.4,1,0.4,2.2,3,16.5
31430,2024,5157,Jordan Walsh,NA,SF,19,1,NBA,BOS,2,0,3,0,0.5,0,0,0.5,0,0,0,NA,0,0,0,NA,0,2.5,2.5,0.5,0,0,0,0,0
31431,2024,4968,Jose Alvarado,NA,PG,25,3,NBA,NOP,30,0,16,2.4,5.7,0.413,1.3,3.3,0.39,1.1,2.4,0.444,0.526,0.8,1.2,0.657,0.4,1.7,2.1,1.8,1,0.3,0.7,1.5,6.8
31432,2024,4970,Josh Giddey,NA,SG,21,3,NBA,OKC,47,47,24.8,4.7,10.4,0.45,0.9,2.8,0.331,3.8,7.7,0.493,0.494,1.2,1.5,0.812,1.4,4.9,6.3,4.6,0.7,0.5,2.1,1.2,11.5
31433,2024,4850,Josh Green,NA,SG,23,4,NBA,DAL,35,18,26.9,3.1,6.7,0.47,1.3,3.3,0.393,1.8,3.3,0.547,0.568,0.6,1,0.556,0.6,2.4,3,2.5,0.7,0.1,1.1,2.1,8.2
31434,2024,4525,Josh Hart,NA,SF,28,7,NBA,NYK,47,8,28.7,2.9,6.6,0.44,0.9,2.8,0.308,2,3.8,0.536,0.505,0.7,0.9,0.833,1.2,5.5,6.7,3,0.8,0.3,1.2,1.8,7.4
31435,2024,5069,Josh Minott,NA,SF,21,2,NBA,MIN,15,0,3.1,0.5,1.2,0.444,0,0.3,0,0.5,0.9,0.615,0.444,0.7,0.8,0.833,0.1,0.1,0.2,0.2,0.1,0.2,0.1,0.4,1.7
31436,2024,4644,Josh Okogie,NA,SG,25,6,NBA,PHO,42,11,18.2,1.6,3.9,0.409,0.5,1.8,0.263,1.1,2.1,0.534,0.47,1.5,2.1,0.719,1.3,1.7,3,1.2,0.9,0.5,0.5,1.5,5.2
31437,2024,4336,Josh Richardson,NA,SG,30,9,NBA,MIA,38,5,25.9,3.6,8.2,0.442,1.6,4.4,0.353,2.1,3.8,0.545,0.537,1.2,1.3,0.94,0.4,2.3,2.8,2.5,0.6,0.4,0.9,1.7,10
31438,2024,4971,Joshua Primo,NA,SG,21,3,NBA,LAC,1,0,5,1,2,0.5,0,1,0,1,1,1,0.5,0,0,NA,0,0,0,0,0,1,3,0,2
31439,2024,3891,Jrue Holiday,NA,PG,33,15,NBA,BOS,44,44,33.6,5,10.8,0.465,2.1,4.9,0.428,3,6,0.496,0.562,1.2,1.5,0.828,1.4,4.6,6,4.5,0.8,0.8,1.9,1.6,13.4
31440,2024,4739,Juan Toscano-Anderson,NA,SF,30,5,NBA,SAC,11,0,4.8,0.3,1.1,0.25,0.1,0.4,0.25,0.2,0.7,0.25,0.292,0,0,NA,0.4,0.9,1.3,0.4,0.1,0.1,0.2,1,0.6
31441,2024,5158,Jules Bernard,NA,SG,24,1,NBA,WAS,5,0,4.2,0.4,2,0.2,0,1.4,0,0.4,0.6,0.667,0.2,0,0,NA,0.4,0.4,0.8,0.4,0,0,0.2,0.8,0.8
31442,2024,5070,Julian Champagnie,NA,SF,22,2,NBA,SAS,41,26,16,1.9,4.7,0.403,1.3,3.4,0.393,0.5,1.2,0.431,0.547,0.8,0.9,0.842,0.4,1.8,2.2,1,0.6,0.5,0.7,1,5.9
31443,2024,5159,Julian Phillips,NA,SF,20,1,NBA,CHI,25,0,6.2,0.6,1.5,0.432,0.2,0.8,0.211,0.5,0.7,0.667,0.486,0.2,0.4,0.545,0.2,0.4,0.6,0.3,0,0.2,0.2,0.8,1.7
31444,2024,5160,Julian Strawther,NA,SF,21,1,NBA,DEN,33,0,13.9,2.2,5.6,0.384,1.1,3.5,0.322,1,2.1,0.486,0.484,0.5,0.7,0.696,0.1,1.4,1.5,1.1,0.5,0.2,0.5,1.4,5.9
31445,2024,4266,Julius Randle,NA,PF,29,10,NBA,NYK,46,46,35.4,8.6,18.2,0.472,1.7,5.3,0.311,6.9,12.9,0.539,0.518,5.1,6.6,0.781,2.2,7,9.2,5,0.5,0.3,3.5,2.7,24
31446,2024,4102,Justin Holiday,NA,SG,34,11,NBA,DEN,27,6,12.9,1.4,2.7,0.5,0.8,1.9,0.431,0.6,0.9,0.652,0.649,0,0,NA,0.1,1,1.1,0.9,0.6,0.1,0.2,1.2,3.6
31447,2024,5071,Justin Minaya,NA,SF,24,2,NBA,POR,12,0,9.6,0.5,1.7,0.3,0.3,1.1,0.231,0.3,0.6,0.429,0.375,0.3,0.5,0.5,0.4,0.7,1.1,0.4,0.3,0.4,0.3,0.8,1.5
31448,2024,4267,Jusuf Nurkić,NA,C,29,10,NBA,PHO,45,45,27.4,4.5,8.9,0.505,0.5,1.8,0.266,4,7.2,0.563,0.531,2.3,3.3,0.709,2.6,7.6,10.3,3.6,1,1,2.1,3.4,11.8
31449,2024,4854,KJ Martin,NA,SF,23,4,NBA,TOT,32,0,9,1,2.1,0.5,0,0.3,0.091,1,1.7,0.582,0.508,0.3,0.7,0.478,0.2,0.8,1,0.5,0.4,0.1,0.4,1.4,2.4
31450,2024,4854,KJ Martin,NA,SF,23,4,NBA,LAC,2,0,15.5,2,5,0.4,0.5,2.5,0.2,1.5,2.5,0.6,0.45,0.5,1,0.5,0.5,1,1.5,0.5,1,0.5,1,1.5,5
31451,2024,4854,KJ Martin,NA,SF,23,4,NBA,PHI,30,0,8.6,1,1.9,0.518,0,0.2,0,1,1.7,0.58,0.518,0.3,0.7,0.476,0.2,0.8,1,0.5,0.4,0,0.4,1.4,2.3
31452,2024,5161,Kaiser Gates,NA,SF,27,1,NBA,NOP,1,0,7,0,4,0,0,2,0,0,2,0,0,0,0,NA,0,1,1,0,0,0,0,0,0
31453,2024,4339,Karl-Anthony Towns,NA,PF,28,9,NBA,MIN,47,47,33.2,8.2,15.6,0.522,2.2,5,0.443,6,10.6,0.56,0.593,4.2,4.8,0.872,1.4,7.3,8.7,3.1,0.7,0.6,2.9,3.3,22.7
31454,2024,4032,Kawhi Leonard,NA,SF,32,12,NBA,LAC,42,42,34.4,9,17.2,0.526,2.2,5,0.439,6.8,12.1,0.563,0.591,3.6,4.1,0.884,1.2,5.1,6.3,3.7,1.7,0.9,1.5,1.5,23.9
31455,2024,5072,Keegan Murray,NA,SF,23,2,NBA,SAC,42,42,33,6.1,13,0.469,2.5,6.6,0.372,3.7,6.5,0.568,0.563,1.5,1.8,0.792,1.4,4.1,5.5,1.6,1.2,0.6,0.9,2.6,16.1
31456,2024,4646,Keita Bates-Diop,NA,SF,28,6,NBA,PHO,37,8,15.6,1.6,3.9,0.424,0.5,1.6,0.3,1.2,2.3,0.512,0.486,0.7,1,0.722,0.8,1.8,2.6,0.9,0.6,0.5,0.3,0.9,4.5
31457,2024,4745,Keldon Johnson,NA,SF,24,5,NBA,SAS,45,26,30.6,6,13.4,0.452,1.8,5.2,0.338,4.3,8.2,0.524,0.517,2.8,3.6,0.779,1.4,4.5,5.9,3.3,0.9,0.3,1.6,2.4,16.7
31458,2024,4177,Kelly Olynyk,NA,C,32,11,NBA,UTA,47,8,20.5,2.9,5.2,0.56,0.7,1.7,0.425,2.2,3.5,0.626,0.63,1.4,1.7,0.829,1.3,3.9,5.1,4.3,0.8,0.3,1.7,2.7,8
31459,2024,4341,Kelly Oubre Jr.,NA,SF,28,9,NBA,PHI,34,23,27.8,5,10.6,0.475,1.5,4.4,0.336,3.6,6.2,0.573,0.544,1.7,2.4,0.72,1,3.2,4.3,1.1,1.1,0.5,0.9,2.8,13.3
31460,2024,5073,Kendall Brown,NA,SG,20,2,NBA,IND,4,0,4.5,0.5,1.3,0.4,0,0.3,0,0.5,1,0.5,0.4,1,1.5,0.667,0.5,0,0.5,0.3,0,0,0,1,2
31461,2024,5075,Kenneth Lofton Jr.,NA,PF,21,2,NBA,TOT,16,0,6.4,0.9,2.4,0.359,0.2,0.6,0.3,0.7,1.8,0.379,0.397,0.5,0.9,0.533,0.1,0.9,1.1,0.9,0.2,0.2,0.5,0.9,2.4
31462,2024,5075,Kenneth Lofton Jr.,NA,PF,21,2,NBA,MEM,15,0,6.6,0.9,2.5,0.378,0.2,0.7,0.3,0.7,1.8,0.407,0.419,0.5,1,0.533,0.1,0.9,1,0.9,0.2,0.2,0.4,1,2.6
31463,2024,5075,Kenneth Lofton Jr.,NA,PF,21,2,NBA,PHI,1,0,4,0,2,0,0,0,NA,0,2,0,0,0,0,NA,0,2,2,0,0,0,2,0,0
31464,2024,4647,Kenrich Williams,NA,PF,29,6,NBA,OKC,37,1,15.1,1.8,3.9,0.469,0.8,2,0.387,1.1,1.9,0.557,0.569,0.1,0.3,0.3,0.8,2.1,2.9,1.3,0.6,0.1,0.4,1.4,4.5
31465,2024,4178,Kentavious Caldwell-Pope,NA,SG,30,11,NBA,DEN,47,47,32.4,3.6,7.9,0.448,1.5,3.9,0.379,2.1,4.1,0.513,0.54,1.5,1.7,0.91,0.4,1.9,2.4,2.4,1.4,0.5,1,2,10.1
31466,2024,5076,Keon Ellis,NA,SG,24,2,NBA,SAC,28,3,12.2,1.3,3,0.434,0.9,2.4,0.382,0.4,0.5,0.667,0.59,0.4,0.6,0.647,0.3,1,1.3,1.3,0.5,0.4,0.5,1.4,3.9
31467,2024,4976,Keon Johnson,NA,SG,21,3,NBA,BRK,1,0,21,3,8,0.375,2,4,0.5,1,4,0.25,0.5,4,4,1,0,1,1,1,1,1,1,1,12
31468,2024,4977,Kessler Edwards,NA,SF,23,3,NBA,SAC,31,0,4.7,0.5,1.4,0.395,0.3,0.8,0.346,0.3,0.5,0.471,0.5,0.1,0.1,0.75,0.2,0.5,0.7,0.3,0.1,0.1,0,0.4,1.5
31469,2024,3770,Kevin Durant,NA,PF,35,16,NBA,PHO,41,41,37.3,10.1,19,0.533,2.2,5,0.449,7.9,14,0.563,0.592,5.9,6.7,0.876,0.5,5.9,6.4,5.8,0.8,1.3,3.1,1.9,28.4
31470,2024,4648,Kevin Huerter,NA,SG,25,6,NBA,SAC,44,39,24.9,4.1,9.1,0.448,2,5.6,0.364,2,3.5,0.581,0.56,0.6,0.8,0.778,0.5,3.3,3.8,2.7,0.7,0.4,0.6,2.3,10.9
31471,2024,4649,Kevin Knox,NA,SF,24,6,NBA,DET,29,9,18.2,3,6.2,0.475,1.1,3.1,0.344,1.9,3.1,0.604,0.561,0.7,0.8,0.909,0.6,1.9,2.5,0.7,0.4,0.2,0.7,1.6,7.7
31472,2024,3830,Kevin Love,NA,PF,35,16,NBA,MIA,37,5,17.9,2.8,6.6,0.432,1.5,4.5,0.335,1.3,2.1,0.645,0.547,1.9,2.4,0.789,1.1,5.1,6.1,2.3,0.4,0.2,0.8,1.8,9.1
31473,2024,5077,Kevon Harris,NA,SG,26,2,NBA,ORL,1,0,3,0,0,NA,0,0,NA,0,0,NA,NA,0,0,NA,0,1,1,0,0,0,1,1,0
31474,2024,4342,Kevon Looney,NA,C,27,9,NBA,GSW,44,36,19.5,2.2,3.6,0.61,0,0,0,2.2,3.6,0.614,0.61,0.9,1.2,0.704,2.4,4.3,6.8,2.3,0.5,0.3,0.8,2.4,5.3
31475,2024,5162,Keyontae Johnson,NA,SF,23,1,NBA,OKC,6,0,8,0.7,1.8,0.364,0.2,0.3,0.5,0.5,1.5,0.333,0.409,0,0,NA,0.5,0.5,1,0.7,0,0,0.5,0.5,1.5
31476,2024,5163,Keyonte George,NA,PG,20,1,NBA,UTA,43,16,24.2,3.4,9.1,0.373,1.7,5.1,0.324,1.7,4,0.436,0.464,2.6,3.2,0.824,0.3,2.4,2.7,4.2,0.4,0.1,2,1,11
31477,2024,4107,Khris Middleton,NA,SF,32,12,NBA,MIL,41,41,26.4,5.7,11.7,0.491,1.7,4.6,0.378,4,7.1,0.564,0.565,1.9,2.2,0.835,0.6,3.7,4.3,5,0.9,0.3,2.1,2.4,15
31478,2024,4855,Killian Hayes,NA,PG,22,4,NBA,DET,41,30,23.9,2.8,6.7,0.413,0.5,1.7,0.286,2.3,5,0.456,0.449,0.8,1.2,0.66,0.3,2.5,2.8,4.8,0.9,0.5,1.2,1.8,6.9
31479,2024,4857,Kira Lewis Jr.,NA,PG,22,4,NBA,TOT,16,0,9.1,1,3.3,0.308,0.1,1.3,0.1,0.9,2,0.438,0.327,0.6,0.7,0.909,0.3,0.6,0.9,1.1,0.3,0.1,0.5,0.6,2.8
31480,2024,4857,Kira Lewis Jr.,NA,PG,22,4,NBA,NOP,15,0,9.6,1.1,3.5,0.308,0.1,1.3,0.1,0.9,2.1,0.438,0.327,0.7,0.7,0.909,0.3,0.7,0.9,1.2,0.3,0.1,0.5,0.5,2.9
31481,2024,4857,Kira Lewis Jr.,NA,PG,22,4,NBA,TOR,1,0,2,0,0,NA,0,0,NA,0,0,NA,NA,0,0,NA,0,0,0,0,0,0,0,1,0
31482,2024,4036,Klay Thompson,NA,SF,33,11,NBA,GSW,42,42,30.9,6.1,14.5,0.421,3.4,8.8,0.385,2.7,5.7,0.477,0.539,1.9,2.1,0.91,0.5,2.9,3.4,2.4,0.5,0.5,1.7,2,17.6
31483,2024,5164,Kobe Brown,NA,PF,24,1,NBA,LAC,29,0,9.2,0.8,2,0.373,0.4,1.3,0.289,0.4,0.7,0.524,0.466,0,0.1,0.5,0.3,1.1,1.4,0.6,0.2,0.1,0.2,1.4,1.9
31484,2024,5165,Kobe Bufkin,NA,SG,20,1,NBA,ATL,3,0,2,0.3,1.3,0.25,0.3,0.7,0.5,0,0.7,0,0.375,0.3,0.7,0.5,0.3,0.7,1,0.3,0,0,0,0,1.3
31485,2024,4421,Kris Dunn,NA,PG,29,8,NBA,UTA,41,23,17.5,2.2,4.5,0.492,0.6,1.4,0.421,1.6,3.1,0.524,0.557,0.3,0.4,0.667,0.7,2.2,2.9,4.2,0.9,0.4,1.3,1.9,5.3
31486,2024,5166,Kris Murray,NA,SF,23,1,NBA,POR,28,0,12.4,1.3,3.5,0.371,0.5,1.8,0.294,0.8,1.6,0.457,0.448,0.3,0.4,0.667,0.6,1.2,1.8,0.6,0.8,0.2,0.5,0.8,3.4
31487,2024,4343,Kristaps Porziņģis,NA,C,28,8,NBA,BOS,34,34,29.8,6.4,12.4,0.521,1.8,5.1,0.358,4.6,7.3,0.636,0.595,4.7,5.6,0.839,1.7,5.2,6.9,2,0.6,1.8,1.6,2.9,19.4
31488,2024,4271,Kyle Anderson,NA,PF,30,10,NBA,MIN,48,2,22.2,2.4,5.2,0.462,0.1,0.6,0.172,2.3,4.6,0.5,0.472,1.3,1.9,0.674,0.7,2.8,3.5,3.9,0.8,0.6,1.3,1.5,6.2
31489,2024,4534,Kyle Kuzma,NA,PF,28,7,NBA,WAS,47,47,31.4,8.6,18.9,0.457,2.2,6.7,0.331,6.4,12.1,0.527,0.516,2.5,3.2,0.799,1,5.5,6.5,4.3,0.4,0.7,2.7,2,22
31490,2024,3685,Kyle Lowry,NA,PG,37,18,NBA,MIA,37,35,28,2.8,6.5,0.426,1.7,4.4,0.385,1.1,2.2,0.506,0.554,0.9,1.1,0.833,0.7,2.8,3.5,4,1.1,0.4,1.4,2.5,8.2
31491,2024,4037,Kyrie Irving,NA,SG,31,13,NBA,DAL,27,27,33.3,9.3,19.6,0.472,2.9,7,0.411,6.4,12.6,0.506,0.545,3.8,4.2,0.895,0.8,4.3,5.1,5.3,1.3,0.4,1.6,1.9,25.2
31492,2024,4859,LaMelo Ball,NA,PG,22,4,NBA,CHO,22,22,32.3,8.3,19.2,0.433,3.2,9,0.355,5.1,10.3,0.5,0.515,4.1,4.7,0.865,1.3,3.8,5.1,8,1.8,0.2,3.8,3.6,23.9
31493,2024,4858,Lamar Stevens,NA,PF,26,4,NBA,BOS,18,1,6.4,1.1,2.3,0.463,0.1,0.4,0.286,0.9,1.9,0.5,0.488,0.4,0.6,0.727,0.6,1,1.6,0.4,0.3,0.3,0.5,0.7,2.7
31494,2024,4652,Landry Shamet,NA,SG,26,6,NBA,WAS,30,0,15,2.8,6.1,0.451,1.3,3.4,0.382,1.5,2.7,0.537,0.557,0.9,1.2,0.778,0.3,1,1.3,1.4,0.5,0.2,0.6,1.7,7.8
31495,2024,4345,Larry Nance Jr.,NA,C,31,9,NBA,NOP,31,0,17.8,2.2,3.9,0.567,0.6,1.3,0.462,1.6,2.6,0.617,0.642,0.8,1,0.8,1.3,3.8,5.1,1.3,1,0.4,0.7,1.2,5.7
31496,2024,4535,Lauri Markkanen,NA,PF,26,7,NBA,UTA,39,39,32.5,7.9,16,0.491,3.2,8,0.396,4.7,8,0.587,0.59,4.6,5.2,0.877,2.4,6.3,8.7,1.9,0.9,0.5,1.2,1.9,23.5
31497,2024,3463,LeBron James,NA,PF,39,21,NBA,LAL,44,44,34.7,9.3,17.9,0.52,2.2,5.4,0.397,7.2,12.5,0.574,0.581,4.1,5.6,0.726,0.9,6.5,7.5,7.7,1.3,0.6,3.3,1.2,24.9
31498,2024,5167,Leaky Black,NA,SF,24,1,NBA,CHO,17,0,6.6,0.6,1.2,0.476,0.2,0.5,0.444,0.4,0.7,0.5,0.571,0.4,0.6,0.6,0.3,0.9,1.2,0.4,0.2,0.2,0.1,0.7,1.8
31499,2024,5168,Leonard Miller,NA,SF,20,1,NBA,MIN,5,0,3.8,1.2,1.8,0.667,0.2,0.6,0.333,1,1.2,0.833,0.722,0,0,NA,0,1.8,1.8,0.2,0.2,0.2,0.2,0.6,2.6
31500,2024,5078,Lester Quinones,NA,SG,23,2,NBA,GSW,10,0,6.9,1,2.5,0.4,0.6,1.5,0.4,0.4,1,0.4,0.52,0.1,0.2,0.5,0.4,0.8,1.2,0.5,0.1,0.1,0.5,0.8,2.7
31501,2024,4980,Lindell Wigginton,NA,PG,25,3,NBA,MIL,3,0,2.7,0.7,1.7,0.4,0,0.7,0,0.7,1,0.667,0.4,0.7,0.7,1,0,0,0,0,0,0,0.3,0.3,2
31502,2024,4981,Lindy Waters III,NA,SG,26,3,NBA,OKC,18,0,7.2,0.9,2.2,0.425,0.8,2.1,0.405,0.1,0.2,0.667,0.613,0,0,NA,0.1,0.8,0.8,0.6,0,0.2,0.1,0.7,2.7
31503,2024,4653,Lonnie Walker IV,NA,SG,25,6,NBA,BRK,29,0,18.9,4.4,9.2,0.474,2.2,5,0.438,2.2,4.2,0.516,0.593,1.1,1.4,0.762,0.2,1.9,2.2,1.6,0.8,0.3,1.1,1.2,12.1
31504,2024,4754,Luguentz Dort,NA,SF,24,5,NBA,OKC,46,46,28.5,3.5,8.1,0.435,1.8,4.7,0.384,1.7,3.4,0.506,0.547,1.7,2,0.809,1.2,2.7,3.8,1.3,0.8,0.7,0.9,3,10.5
31505,2024,4654,Luka Dončić,NA,PG,24,6,NBA,DAL,40,40,37.5,11.7,24,0.489,3.9,10.3,0.375,7.9,13.7,0.574,0.569,7.4,9.5,0.78,0.8,7.8,8.6,9.6,1.4,0.6,3.9,1.9,34.7
31506,2024,4982,Luka Garza,NA,C,25,3,NBA,MIN,10,0,2.8,0.8,2.1,0.381,0.1,0.6,0.167,0.7,1.5,0.467,0.405,0.6,1,0.6,0.5,0.4,0.9,0.2,0,0,0.2,0.8,2.3
31507,2024,4755,Luka Šamanić,NA,PF,24,4,NBA,UTA,22,0,6.1,1,2.6,0.386,0.2,1,0.238,0.8,1.6,0.472,0.43,0.6,0.8,0.824,0.3,1.5,1.8,0.2,0,0.1,0.4,0.6,2.9
31508,2024,4538,Luke Kennard,NA,SG,27,7,NBA,MEM,21,9,24.6,3.5,8.1,0.433,2.7,6.3,0.432,0.8,1.9,0.436,0.599,0.8,0.9,0.895,0.4,2.8,3.2,3.1,0.5,0,1,1,10.6
31509,2024,4539,Luke Kornet,NA,C,28,7,NBA,BOS,33,2,15.1,2.2,3.3,0.685,0,0,NA,2.2,3.3,0.685,0.685,0.8,0.9,0.897,1.8,2,3.9,0.9,0.4,1,0.5,1.4,5.3
31510,2024,4860,Malachi Flynn,NA,PG,25,4,NBA,TOT,42,0,12.2,1.5,3.6,0.411,0.7,2.1,0.341,0.8,1.5,0.508,0.51,0.5,0.7,0.767,0.3,1.3,1.6,1.8,0.5,0.1,0.8,1.1,4.2
31511,2024,4860,Malachi Flynn,NA,PG,25,4,NBA,TOR,31,0,15.3,1.8,4.4,0.409,0.9,2.6,0.35,0.9,1.8,0.491,0.511,0.5,0.7,0.773,0.4,1.7,2.1,2.4,0.6,0.2,1.1,1.4,5.1
31512,2024,4860,Malachi Flynn,NA,PG,25,4,NBA,NYK,11,0,3.5,0.5,1.3,0.429,0.2,0.7,0.25,0.4,0.5,0.667,0.5,0.5,0.7,0.75,0,0.4,0.4,0.4,0.1,0,0.2,0.3,1.8
31513,2024,5079,Malaki Branham,NA,PG,20,2,NBA,SAS,43,21,20.8,3.4,7.8,0.434,0.9,3,0.305,2.4,4.7,0.517,0.494,0.6,0.6,0.926,0.3,1.7,2,2.3,0.4,0.1,1.2,1.2,8.3
31514,2024,4424,Malcolm Brogdon,NA,PG,31,8,NBA,POR,38,24,28.6,5.6,12.7,0.441,2.2,5.2,0.416,3.4,7.5,0.458,0.526,2.5,3,0.832,0.7,3,3.7,5.5,0.7,0.2,1.6,1.5,15.8
31515,2024,5169,Malcolm Cazalon,NA,SG,22,1,NBA,DET,1,0,3,0,0,NA,0,0,NA,0,0,NA,NA,0,0,NA,0,0,0,0,0,0,0,0,0
31516,2024,4426,Malik Beasley,NA,SG,27,8,NBA,MIL,46,46,29.4,4,8.5,0.474,2.7,6.1,0.448,1.3,2.4,0.541,0.635,0.3,0.4,0.722,0.6,3.3,4,1.4,0.7,0.1,0.7,2.1,11.1
31517,2024,4541,Malik Monk,NA,SG,25,7,NBA,SAC,45,0,25.3,4.8,11.2,0.431,2.3,6.1,0.377,2.5,5.1,0.496,0.534,2.3,2.8,0.816,0.4,2.2,2.6,5.3,0.6,0.6,2.2,1.9,14.2
31518,2024,4862,Mamadi Diakite,NA,PF,27,4,NBA,SAS,3,0,5.3,1.3,1.7,0.8,0,0,NA,1.3,1.7,0.8,0.8,1.3,2,0.667,0.3,0.7,1,0.7,0,0.3,0,0.3,4
31519,2024,5080,MarJon Beauchamp,NA,SF,23,2,NBA,MIL,35,1,15.4,1.9,3.9,0.486,0.7,1.8,0.403,1.2,2.2,0.553,0.576,0.3,0.6,0.6,0.6,1.8,2.4,0.8,0.3,0.2,0.7,1.3,4.9
31520,2024,4042,Marcus Morris,NA,PF,34,13,NBA,PHI,35,6,17,2.4,5.4,0.442,1,2.4,0.4,1.4,3,0.476,0.532,0.9,1,0.861,0.5,2.4,2.9,0.7,0.3,0.3,0.5,1.7,6.7
31521,2024,5170,Marcus Sasser,NA,PG,23,1,NBA,DET,42,0,15.4,2.7,5.8,0.471,1,2.5,0.406,1.7,3.2,0.522,0.56,0.7,0.8,0.906,0.1,1.4,1.5,2.7,0.5,0.2,0.9,1.3,7.1
31522,2024,4275,Marcus Smart,NA,PG,29,10,NBA,MEM,20,20,30.3,5.1,11.9,0.43,2.1,6.7,0.313,3,5.2,0.583,0.519,2.2,2.8,0.768,0.3,2.4,2.7,4.3,2.1,0.3,3.1,2.7,14.5
31523,2024,5081,Mark Williams,NA,C,22,2,NBA,CHO,19,19,26.7,5.2,7.9,0.649,0,0,NA,5.2,7.9,0.649,0.649,2.4,3.4,0.719,4,5.7,9.7,1.2,0.8,1.1,0.9,2.6,12.7
31524,2024,4544,Markelle Fultz,NA,PG,25,7,NBA,ORL,15,9,24.7,4.3,8.3,0.512,0,0.2,0,4.3,8.1,0.525,0.512,0.4,0.9,0.462,1.3,1.9,3.2,3.7,1.4,0.3,1.1,1.7,8.9
31525,2024,4043,Markieff Morris,NA,PF,34,13,NBA,DAL,16,1,9.4,0.9,2.9,0.319,0.6,1.8,0.321,0.4,1.2,0.316,0.415,0.2,0.3,0.75,0.3,1.5,1.8,0.7,0.3,0.1,0.6,0.7,2.6
31526,2024,5171,Markquis Nowell,NA,SG,24,1,NBA,TOR,1,0,4,0,1,0,0,0,NA,0,1,0,0,2,2,1,2,0,2,2,1,0,0,0,2
31527,2024,4759,Marques Bolden,NA,C,25,3,NBA,MIL,2,0,1.5,0,0,NA,0,0,NA,0,0,NA,NA,0,0,NA,0,1,1,0,0,0,0,0.5,0
31528,2024,4656,Marvin Bagley III,NA,C,24,6,NBA,TOT,34,12,19.7,4.5,7.6,0.597,0.1,0.3,0.222,4.5,7.3,0.61,0.601,2.3,3.1,0.752,2.3,3.1,5.4,1.1,0.3,0.5,1.3,1.9,11.4
31529,2024,4656,Marvin Bagley III,NA,C,24,6,NBA,DET,26,10,18.4,4.1,7,0.591,0,0.2,0.167,4.1,6.7,0.606,0.594,1.9,2.3,0.82,1.8,2.8,4.5,1,0.2,0.5,1.1,1.5,10.2
31530,2024,4656,Marvin Bagley III,NA,C,24,6,NBA,WAS,8,2,24,5.9,9.6,0.61,0.1,0.4,0.333,5.8,9.3,0.622,0.617,3.6,5.5,0.659,4.1,4.3,8.4,1.4,0.6,0.4,2,3,15.5
31531,2024,4180,Mason Plumlee,NA,C,33,11,NBA,LAC,16,7,17.5,2.3,3.6,0.649,0,0,NA,2.3,3.6,0.649,0.649,1.5,2.4,0.615,1.5,4.1,5.6,1.1,0.3,0.4,0.6,1.4,6.1
31532,2024,4760,Matisse Thybulle,NA,SF,26,5,NBA,POR,46,15,22.7,2,4.7,0.419,1.4,3.7,0.366,0.6,1,0.622,0.565,0.3,0.3,0.813,0.4,1.5,2,1.2,1.5,0.8,0.6,1.4,5.6
31533,2024,4988,Matt Ryan,NA,SF,26,3,NBA,NOP,13,1,22.9,2.9,6.4,0.458,2.5,5.2,0.471,0.5,1.2,0.4,0.651,1,1.1,0.929,0.4,1.9,2.3,1.1,0.4,0.1,1.2,1.8,9.3
31534,2024,5172,Matthew Hurt,NA,PF,23,1,NBA,MEM,1,0,23,3,6,0.5,2,3,0.667,1,3,0.333,0.667,2,2,1,1,1,2,1,0,0,0,1,10
31535,2024,5082,Max Christie,NA,SG,20,2,NBA,LAL,39,6,16.9,1.8,4.3,0.416,0.7,2.1,0.333,1.1,2.2,0.494,0.497,0.6,0.8,0.8,0.2,2.4,2.6,1,0.4,0.3,0.8,1.3,4.8
31536,2024,4763,Max Strus,NA,SF,27,5,NBA,CLE,45,45,33.1,4.5,11.2,0.402,2.5,7.4,0.334,2,3.8,0.535,0.513,1.1,1.3,0.817,0.8,4.2,5,3.7,0.9,0.5,1.6,2.8,12.6
31537,2024,4547,Maxi Kleber,NA,C,32,7,NBA,DAL,13,2,18.7,1.2,3.3,0.349,0.5,1.8,0.292,0.6,1.5,0.421,0.43,0.8,1.2,0.667,0.7,2.3,3,1.5,0.2,0.6,0.9,2.2,3.6
31538,2024,5173,Maxwell Lewis,NA,SF,21,1,NBA,LAL,17,0,3.9,0.2,0.6,0.273,0.1,0.2,0.333,0.1,0.5,0.25,0.318,0,0,NA,0.1,0.1,0.2,0.2,0.1,0,0.3,0.2,0.4
31539,2024,4990,Micah Potter,NA,PF,25,3,NBA,UTA,2,0,3.5,0,0.5,0,0,0.5,0,0,0,NA,0,0,0,NA,0,2,2,0,0,0,0,0,0
31540,2024,4766,Michael Porter Jr.,NA,SF,25,5,NBA,DEN,49,49,31.5,6.1,12.9,0.475,2.7,6.8,0.396,3.4,6.1,0.562,0.579,1,1.2,0.77,1.3,5.8,7.1,1.3,0.5,0.7,1,2,15.9
31541,2024,4658,Mikal Bridges,NA,SF,27,6,NBA,BRK,47,47,35.1,7.7,16.9,0.455,2.4,6.6,0.369,5.3,10.3,0.51,0.527,4.1,5,0.825,0.9,4.2,5,3.7,1,0.4,2.3,1.7,21.9
31542,2024,3779,Mike Conley,NA,PG,36,17,NBA,MIN,43,43,29.2,3.7,8.2,0.45,2.3,5.3,0.442,1.3,2.9,0.464,0.593,1.2,1.3,0.926,0.3,2.4,2.8,6.3,1,0.2,1.1,1.7,10.8
31543,2024,4183,Mike Muscala,NA,C,32,11,NBA,TOT,31,3,13.6,1.4,3.6,0.378,0.7,2.2,0.319,0.6,1.4,0.476,0.477,0.5,0.7,0.727,0.9,2.1,3,0.9,0.2,0.4,0.5,1.3,3.9
31544,2024,4183,Mike Muscala,NA,C,32,11,NBA,WAS,24,2,14.1,1.4,3.8,0.367,0.6,2.1,0.275,0.8,1.6,0.487,0.444,0.6,0.8,0.75,0.9,2.2,3.1,0.9,0.2,0.3,0.7,1.3,4
31545,2024,4183,Mike Muscala,NA,C,32,11,NBA,DET,7,1,12.1,1.3,3,0.429,1.1,2.6,0.444,0.1,0.4,0.333,0.619,0.1,0.3,0.5,0.7,1.9,2.6,0.9,0.1,0.6,0.1,1.3,3.9
31546,2024,4659,Miles Bridges,NA,SF,25,5,NBA,CHO,35,33,37.2,8,17.4,0.462,2.4,6.7,0.359,5.6,10.7,0.527,0.531,2.7,3.1,0.861,0.8,6.7,7.5,3.1,1.1,0.6,2,1.9,21.1
31547,2024,4991,Miles McBride,NA,PG,23,3,NBA,NYK,35,2,10,1.7,3.8,0.455,1.1,2.3,0.463,0.7,1.5,0.442,0.597,0.3,0.4,0.786,0.1,0.6,0.7,0.9,0.4,0.1,0.3,1.1,4.9
31548,2024,4661,Mitchell Robinson,NA,C,25,6,NBA,NYK,21,21,29.2,2.8,4.7,0.592,0,0,NA,2.8,4.7,0.592,0.592,0.7,1.8,0.368,5.3,5,10.3,0.7,1.5,1.3,1,1.9,6.2
31549,2024,4662,Mo Bamba,NA,C,25,6,NBA,PHI,25,0,9.3,1.6,3,0.547,0.4,0.8,0.5,1.2,2.2,0.564,0.613,0.6,0.8,0.667,1.3,1.8,3.1,0.6,0.4,0.9,0.6,1.4,4.2
31550,2024,4551,Monte Morris,NA,PG,28,7,NBA,DET,4,0,12.3,2.8,6,0.458,0.5,1.8,0.286,2.3,4.3,0.529,0.5,0.3,0.5,0.5,0,1.8,1.8,1.8,0.3,0.3,0.5,0.3,6.3
31551,2024,4663,Moritz Wagner,NA,C,26,6,NBA,ORL,46,1,19,4.4,7.5,0.583,0.5,1.7,0.329,3.8,5.8,0.654,0.619,2.2,2.8,0.786,1.6,3.1,4.6,1.3,0.5,0.3,1.1,2.2,11.5
31552,2024,4768,Moses Brown,NA,C,24,5,NBA,POR,9,4,9.1,1,2.3,0.429,0,0,NA,1,2.3,0.429,0.429,0,0.4,0,2,3.1,5.1,0.2,0.2,0.3,0.4,1.2,2
31553,2024,4992,Moses Moody,NA,SG,21,3,NBA,GSW,34,4,18,3.1,6.5,0.482,1.1,3.1,0.358,2,3.4,0.595,0.568,1.3,1.7,0.789,1.1,2,3.1,0.8,0.7,0.3,0.7,1.4,8.7
31554,2024,5174,Mouhamed Gueye,NA,PF,21,1,NBA,ATL,2,0,2,0,0.5,0,0,0.5,0,0,0,NA,0,0,0,NA,0,0,0,0,0.5,0,0,0.5,0
31555,2024,5084,Moussa Diabaté,NA,C,22,2,NBA,LAC,10,0,5.8,0.9,1.8,0.5,0,0,NA,0.9,1.8,0.5,0.5,0.9,1.2,0.75,1.4,0.6,2,0.4,0.4,0,0.2,0.4,2.7
31556,2024,4350,Myles Turner,NA,C,27,9,NBA,IND,46,46,27.4,6.2,12,0.52,1.4,4.1,0.337,4.8,7.8,0.617,0.578,3.4,4.3,0.792,1.7,5.3,7,1.3,0.5,1.9,1.5,3.2,17.2
31557,2024,4865,Naji Marshall,NA,SF,26,4,NBA,NOP,39,1,18.6,2.6,5.7,0.455,0.8,2.2,0.379,1.7,3.5,0.504,0.529,1.5,1.9,0.781,1,2.6,3.5,1.9,0.7,0.2,1,1.5,7.5
31558,2024,4770,Nassir Little,NA,SF,23,5,NBA,PHO,28,2,13.4,1.6,3.4,0.484,0.6,1.9,0.308,1.1,1.5,0.698,0.568,0.6,0.7,0.85,0.5,1.7,2.2,0.6,0.4,0.3,0.4,1.1,4.5
31559,2024,4867,Nate Hinton,NA,SG,24,3,NBA,HOU,8,0,4.3,0.6,1.4,0.455,0.5,0.6,0.8,0.1,0.8,0.167,0.636,0,0,NA,0.3,0.8,1,0.3,0,0.1,0.3,0.9,1.8
31560,2024,5175,Nathan Mensah,NA,C,25,1,NBA,CHO,21,0,13.1,0.5,1.1,0.435,0,0,NA,0.5,1.1,0.435,0.435,0.4,0.6,0.75,1.2,1.6,2.8,0.4,0.3,0.7,0.6,2.8,1.4
31561,2024,4771,Naz Reid,NA,C,24,5,NBA,MIN,48,0,22.4,4.6,9.5,0.487,2,4.8,0.417,2.7,4.8,0.557,0.591,1.1,1.4,0.754,0.9,3.6,4.6,1.1,0.7,0.7,1.3,2,12.4
31562,2024,4995,Neemias Queta,NA,C,24,3,NBA,BOS,20,0,12.4,1.9,3.3,0.585,0,0,NA,1.9,3.3,0.585,0.585,0.7,1,0.737,1.7,2.5,4.2,0.5,0.4,0.7,0.4,2,4.5
31563,2024,4772,Nic Claxton,NA,C,24,5,NBA,BRK,37,37,29.8,5.4,8.6,0.632,0,0.1,0.333,5.4,8.5,0.635,0.634,1.5,2.7,0.556,3,7.3,10.4,1.9,0.7,2.1,1.2,2.6,12.4
31564,2024,4869,Nick Richards,NA,C,26,4,NBA,CHO,37,24,25.1,3.7,5.4,0.688,0,0,NA,3.7,5.4,0.688,0.688,2.2,2.9,0.748,2.7,5.1,7.8,0.8,0.3,1.4,1,2.7,9.6
31565,2024,5176,Nick Smith Jr.,NA,SG,19,1,NBA,CHO,31,0,15.1,2.5,5.7,0.427,1.4,2.9,0.467,1.1,2.8,0.386,0.545,0.1,0.1,0.75,0.5,1,1.5,1.1,0.1,0.2,0.9,1.1,6.4
31566,2024,4773,Nickeil Alexander-Walker,NA,SG,25,5,NBA,MIN,48,16,23,2.5,5.8,0.43,1.4,3.8,0.37,1.1,1.9,0.548,0.552,0.5,0.7,0.727,0.4,1.4,1.8,2.6,0.9,0.5,0.9,1.9,6.9
31567,2024,3841,Nicolas Batum,NA,PF,35,16,NBA,TOT,34,27,24.9,2.1,4,0.519,1.3,2.9,0.454,0.8,1.1,0.684,0.681,0.3,0.4,0.643,1.2,2.6,3.9,2.3,0.7,0.7,0.6,2,5.7
31568,2024,3841,Nicolas Batum,NA,PF,35,16,NBA,LAC,3,0,18,1,2.7,0.375,0.7,2.3,0.286,0.3,0.3,1,0.5,0,0,NA,0,2.3,2.3,1.7,1,1.3,0.3,1.7,2.7
31569,2024,3841,Nicolas Batum,NA,PF,35,16,NBA,PHI,31,27,25.5,2.2,4.1,0.528,1.4,2.9,0.467,0.8,1.2,0.676,0.693,0.3,0.5,0.643,1.4,2.6,4,2.4,0.6,0.7,0.6,2,6
31570,2024,4352,Nikola Jokić,NA,C,28,9,NBA,DEN,47,47,33.7,10.2,17.5,0.585,1,2.9,0.358,9.2,14.6,0.631,0.615,4.8,5.9,0.815,3,9.1,12.1,9,1.2,0.9,2.9,2.6,26.3
31571,2024,5085,Nikola Jović,NA,PF,20,2,NBA,MIA,19,12,16.7,1.9,4.8,0.402,1,2.4,0.422,0.9,2.5,0.383,0.505,0.6,1.1,0.55,0.9,3.4,4.3,1.9,0.3,0.4,0.9,1.9,5.5
31572,2024,4047,Nikola Vučević,NA,C,33,13,NBA,CHI,44,42,33.8,7.3,15.4,0.473,1.1,4,0.27,6.2,11.4,0.545,0.508,1.3,1.5,0.862,2.6,7.9,10.5,3.5,0.7,0.8,1.5,2.5,17
31573,2024,5177,Noah Clowney,NA,PF,19,1,NBA,BRK,3,0,10,2,3.3,0.6,0,0.3,0,2,3,0.667,0.6,1.3,1.3,1,1,1.3,2.3,1,0,0.3,0.3,1,5.3
31574,2024,4353,Norman Powell,NA,SG,30,9,NBA,LAC,46,0,25.4,4.7,9.5,0.494,2.1,4.6,0.45,2.7,5,0.535,0.603,2,2.3,0.849,0.2,2.5,2.6,1,0.5,0.4,0.9,1.8,13.5
31575,2024,4555,OG Anunoby,NA,SF,26,7,NBA,TOT,41,41,34.1,5.8,11.7,0.498,2.1,5.5,0.379,3.7,6.1,0.606,0.588,1.6,2,0.774,1,3.2,4.2,2.3,1.3,0.7,1.5,2.3,15.3
31576,2024,4555,OG Anunoby,NA,SF,26,7,NBA,TOR,27,27,33.3,5.8,11.9,0.489,2.3,6,0.374,3.6,5.9,0.608,0.584,1.2,1.7,0.717,0.9,3,3.9,2.7,1,0.5,1.6,2.3,15.1
31577,2024,4555,OG Anunoby,NA,SF,26,7,NBA,NYK,14,14,35.7,5.8,11.2,0.516,1.8,4.6,0.391,4,6.6,0.602,0.596,2.3,2.7,0.842,1.1,3.6,4.6,1.5,1.8,1.1,1.4,2.4,15.6
31578,2024,4871,Obi Toppin,NA,PF,25,4,NBA,IND,48,28,23.2,4.5,7.8,0.575,1.3,3.2,0.39,3.2,4.5,0.706,0.656,1.1,1.4,0.761,1.1,2.9,4,1.6,0.5,0.5,0.8,2,11.2
31579,2024,5086,Ochai Agbaji,NA,SG,23,2,NBA,UTA,49,10,19.9,2.1,5,0.43,0.9,2.9,0.329,1.2,2.1,0.567,0.525,0.3,0.4,0.75,0.7,1.8,2.5,0.9,0.6,0.6,0.7,1.3,5.5
31580,2024,4996,Olivier Sarr,NA,C,24,3,NBA,OKC,10,0,7.3,0.6,1.2,0.5,0.2,0.5,0.4,0.4,0.7,0.571,0.583,0.6,0.8,0.75,0.7,2,2.7,0.2,0,0.5,0.2,1.5,2
31581,2024,5178,Olivier-Maxence Prosper,NA,PF,21,1,NBA,DAL,25,0,9.6,0.9,2.6,0.354,0.3,1.3,0.25,0.6,1.3,0.455,0.415,0.9,1.4,0.676,0.6,1.6,2.2,0.8,0.1,0.1,0.2,0.7,3.1
31582,2024,4997,Omer Yurtseven,NA,C,25,3,NBA,UTA,26,6,10.2,1.5,3.1,0.488,0.1,0.6,0.2,1.4,2.5,0.554,0.506,0.2,0.4,0.545,1.4,2.6,4,0.5,0.2,0.4,0.9,1.3,3.3
31583,2024,5179,Onuralp Bitim,NA,SG,24,1,NBA,CHI,1,0,3,0,0,NA,0,0,NA,0,0,NA,NA,0,0,NA,0,0,0,0,0,0,0,0,0
31584,2024,4872,Onyeka Okongwu,NA,C,23,4,NBA,ATL,46,3,24.7,3.6,6.1,0.593,0.3,1.1,0.294,3.3,5,0.659,0.62,1.7,2.1,0.813,2.5,4.1,6.6,1.4,0.5,1,0.9,2.9,9.2
31585,2024,5087,Orlando Robinson,NA,C,23,2,NBA,MIA,20,7,11.5,1.6,3,0.517,0.4,0.6,0.583,1.2,2.4,0.5,0.575,0.7,1,0.7,1,2.2,3.1,1.4,0.3,0.4,0.7,1.5,4.2
31586,2024,5180,Oscar Tshiebwe,NA,PF,24,1,NBA,IND,6,0,5.7,1.3,2.7,0.5,0,0,NA,1.3,2.7,0.5,0.5,0.8,1,0.833,1,1,2,0.3,0.3,0,0,0.2,3.5
31587,2024,4777,Oshae Brissett,NA,SF,25,5,NBA,BOS,30,0,11.7,1.4,2.9,0.466,0.3,1.2,0.286,1,1.8,0.585,0.523,0.9,1.3,0.675,1.1,2,3.1,0.6,0.4,0.1,0.3,1.2,4
31588,2024,4189,Otto Porter Jr.,NA,SF,30,11,NBA,TOR,15,1,11.6,0.9,2.2,0.424,0.5,1.5,0.348,0.4,0.7,0.6,0.545,0.2,0.2,1,0.4,1.5,1.9,0.5,0.3,0.3,0.1,1.3,2.6
31589,2024,5088,Ousmane Dieng,NA,PF,20,2,NBA,OKC,23,0,11.2,1.4,3.4,0.423,0.7,2.3,0.308,0.7,1.1,0.654,0.526,0.4,0.5,0.833,0.4,1.4,1.8,0.8,0.1,0,0.5,0.7,4
31590,2024,3698,P.J. Tucker,NA,PF,38,13,NBA,TOT,15,3,15.9,0.4,1.3,0.316,0.3,1.1,0.313,0.1,0.2,0.333,0.447,0.2,0.2,1,1.1,1.8,2.9,0.5,0.6,0.2,0.3,2.3,1.3
31591,2024,3698,P.J. Tucker,NA,PF,38,13,NBA,PHI,3,3,22,0.7,1.7,0.4,0.7,1.7,0.4,0,0,NA,0.6,0,0,NA,0.3,4.3,4.7,0,1,0.7,0.7,3,2
31592,2024,3698,P.J. Tucker,NA,PF,38,13,NBA,LAC,12,0,14.4,0.3,1.2,0.286,0.3,0.9,0.273,0.1,0.3,0.333,0.393,0.3,0.3,1,1.3,1.2,2.4,0.7,0.5,0.1,0.2,2.2,1.2
31593,2024,4778,P.J. Washington,NA,PF,25,5,NBA,CHO,40,17,29.1,5.2,11.5,0.453,1.9,5.6,0.342,3.3,5.9,0.56,0.537,1.5,2,0.747,1.2,3.9,5.1,2.2,0.8,0.8,1.5,2.6,13.8
31594,2024,5089,Paolo Banchero,NA,PF,21,2,NBA,ORL,48,48,34.9,8.2,18,0.453,1.5,4.2,0.358,6.7,13.8,0.482,0.495,5.2,7.5,0.696,1.2,5.8,7,5,1,0.6,3.1,2.1,23
31595,2024,4437,Pascal Siakam,NA,PF,29,8,NBA,TOT,46,46,34.4,8.4,15.9,0.529,1.1,3.5,0.327,7.3,12.4,0.586,0.565,4.1,5.5,0.751,1.5,5,6.5,4.9,0.8,0.2,2,2.4,22.1
31596,2024,4437,Pascal Siakam,NA,PF,29,8,NBA,TOR,39,39,34.7,8.3,16,0.522,1.2,3.7,0.317,7.2,12.3,0.584,0.559,4.3,5.7,0.758,1.4,4.9,6.3,4.9,0.8,0.3,2.1,2.2,22.2
31597,2024,4437,Pascal Siakam,NA,PF,29,8,NBA,IND,7,7,32.4,8.9,15.4,0.574,0.9,2,0.429,8,13.4,0.596,0.602,3,4.3,0.7,2.1,5.3,7.4,5.1,0.7,0,1.4,3.3,21.6
31598,2024,4354,Pat Connaughton,NA,SF,31,9,NBA,MIL,42,0,20.8,1.9,4.2,0.449,1.2,3,0.383,0.7,1.1,0.625,0.588,0.4,0.5,0.783,0.6,2.4,3,1.7,0.5,0.2,0.5,1.2,5.4
31599,2024,5090,Patrick Baldwin Jr.,NA,SF,21,2,NBA,WAS,16,0,7.3,0.9,2.3,0.405,0.6,1.3,0.476,0.3,1,0.313,0.541,0.4,0.6,0.7,0.4,1.8,2.2,0.4,0.1,0.2,0.4,1.3,2.9
31600,2024,4124,Patrick Beverley,NA,PG,35,12,NBA,PHI,43,5,19.5,2.1,5,0.419,0.7,2.3,0.303,1.4,2.7,0.517,0.488,1.1,1.4,0.797,0.7,2.4,3.1,2.9,0.6,0.4,1,1.8,6
31601,2024,4873,Patrick Williams,NA,PF,22,4,NBA,CHI,43,30,27.3,3.7,8.3,0.443,1.4,3.4,0.399,2.3,4.9,0.474,0.525,1.2,1.5,0.788,1.1,2.8,3.9,1.5,0.9,0.8,1.3,2,10
31602,2024,3898,Patty Mills,NA,PG,35,15,NBA,ATL,16,0,10.9,1.1,2.8,0.4,0.8,1.9,0.433,0.3,0.9,0.333,0.544,0,0,NA,0.3,0.7,1,0.8,0.4,0.1,0.5,1.1,3.1
31603,2024,3969,Paul George,NA,PF,33,14,NBA,LAC,43,43,34.1,8,17.4,0.463,3.4,8.3,0.412,4.6,9,0.51,0.562,3.5,3.8,0.909,0.6,4.8,5.5,3.5,1.6,0.4,2.1,2.9,23
31604,2024,4874,Paul Reed,NA,C,24,4,NBA,PHI,46,10,16,2.7,4.8,0.561,0.2,0.6,0.385,2.5,4.2,0.585,0.584,0.6,0.8,0.703,1.9,3,4.9,1.2,0.7,0.7,0.8,2.3,6.2
31605,2024,4875,Payton Pritchard,NA,PG,26,4,NBA,BOS,48,0,21,2.8,6.6,0.423,1.7,4.4,0.377,1.1,2.2,0.514,0.549,0.6,0.7,0.794,0.9,2.3,3.2,2.9,0.4,0.1,0.6,1.3,7.8
31606,2024,5181,Pete Nance,NA,PF,23,1,NBA,CLE,2,0,2,0,1,0,0,0,NA,0,1,0,0,0,0,NA,0,0,0,0,0,0,0,0,0
31607,2024,5091,Peyton Watson,NA,SF,21,2,NBA,DEN,47,3,17.8,2.6,5.5,0.465,0.7,2.1,0.316,1.9,3.4,0.556,0.525,1,1.5,0.696,0.6,2.2,2.7,1,0.6,0.9,0.6,1.7,6.8
31608,2024,4876,Precious Achiuwa,NA,C-PF,24,4,NBA,TOT,41,2,17.7,2.9,5.9,0.481,0.4,1.4,0.263,2.5,4.5,0.548,0.512,0.7,1.2,0.604,2.1,3.3,5.4,1.3,0.5,0.6,0.9,1.7,6.8
31609,2024,4876,Precious Achiuwa,NA,C,24,4,NBA,TOR,25,0,17.5,3.1,6.8,0.459,0.5,1.9,0.277,2.6,4.9,0.528,0.497,1,1.7,0.571,2,3.4,5.4,1.8,0.6,0.5,1.2,1.6,7.7
31610,2024,4876,Precious Achiuwa,NA,PF,24,4,NBA,NYK,16,2,18.1,2.4,4.6,0.534,0.1,0.6,0.2,2.3,3.9,0.587,0.548,0.3,0.4,0.833,2.2,3.1,5.3,0.6,0.3,0.8,0.6,1.8,5.3
31611,2024,5000,Quentin Grimes,NA,SG,23,3,NBA,NYK,45,18,20.2,2.5,6.4,0.395,1.7,4.7,0.363,0.8,1.6,0.486,0.53,0.5,0.8,0.706,0.3,1.6,2,1.2,0.7,0.1,0.5,1.5,7.3
31612,2024,4877,R.J. Hampton,NA,PG,22,4,NBA,MIA,8,2,9.5,0.5,1.8,0.286,0.1,1,0.125,0.4,0.8,0.5,0.321,0.1,0.3,0.5,0.3,0.5,0.8,1,0,0,0.4,1,1.3
31613,2024,4782,RJ Barrett,NA,SG,23,5,NBA,TOT,39,39,30.8,6.9,14.8,0.465,1.6,4.6,0.339,5.3,10.2,0.521,0.517,3.8,5,0.763,0.8,4.4,5.2,2.8,0.5,0.4,1.8,2.1,19.2
31614,2024,4782,RJ Barrett,NA,SG,23,5,NBA,NYK,26,26,29.5,6.3,14.9,0.423,1.7,5,0.331,4.7,9.9,0.469,0.478,4,4.8,0.831,0.7,3.5,4.3,2.4,0.5,0.3,1.8,1.7,18.2
31615,2024,4782,RJ Barrett,NA,SG,23,5,NBA,TOR,13,13,33.6,8.1,14.7,0.55,1.4,3.8,0.36,6.7,10.8,0.617,0.597,3.5,5.4,0.643,1.1,6,7.1,3.5,0.6,0.4,1.8,2.9,21
31616,2024,5182,Rayan Rupert,NA,SG,19,1,NBA,POR,16,0,7.4,0.9,2.7,0.349,0.4,1.1,0.412,0.5,1.6,0.308,0.43,0.3,0.5,0.625,0.4,0.9,1.3,0.7,0.2,0,0.4,0.4,2.6
31617,2024,4194,Reggie Bullock,NA,SF,32,11,NBA,HOU,18,0,9.2,0.9,2.1,0.421,0.6,1.6,0.393,0.3,0.6,0.5,0.566,0.1,0.1,1,0.1,1.2,1.3,0.5,0.2,0.1,0.3,0.5,2.4
31618,2024,4050,Reggie Jackson,NA,PG,33,13,NBA,DEN,49,14,23.1,4.4,9.6,0.459,1.3,3.6,0.379,3,6,0.507,0.53,1,1.3,0.774,0.4,1.7,2.1,4,0.6,0.2,1.4,1.9,11.1
31619,2024,4359,Richaun Holmes,NA,C,30,9,NBA,DAL,22,2,10.5,1.5,2.7,0.559,0,0,NA,1.5,2.7,0.559,0.559,0.5,1,0.571,1.5,2,3.5,0.6,0.1,0.4,0.5,1.5,3.5
31620,2024,5183,Ricky Council IV,NA,SG,22,1,NBA,PHI,7,0,4.6,0.9,1.9,0.462,0.1,0.3,0.5,0.7,1.6,0.455,0.5,1.3,1.7,0.75,0.4,0,0.4,0,0.3,0,0,0.1,3.1
31621,2024,4197,Robert Covington,NA,SF-PF,33,11,NBA,TOT,29,6,16.8,1.5,3.4,0.439,0.7,1.9,0.339,0.8,1.4,0.571,0.536,0.8,0.9,0.846,1.1,2.3,3.3,0.8,1.3,0.6,0.4,1.9,4.4
31622,2024,4197,Robert Covington,NA,PF,33,11,NBA,LAC,3,3,23,1,3,0.333,0.7,2.7,0.25,0.3,0.3,1,0.444,0.3,0.7,0.5,0.7,2,2.7,2.3,2,0.7,0,2.3,3
31623,2024,4197,Robert Covington,NA,SF,33,11,NBA,PHI,26,3,16.1,1.5,3.4,0.449,0.7,1.8,0.354,0.9,1.6,0.561,0.545,0.8,0.9,0.875,1.1,2.3,3.4,0.7,1.3,0.6,0.4,1.9,4.5
31624,2024,4667,Robert Williams,NA,C,26,6,NBA,POR,6,0,19.8,2.8,4.3,0.654,0,0,NA,2.8,4.3,0.654,0.654,1.2,1.5,0.778,1.8,4.5,6.3,0.8,1.2,1.2,1.2,2.8,6.8
31625,2024,3845,Robin Lopez,NA,C,35,16,NBA,MIL,13,0,2.9,0.2,0.6,0.375,0.2,0.5,0.333,0.1,0.2,0.5,0.5,0.2,0.2,1,0.1,0.2,0.2,0.3,0,0.1,0.1,0.3,0.8
31626,2024,5094,Ron Harper Jr.,NA,PF,23,2,NBA,TOR,1,0,4,0,0,NA,0,0,NA,0,0,NA,NA,0,0,NA,0,0,0,1,0,0,0,2,0
31627,2024,4560,Royce O'Neale,NA,SF,30,7,NBA,BRK,46,6,24.3,2.4,6.3,0.384,1.9,5.2,0.361,0.6,1.2,0.481,0.531,0.3,0.4,0.65,0.8,3.8,4.5,2.9,0.7,0.6,1,2.5,7
31628,2024,4199,Rudy Gobert,NA,C,31,11,NBA,MIN,47,47,33.1,5.1,8,0.639,0,0,0,5.1,7.9,0.642,0.639,3.3,5.1,0.632,3.4,9,12.4,1.2,0.6,2.1,1.6,2.9,13.4
31629,2024,4784,Rui Hachimura,NA,PF,25,5,NBA,LAL,35,7,22.8,4.3,8.6,0.498,1.1,2.9,0.392,3.1,5.7,0.553,0.565,1.7,2.2,0.753,0.8,2.7,3.5,1.1,0.8,0.2,0.7,1.3,11.4
31630,2024,3849,Russell Westbrook,NA,PG,35,16,NBA,LAC,46,10,23,4.5,9.8,0.463,0.7,2.3,0.286,3.9,7.5,0.517,0.497,1.6,2.4,0.673,1.5,4.2,5.7,4.7,1.1,0.4,2.1,1.8,11.3
31631,2024,4561,Ryan Arcidiacono,NA,PG,29,7,NBA,NYK,20,0,2.3,0,0.3,0,0,0.3,0,0,0,NA,0,0,0,NA,0,0.4,0.4,0.2,0.1,0,0.1,0.3,0
31632,2024,5095,Ryan Rollins,NA,PG,21,2,NBA,WAS,10,0,6.6,1.3,2.5,0.52,0.2,0.3,0.667,1.1,2.2,0.5,0.56,1.3,1.7,0.765,0.2,0.9,1.1,1.1,0.8,0.3,0.7,0.7,4.1
31633,2024,4881,Saben Lee,NA,PG,24,4,NBA,PHO,11,0,6.8,0.8,1.9,0.429,0,0.5,0,0.8,1.5,0.563,0.429,1.2,1.5,0.765,0.5,0.6,1.1,1.1,0.3,0.3,0.5,0.5,2.8
31634,2024,4882,Saddiq Bey,NA,SF,24,4,NBA,ATL,47,35,32.7,4.5,10.7,0.417,1.7,5.6,0.307,2.7,5.1,0.538,0.497,2.5,3.1,0.814,2.6,4,6.6,1.5,0.9,0.1,0.9,1.6,13.2
31635,2024,5003,Sam Hauser,NA,SF,26,3,NBA,BOS,47,5,21.6,2.8,6.3,0.444,2.2,5.4,0.412,0.6,0.9,0.643,0.621,0.2,0.3,0.846,0.7,2.8,3.4,1,0.4,0.3,0.5,1.3,8.1
31636,2024,4883,Sam Merrill,NA,SG,27,4,NBA,CLE,30,0,16.3,2.9,6.7,0.435,2.5,5.7,0.433,0.4,1,0.448,0.62,0.3,0.4,0.909,0.5,1.6,2,1.6,0.3,0,0.3,1.3,8.6
31637,2024,5004,Sandro Mamukelashvili,NA,C,24,3,NBA,SAS,26,0,6.8,0.9,2.3,0.407,0.3,1.2,0.25,0.6,1,0.593,0.475,0.5,0.6,0.75,0.6,1.3,1.9,1,0.2,0.3,0.3,0.7,2.6
31638,2024,5005,Santi Aldama,NA,PF,23,3,NBA,MEM,36,10,23.8,4,9.2,0.433,1.6,4.7,0.351,2.3,4.5,0.519,0.523,1,1.6,0.625,1.2,4.4,5.6,1.8,0.7,0.7,1.1,1.6,10.6
31639,2024,5184,Sasha Vezenkov,NA,PF,28,1,NBA,SAC,33,0,12.7,2.2,4.8,0.456,1.1,2.9,0.375,1.1,1.9,0.581,0.57,0.2,0.3,0.7,0.9,1.7,2.6,0.4,0.5,0.2,0.3,0.9,5.7
31640,2024,5185,Scoot Henderson,NA,PG,19,1,NBA,POR,39,15,26.3,4.4,11.6,0.374,1.2,3.8,0.309,3.2,7.8,0.407,0.425,2.4,3.1,0.79,0.8,2.1,2.9,4.6,0.6,0.3,3,3,12.3
31641,2024,5006,Scottie Barnes,NA,SG,22,3,NBA,TOR,47,47,35.2,7.5,15.8,0.476,1.9,5.3,0.359,5.6,10.5,0.535,0.536,3.2,4.2,0.766,2.2,5.9,8.2,5.8,1.3,1.5,2.7,2,20.2
31642,2024,5096,Scotty Pippen Jr.,NA,PG,23,2,NBA,MEM,4,1,19.5,2.5,5.5,0.455,1,1.8,0.571,1.5,3.8,0.4,0.545,2.5,3.5,0.714,0.8,2.3,3,4,0.8,0.3,2.3,1.8,8.5
31643,2024,4203,Seth Curry,NA,SG,33,10,NBA,DAL,36,3,12.7,1.5,4,0.372,0.8,2.2,0.363,0.7,1.8,0.385,0.472,0.5,0.5,0.895,0.4,1,1.4,0.8,0.5,0.1,0.4,0.9,4.3
31644,2024,5186,Seth Lundy,NA,SF,23,1,NBA,ATL,9,0,5.8,0.4,1.9,0.235,0.3,1.4,0.231,0.1,0.4,0.25,0.324,0.3,0.4,0.75,0.1,0.7,0.8,0,0,0,0.1,0.7,1.6
31645,2024,5097,Shaedon Sharpe,NA,SG,20,2,NBA,POR,32,25,33.1,5.5,13.6,0.406,1.9,5.6,0.333,3.6,7.9,0.457,0.475,3.1,3.7,0.824,1.3,3.7,5,2.9,0.9,0.4,2.3,2.8,15.9
31646,2024,4670,Shai Gilgeous-Alexander,NA,PG,25,6,NBA,OKC,47,47,34.4,10.9,20.1,0.545,1.2,3.4,0.348,9.7,16.6,0.586,0.575,8.3,9.3,0.892,0.9,4.7,5.6,6.4,2.2,0.8,2.2,2.6,31.3
31647,2024,4671,Shake Milton,NA,SG,27,6,NBA,MIN,37,0,13.1,1.7,4.2,0.408,0.4,1.4,0.264,1.4,2.8,0.481,0.452,1,1.2,0.818,0.2,1.1,1.3,1.4,0.4,0.1,0.8,1.2,4.8
31648,2024,4563,Shaquille Harrison,NA,SG,30,7,NBA,MEM,3,0,2,0.3,0.7,0.5,0,0,NA,0.3,0.7,0.5,0.5,0,0,NA,0,0.7,0.7,0,0,0.3,0,0,0.7
31649,2024,5187,Sidy Cissoko,NA,SF,19,1,NBA,SAS,5,0,6.4,0.2,1.2,0.167,0,0.8,0,0.2,0.4,0.5,0.167,0.8,0.8,1,0,1.2,1.2,0,0.6,0,0.2,0.4,1.2
31650,2024,5098,Simone Fontecchio,NA,SF,28,2,NBA,UTA,47,31,23.1,3.3,7.2,0.451,1.9,4.7,0.401,1.4,2.5,0.547,0.583,0.6,0.8,0.789,1,2.5,3.4,1.4,0.6,0.4,1,1.7,9
31651,2024,4885,Skylar Mays,NA,PG-SG,26,4,NBA,TOT,25,5,15.4,2.4,5.9,0.399,0.6,2,0.314,1.7,3.9,0.443,0.453,0.5,0.7,0.765,0.4,1.2,1.6,3.2,0.6,0.1,0.7,1,5.9
31652,2024,4885,Skylar Mays,NA,PG,26,4,NBA,POR,21,5,17,2.5,6.6,0.384,0.7,2.3,0.286,1.9,4.2,0.438,0.435,0.6,0.8,0.765,0.4,1.3,1.8,3.6,0.7,0.1,0.9,1,6.3
31653,2024,4885,Skylar Mays,NA,SG,26,4,NBA,LAL,4,0,7.5,1.5,2.5,0.6,0.5,0.5,1,1,2,0.5,0.7,0,0,NA,0.3,0.5,0.8,1.5,0.5,0,0,1,3.5
31654,2024,4291,Spencer Dinwiddie,NA,PG,30,10,NBA,BRK,45,45,30.5,4.2,10.5,0.395,1.9,5.8,0.327,2.2,4.7,0.479,0.485,2.7,3.5,0.783,0.6,2.8,3.4,6,0.8,0.2,1.4,1.8,13
31655,2024,5099,Stanley Umude,NA,SG,24,2,NBA,DET,15,0,10.3,1.3,2.9,0.455,0.9,1.8,0.519,0.4,1.1,0.353,0.614,1.4,1.5,0.913,0.2,1.7,1.9,0.5,0.3,0.3,0.7,1.6,5
31656,2024,3903,Stephen Curry,NA,PG,35,15,NBA,GSW,41,41,33.5,8.8,19.4,0.455,4.8,11.6,0.409,4.1,7.8,0.524,0.577,5.1,5.5,0.929,0.5,3.8,4.3,5,0.8,0.4,3,1.9,27.5
31657,2024,4672,Svi Mykhailiuk,NA,SF,26,6,NBA,BOS,21,0,7.7,0.9,2.8,0.328,0.7,2.2,0.298,0.2,0.5,0.455,0.448,0.1,0.3,0.5,0.2,0.6,0.9,0.3,0.3,0,0.3,0.5,2.6
31658,2024,4365,T.J. McConnell,NA,PG,31,9,NBA,IND,38,3,17,3.5,6.7,0.525,0.1,0.4,0.118,3.5,6.3,0.555,0.529,0.9,1.2,0.75,0.5,2.1,2.6,5.5,1.1,0.1,1.5,1.1,8
31659,2024,3905,Taj Gibson,NA,PF,38,15,NBA,NYK,11,0,8.8,0.6,1.3,0.5,0,0.4,0,0.6,0.9,0.7,0.5,0,0,NA,0.5,1.1,1.6,0.5,0.1,0.5,0.2,1.8,1.3
31660,2024,4789,Talen Horton-Tucker,NA,PG,23,5,NBA,UTA,32,11,21.1,4,9.7,0.411,1.2,3.6,0.333,2.8,6.1,0.456,0.472,1.6,2,0.8,0.4,2.1,2.5,4.1,1,0.3,1.6,1.9,10.8
31661,2024,5100,Tari Eason,NA,PF,22,2,NBA,HOU,22,0,21.8,4,8.6,0.466,0.8,2.3,0.36,3.2,6.3,0.504,0.513,1,1.5,0.636,2.1,4.9,7,1.2,1.4,0.9,0.9,2.3,9.8
31662,2024,4450,Taurean Prince,NA,PF,29,8,NBA,LAL,46,46,30.3,3.4,8,0.425,2.1,5.4,0.385,1.3,2.7,0.508,0.554,0.6,0.8,0.744,0.2,2.6,2.8,1.7,0.9,0.5,0.9,2.2,9.5
31663,2024,5188,Taylor Hendricks,NA,PF,20,1,NBA,UTA,13,0,13.9,1.8,4.5,0.397,0.9,2.7,0.343,0.8,1.8,0.478,0.5,0.5,0.6,0.75,0.8,1.4,2.2,0.5,0.7,0.5,0.7,0.9,4.9
31664,2024,5189,Taze Moore,NA,SG,25,1,NBA,POR,3,0,3.3,1,1.7,0.6,0,0.7,0,1,1,1,0.6,0,0,NA,0,0,0,0.3,0.3,0,0.3,0.7,2
31665,2024,4791,Terance Mann,NA,SG,27,5,NBA,LAC,40,36,25.1,2.9,6.5,0.452,0.9,3,0.298,2,3.5,0.587,0.521,0.8,1.1,0.75,1.2,2,3.2,1.8,0.6,0.3,0.6,1.9,7.6
31666,2024,5190,Terquavion Smith,NA,PG,21,1,NBA,PHI,5,0,4.8,0.6,2.6,0.231,0.6,2,0.3,0,0.6,0,0.346,0.4,0.4,1,0,0,0,1.2,0.8,0,0.4,0.2,2.2
31667,2024,4366,Terry Rozier,NA,SG-PG,29,9,NBA,TOT,35,34,34.6,7.7,17.3,0.449,2.6,7.2,0.356,5.2,10,0.516,0.523,3.3,3.8,0.851,0.6,3.3,3.9,6.5,1.1,0.4,2.1,1.7,21.3
31668,2024,4366,Terry Rozier,NA,SG,29,9,NBA,CHO,30,30,35.5,8.4,18.3,0.459,2.8,7.7,0.358,5.6,10.6,0.533,0.535,3.6,4.3,0.845,0.6,3.3,3.9,6.6,1.1,0.4,2.2,1.7,23.2
31669,2024,4366,Terry Rozier,NA,PG,29,9,NBA,MIA,5,4,29.4,3.8,11,0.345,1.4,4.2,0.333,2.4,6.8,0.353,0.409,1,1,1,0.6,3,3.6,5.6,1,0.4,1.4,1.6,10
31670,2024,5010,Terry Taylor,NA,PF,24,3,NBA,CHI,17,0,7.5,0.8,1.5,0.538,0.1,0.4,0.143,0.8,1.1,0.684,0.558,0.1,0.1,1,0.8,0.8,1.5,0.4,0.2,0.1,0.4,0.8,1.8
31671,2024,3791,Thaddeus Young,NA,PF,35,17,NBA,TOR,19,6,14.6,2.3,3.9,0.587,0.1,0.3,0.2,2.3,3.7,0.614,0.593,0.2,0.5,0.444,1.2,1.7,2.9,2.3,0.8,0.1,0.4,1.7,4.9
31672,2024,4367,Thanasis Antetokounmpo,NA,PF,31,6,NBA,MIL,19,0,4.1,0.4,0.7,0.5,0,0,NA,0.4,0.7,0.5,0.5,0,0,NA,0.2,0.2,0.4,0.5,0.1,0.2,0.5,0.7,0.7
31673,2024,4568,Thomas Bryant,NA,C,26,7,NBA,MIA,25,3,10.4,1.8,3.1,0.571,0,0.2,0,1.8,2.9,0.603,0.571,0.7,0.9,0.818,1,2.1,3.1,0.6,0.2,0.2,0.6,1,4.2
31674,2024,4886,Théo Maledon,NA,PG,22,4,NBA,CHO,13,1,15.4,1.5,5.1,0.288,0.4,2.3,0.167,1.1,2.8,0.389,0.326,0.8,0.9,0.917,0.3,1.5,1.8,2.2,0.5,0,1.2,1.4,4.2
31675,2024,4209,Tim Hardaway Jr.,NA,SF,31,11,NBA,DAL,45,10,30.2,6.2,14.8,0.423,3.3,8.9,0.366,3,5.8,0.51,0.533,2.6,3,0.872,0.3,3.4,3.7,1.7,0.5,0,1,1.5,18.3
31676,2024,4055,Tobias Harris,NA,PF,31,13,NBA,PHI,43,43,33.9,6.7,13.1,0.508,1.2,3.5,0.356,5.4,9.6,0.563,0.555,3.2,3.5,0.901,1.1,4.9,6,3.1,1,0.5,1.5,1.7,17.7
31677,2024,4570,Torrey Craig,NA,SF,33,7,NBA,CHI,27,7,21.2,2.2,5.1,0.424,1.1,2.8,0.382,1.1,2.3,0.476,0.529,0.7,0.9,0.783,1.9,3,4.8,1,0.6,0.4,0.6,2.5,6.1
31678,2024,5191,Toumani Camara,NA,PF,23,1,NBA,POR,47,29,23.6,2.5,6,0.414,0.7,2.5,0.28,1.8,3.4,0.512,0.473,1,1.4,0.701,1.9,2.9,4.7,1,1,0.5,1.1,2.5,6.6
31679,2024,4676,Trae Young,NA,PG,25,6,NBA,ATL,42,42,36.3,8.4,19.7,0.423,3.3,8.9,0.368,5.1,10.9,0.468,0.506,7,8.2,0.863,0.5,2.4,2.9,10.9,1.4,0.2,4.3,2,27
31680,2024,5192,Trayce Jackson-Davis,NA,PF,23,1,NBA,GSW,33,3,14.1,2.9,4.2,0.683,0,0,NA,2.9,4.2,0.683,0.683,1,1.8,0.567,1.7,2.6,4.2,1,0.4,0.8,0.7,1.6,6.8
31681,2024,4887,Tre Jones,NA,PG,24,4,NBA,SAS,43,14,25.7,3.7,7.5,0.502,0.7,2.2,0.298,3.1,5.3,0.586,0.545,1.3,1.5,0.892,0.7,2.3,3.1,5.7,1,0.1,1.4,1.3,9.5
31682,2024,5012,Tre Mann,NA,PG,22,3,NBA,OKC,13,0,9.2,1.5,3.1,0.5,0.6,1.5,0.421,0.9,1.6,0.571,0.6,0.1,0.1,1,0.3,1.5,1.8,1.5,0.2,0,0.7,0.2,3.8
31683,2024,5014,Trendon Watford,NA,PF,23,3,NBA,BRK,33,0,11.8,2.2,4.2,0.536,0.3,0.9,0.345,1.9,3.3,0.587,0.572,0.7,0.9,0.828,0.9,1.8,2.7,1.5,0.5,0.2,0.8,1.6,5.5
31684,2024,4888,Trent Forrest,NA,SG,25,4,NBA,ATL,19,0,10.6,0.8,2.5,0.319,0.1,0.4,0.286,0.7,2.1,0.325,0.34,0.4,0.5,0.8,0.3,1.1,1.4,2,0.4,0.1,0.5,0.9,2.1
31685,2024,5015,Trevelin Queen,NA,SG,26,3,NBA,ORL,12,0,12.9,1.2,3,0.389,0.3,1.3,0.188,0.9,1.7,0.55,0.431,0.8,1,0.75,0.3,1.3,1.5,1.5,0.6,0.4,0.6,1.2,3.3
31686,2024,5193,Trey Jemison,NA,C,24,1,NBA,WAS,2,0,0.5,0,0,NA,0,0,NA,0,0,NA,NA,0,0,NA,0,0.5,0.5,0,0,0,0.5,0,0
31687,2024,4369,Trey Lyles,NA,PF,28,9,NBA,SAC,32,0,20.1,2.4,5.4,0.442,1.5,3.9,0.384,0.9,1.5,0.596,0.581,0.7,1.1,0.618,0.9,3.6,4.6,1.3,0.2,0.3,0.6,1.6,6.9
31688,2024,5016,Trey Murphy III,NA,SF,23,3,NBA,NOP,23,4,25.9,4.3,10.2,0.427,2.6,7.2,0.355,1.8,3,0.603,0.553,1.7,2.2,0.78,0.5,3.4,3.9,1.8,0.7,0.3,0.6,1.3,13
31689,2024,4058,Tristan Thompson,NA,PF,32,12,NBA,CLE,36,0,12.4,1.7,2.6,0.649,0,0,0,1.7,2.6,0.656,0.649,0.4,1.2,0.31,1.6,2.3,3.9,1.1,0.2,0.3,0.6,1.4,3.8
31690,2024,4678,Troy Brown Jr.,NA,SF,24,6,NBA,MIN,36,3,11.3,1.4,3.3,0.441,0.9,2.3,0.369,0.6,0.9,0.618,0.572,0.5,0.6,0.864,0.4,1.6,2,1,0.2,0.1,0.5,0.7,4.3
31691,2024,4794,Ty Jerome,NA,SG,26,5,NBA,CLE,2,0,7.5,1,2,0.5,0,0.5,0,1,1.5,0.667,0.5,0,0,NA,0.5,0,0.5,1.5,0,0,0.5,1,2
31692,2024,5104,TyTy Washington Jr.,NA,PG,22,2,NBA,MIL,2,0,3,0.5,1.5,0.333,0.5,1,0.5,0,0.5,0,0.5,0,0,NA,0,0.5,0.5,0,0.5,0,1,0,1.5
31693,2024,4796,Tyler Herro,NA,SG,24,5,NBA,MIA,29,29,34,7.9,18.2,0.433,3.3,8.3,0.404,4.5,9.9,0.456,0.525,2.1,2.6,0.838,0.6,4.9,5.4,4.2,1,0.1,2.3,1.5,21.2
31694,2024,4892,Tyrese Haliburton,NA,PG,23,4,NBA,IND,35,35,33.1,8.3,16.8,0.491,3.3,8.3,0.397,5,8.5,0.582,0.588,3.5,4,0.864,0.7,3.4,4.1,12.5,1.1,0.6,2.4,1.1,23.3
31695,2024,4893,Tyrese Maxey,NA,PG,23,4,NBA,PHI,42,42,37.5,8.8,19.7,0.448,3.1,8.2,0.373,5.7,11.4,0.502,0.526,5,5.8,0.864,0.6,3,3.6,6.6,1,0.5,1.6,2.1,25.7
31696,2024,4370,Tyus Jones,NA,PG,27,9,NBA,WAS,47,47,28.6,5.1,10.4,0.495,1.5,3.7,0.403,3.6,6.6,0.547,0.568,0.5,0.7,0.742,0.3,2.6,2.9,6.3,1.2,0.3,0.9,0.7,12.3
31697,2024,4894,Udoka Azubuike,NA,C,24,4,NBA,PHO,12,0,8.5,1.3,1.8,0.727,0,0,NA,1.3,1.8,0.727,0.727,0.3,0.9,0.273,0.9,1.7,2.6,0.3,0,0.5,0.3,1.4,2.9
31698,2024,5018,Usman Garuba,NA,PF,21,3,NBA,GSW,2,0,3,0,0.5,0,0,0,NA,0,0.5,0,0,0,0,NA,0,0,0,0.5,0.5,0,0,0.5,0
31699,2024,5194,Vasilije Micić,NA,PG,30,1,NBA,OKC,27,0,11.9,1.3,3.1,0.417,0.4,1.5,0.25,0.9,1.6,0.568,0.476,0.5,0.7,0.737,0,0.8,0.8,2.4,0.3,0.1,0.9,0.8,3.5
31700,2024,5195,Victor Wembanyama,NA,C,20,1,NBA,SAS,42,42,28.6,7.6,16.3,0.465,1.5,5,0.301,6.1,11.3,0.537,0.511,3.9,4.9,0.809,2.2,7.9,10.1,3.1,1.1,3.2,3.4,2.3,20.6
31701,2024,5105,Vince Williams Jr.,NA,SG,23,2,NBA,MEM,36,17,24.8,2.6,6,0.438,1.6,4,0.389,1.1,2,0.534,0.567,1.6,2,0.795,1.3,4.2,5.5,2.2,0.8,0.6,1.1,2.4,8.4
31702,2024,5106,Walker Kessler,NA,C,22,2,NBA,UTA,41,13,23.3,3.7,5.7,0.654,0.1,0.4,0.25,3.6,5.3,0.683,0.662,0.8,1.6,0.515,2.5,4.9,7.4,0.7,0.5,2.7,1,2.1,8.4
31703,2024,4682,Wendell Carter Jr.,NA,C,24,6,NBA,ORL,22,16,25.5,4,7.7,0.515,1.1,2.7,0.417,2.8,5,0.569,0.589,2,2.7,0.763,2,4.6,6.6,1.6,0.5,0.5,1.1,2.3,11.1
31704,2024,5107,Wendell Moore Jr.,NA,SG,22,2,NBA,MIN,12,0,3.1,0.3,0.5,0.667,0,0.2,0,0.3,0.3,1,0.667,0,0,NA,0,0.4,0.4,0.1,0.3,0.1,0.2,0.3,0.7
31705,2024,3914,Wesley Matthews,NA,SG,37,15,NBA,ATL,19,1,11.2,0.5,2.1,0.256,0.3,1.6,0.2,0.2,0.5,0.444,0.333,0.7,1,0.737,0.2,1.2,1.4,0.6,0.5,0.2,0.3,1.4,2.1
31706,2024,5020,Xavier Moon,NA,SG,29,3,NBA,LAC,2,0,6,0.5,1,0.5,0,0.5,0,0.5,0.5,1,0.5,0,0,NA,0,1,1,1.5,0,0,0.5,0.5,1
31707,2024,4897,Xavier Tillman Sr.,NA,C,25,4,NBA,MEM,34,13,20.6,2.6,6.3,0.408,0.4,1.6,0.226,2.2,4.7,0.469,0.437,0.5,1.3,0.419,1.6,3,4.6,1.7,1.2,1,0.9,1.8,6
31708,2024,4684,Yuta Watanabe,NA,SF,29,6,NBA,PHO,27,0,13.9,1.2,3.4,0.344,0.9,2.7,0.315,0.3,0.7,0.45,0.468,0.4,0.6,0.667,0.4,1.3,1.7,0.4,0.3,0.3,0.6,1.3,3.6
31709,2024,4580,Zach Collins,NA,C,26,6,NBA,SAS,36,24,25.3,4.6,9.7,0.479,1,3.4,0.29,3.6,6.3,0.582,0.53,1.9,2.5,0.769,1.9,3.8,5.7,3.2,0.6,0.7,2.2,3.3,12.2
31710,2024,4299,Zach LaVine,NA,SG,28,10,NBA,CHI,25,23,34.9,6.8,15,0.452,2.4,6.8,0.349,4.4,8.3,0.536,0.531,3.5,4.1,0.854,0.3,4.8,5.2,3.9,0.8,0.3,2.1,2.3,19.5
31711,2024,4898,Zeke Nnaji,NA,PF,23,4,NBA,DEN,37,0,9.4,1.1,2.5,0.457,0.1,0.4,0.313,1,2.1,0.487,0.484,0.7,1.1,0.641,1.1,1,2.1,0.5,0.2,0.5,0.6,1.5,3.1
31712,2024,5024,Ziaire Williams,NA,SF,22,3,NBA,MEM,44,9,18.8,2.7,7,0.39,1.1,3.5,0.314,1.6,3.5,0.467,0.469,1.1,1.3,0.831,0.7,2.7,3.4,1.5,0.6,0.2,1.3,1.7,7.7
31713,2024,4803,Zion Williamson,NA,PF,23,4,NBA,NOP,38,38,30.3,8.7,14.8,0.59,0.1,0.3,0.364,8.6,14.5,0.594,0.593,4.4,6.6,0.667,1.7,3.8,5.5,4.7,1,0.4,2.6,2.4,22
