seas_id,season,player_id,player,birth_year,pos,age,experience,lg,tm,g,mp,per,ts_percent,x3p_ar,f_tr,orb_percent,drb_percent,trb_percent,ast_percent,stl_percent,blk_percent,tov_percent,usg_percent,ows,dws,ws,ws_48,obpm,dbpm,bpm,vorp
31136,2024,5025,A.J. Green,NA,SG,24,2,NBA,MIL,28,209,11.4,0.615,0.863,0.055,2.7,8.6,5.8,9.9,0,0.4,1.3,15.3,0.4,0.1,0.5,0.112,0.5,-2.6,-2.1,0
31137,2024,5026,A.J. Lawson,NA,SG,23,2,NBA,DAL,22,213,11.9,0.551,0.5,0.224,5.1,9.5,7.2,8.4,2,1.2,10.7,18.7,0.1,0.2,0.2,0.049,-2.3,-1.3,-3.6,-0.1
31138,2024,5027,AJ Griffin,NA,SF,20,2,NBA,ATL,18,132,1.8,0.403,0.733,0.044,1.6,10.2,5.7,3.8,0.4,0.7,11.6,16.1,-0.3,0,-0.3,-0.098,-5.6,-3.3,-8.9,-0.2
31139,2024,4219,Aaron Gordon,NA,PF,28,10,NBA,DEN,43,1378,15.9,0.585,0.186,0.368,9.3,13.9,11.6,13.1,1.2,1.9,10.3,17.5,2.2,1.5,3.7,0.128,0.6,-0.2,0.5,0.9
31140,2024,4582,Aaron Holiday,NA,PG,27,6,NBA,HOU,44,755,10.7,0.581,0.547,0.147,1.7,10,5.9,13.8,1.5,0.4,11.8,16,0.5,0.9,1.3,0.085,-2.2,0.5,-1.7,0
31141,2024,4805,Aaron Nesmith,NA,SF,24,4,NBA,IND,43,1143,14.3,0.658,0.537,0.193,4.2,12.7,8.4,6.6,1.8,2,8.4,16,1.9,0.7,2.6,0.109,0.8,-0.1,0.7,0.8
31142,2024,4900,Aaron Wiggins,NA,SG,25,3,NBA,OKC,45,608,14.9,0.702,0.316,0.17,5.4,12.9,9.3,8.5,1.7,0.8,11.6,14.8,1.2,0.7,1.9,0.153,0.5,0.1,0.6,0.4
31143,2024,5109,Adama Sanogo,NA,PF,21,1,NBA,CHI,3,11,32.6,0.926,0,1,19.8,41.7,30.4,0,0,0,18.8,21.2,0.1,0,0.1,0.283,9,1.7,10.7,0
31144,2024,4688,Admiral Schofield,NA,PF,26,4,NBA,ORL,12,46,-0.9,0.378,0.6,0.133,2.4,15.2,8.7,11.9,0,0,20.1,18.5,-0.2,0,-0.1,-0.122,-9.3,-2.2,-11.5,-0.1
31145,2024,3734,Al Horford,NA,C,37,17,NBA,BOS,39,1056,13.7,0.629,0.662,0.06,5.4,20.5,13.3,13.7,0.8,3.1,11.4,11.1,1.8,1.7,3.5,0.159,1.1,2.4,3.5,1.5
31146,2024,3982,Alec Burks,NA,SG,32,13,NBA,DET,40,832,14.7,0.578,0.61,0.329,2,11.4,6.6,11.1,1.1,1,6.5,23.4,1.2,0.2,1.4,0.081,1.2,-1.8,-0.6,0.3
31147,2024,4806,Aleksej Pokusevski,NA,PF,22,4,NBA,OKC,8,48,0.6,0.288,0.692,0.154,4.9,15.5,10.4,12.1,0,1.9,17.8,15.2,-0.1,0,-0.1,-0.1,-9,-2.4,-11.4,-0.1
31148,2024,4465,Alex Caruso,NA,SG,29,7,NBA,CHI,42,1110,14.9,0.633,0.608,0.216,3.9,11.5,7.6,14.2,2.4,4.1,13.9,15.4,1.4,1.5,2.9,0.126,0.4,2.1,2.5,1.2
31149,2024,5110,Alex Fudge,NA,SF,20,1,NBA,LAL,4,14,-1.9,0.291,0.333,0.333,16.5,0,8,0,0,0,12.7,24.2,-0.1,0,-0.1,-0.224,-10.1,-8.2,-18.3,-0.1
31150,2024,4142,Alex Len,NA,C,30,11,NBA,SAC,17,149,15.5,0.599,0.069,0.345,17,25.4,21.1,16.4,1,4.9,24.8,12.7,0.2,0.2,0.4,0.131,-1.9,1.6,-0.3,0.1
31151,2024,4904,Alperen Şengün,NA,C,21,3,NBA,HOU,47,1537,22.3,0.592,0.124,0.339,9,21.5,15.3,26.3,1.8,2.1,12.6,27.6,2.8,2.6,5.4,0.168,3.2,1.9,5.1,2.7
31152,2024,5111,Amari Bailey,NA,PG,19,1,NBA,CHO,2,11,3.6,0.363,0.333,0.333,19.3,0,10.2,0,0,0,12.7,31.1,-0.1,0,-0.1,-0.251,-5.5,-8.4,-13.9,0
31153,2024,5112,Amen Thompson,NA,SF,21,1,NBA,HOU,28,458,14.6,0.537,0.239,0.38,7.1,21.4,14.3,18.5,3.1,2.1,17.4,18.9,0,0.9,1,0.1,-2.4,2.8,0.4,0.3
31154,2024,4690,Amir Coffey,NA,SF,26,5,NBA,LAC,34,565,10.4,0.692,0.5,0.233,2.5,8.3,5.5,5.4,1,0.3,9.6,11.3,0.9,0.4,1.3,0.11,-1.4,-0.4,-1.8,0
31155,2024,4064,Andre Drummond,NA,C,30,12,NBA,CHI,49,778,24.1,0.57,0.007,0.461,22.8,36,29.2,5.3,3.6,3.8,13.4,21.9,1.1,1.8,3,0.182,0.8,0.1,0.8,0.5
31156,2024,5113,Andre Jackson Jr.,NA,SG,22,1,NBA,MIL,39,449,9.4,0.659,0.462,0.115,9.1,11.7,10.5,10,1.2,0.7,18.8,9.5,0.7,0.3,1,0.102,-2.7,-0.2,-2.8,-0.1
31157,2024,5029,Andrew Nembhard,NA,PG,24,2,NBA,IND,34,749,12,0.556,0.278,0.121,3.2,6.2,4.7,26.5,1.8,0.2,18.7,19.5,0.3,0.2,0.6,0.036,-1.4,-1.5,-2.9,-0.2
31158,2024,4223,Andrew Wiggins,NA,SF,28,10,NBA,GSW,40,1088,10.6,0.521,0.296,0.257,6.7,10.3,8.5,8.5,0.8,1.6,10.4,20.8,0.1,0.5,0.6,0.026,-2.6,-2,-4.6,-0.7
31159,2024,4586,Anfernee Simons,NA,SG,24,6,NBA,POR,26,873,16.6,0.575,0.477,0.22,1.7,10.5,5.8,26.7,0.6,0.4,11.2,28.3,1,0.3,1.4,0.076,2.8,-2.3,0.5,0.5
31160,2024,5114,Anthony Black,NA,PG,20,1,NBA,ORL,45,874,8.9,0.59,0.36,0.349,3.1,10.7,6.8,11.6,1.5,1.8,16.9,11.9,0.4,1.1,1.5,0.081,-3.6,1.1,-2.5,-0.1
31161,2024,4066,Anthony Davis,NA,C,30,12,NBA,LAL,46,1651,25.3,0.617,0.068,0.403,10.2,26.6,18.7,16.5,1.5,5.8,9.5,26.7,4,2.8,6.8,0.199,3.3,1.6,4.9,2.9
31162,2024,4808,Anthony Edwards,NA,SG,22,4,NBA,MIN,45,1571,19,0.585,0.334,0.342,2.2,14.1,8.5,25,1.7,1.2,13.5,31.8,1.4,2.7,4.1,0.124,2.5,0.5,3,2
31163,2024,4809,Anthony Gill,NA,PF,31,4,NBA,WAS,27,156,12.5,0.575,0.261,0.348,8.8,15.9,12.3,9.3,1.2,3.1,18.5,17.6,0,0.1,0.1,0.03,-2.8,-1.6,-4.4,-0.1
31164,2024,4811,Armoni Brooks,NA,PG,25,3,NBA,BRK,10,104,8.2,0.448,0.696,0.043,7.1,11.7,9.3,6.6,0.5,0.9,6,20.4,-0.1,0,0,-0.018,-2.2,-3.6,-5.8,-0.1
31165,2024,5115,Ausar Thompson,NA,SF,21,1,NBA,DET,47,1103,12.7,0.513,0.224,0.251,9.7,21.7,15.6,11.1,1.8,3.2,14.1,16.8,0,1,1,0.042,-3.1,0.3,-2.8,-0.2
31166,2024,4906,Austin Reaves,NA,SG,25,3,NBA,LAL,49,1499,15.3,0.611,0.42,0.323,2.9,11.2,7.2,23.8,1.4,0.4,14.7,20.5,2,1.2,3.2,0.102,0.3,-0.6,-0.3,0.7
31167,2024,4907,Ayo Dosunmu,NA,SG,24,3,NBA,CHI,47,1142,12.5,0.596,0.406,0.161,3,8.9,5.9,12.6,1.6,2,11,16.1,1.1,1,2.1,0.089,-1.6,0.1,-1.5,0.1
31168,2024,4472,Bam Adebayo,NA,C,26,7,NBA,MIA,38,1324,19.6,0.565,0.019,0.442,7.1,27.7,17.3,20.2,1.4,2.9,11.7,26.2,1.4,2,3.4,0.124,0.5,1.2,1.7,1.2
31169,2024,5116,Ben Sheppard,NA,SG,22,1,NBA,IND,26,269,7.6,0.474,0.645,0.158,3,10.8,6.8,9.7,2.1,0,3.6,13,0.1,0.1,0.2,0.041,-4.2,-0.2,-4.4,-0.2
31170,2024,4474,Ben Simmons,NA,PG,27,6,NBA,BRK,7,209,16.1,0.573,0,0.098,10.5,27.6,18.8,32.3,0.9,2.6,26,11.8,0.3,0.2,0.6,0.134,-0.3,2.5,2.2,0.2
31171,2024,5030,Bennedict Mathurin,NA,SF,21,2,NBA,IND,47,1200,13,0.566,0.316,0.312,4.6,12.7,8.7,9.7,1,0.7,11.2,23.1,0.7,0.4,1,0.041,-1.1,-2.4,-3.5,-0.5
31172,2024,5117,Bilal Coulibaly,NA,SF,19,1,NBA,WAS,46,1227,9.5,0.567,0.4,0.272,3.2,13.1,8.1,8.5,1.6,2.5,15.6,13.9,-0.2,0.7,0.5,0.019,-3.3,-0.4,-3.8,-0.5
31173,2024,3984,Bismack Biyombo,NA,C,31,13,NBA,MEM,30,718,9.9,0.56,0,0.387,8.4,21.2,14.6,10,0.7,4.4,21.4,10.6,0.1,1,1.1,0.074,-4.9,1.6,-3.2,-0.2
31174,2024,5031,Blake Wesley,NA,SG,20,2,NBA,SAS,27,315,10.5,0.522,0.207,0.305,2.4,8,5.1,26.1,2.1,1.1,15.5,14.7,0.1,0.2,0.3,0.046,-4.4,-0.1,-4.5,-0.2
31175,2024,4306,Boban Marjanović,NA,C,35,9,NBA,HOU,8,44,12.2,0.409,0.105,0.211,12.3,31.8,22.1,13.5,0,2.1,4.6,21.3,0,0.1,0,0.032,-3.5,-1.8,-5.4,0
31176,2024,4307,Bobby Portis,NA,PF,28,9,NBA,MIL,48,1118,15.8,0.578,0.294,0.168,7.5,23.8,16,5.9,1.3,1.4,7.8,21,1.2,1.2,2.4,0.103,-0.9,-1.2,-2,0
31177,2024,4475,Bogdan Bogdanović,NA,SG,31,7,NBA,ATL,45,1280,15.4,0.571,0.599,0.147,1.9,10.2,5.9,13.3,2.2,0.7,7.3,23.3,1.7,0.6,2.3,0.084,1.1,-0.6,0.5,0.8
31178,2024,4224,Bojan Bogdanović,NA,PF,34,10,NBA,DET,26,859,14,0.596,0.478,0.245,1.7,9.9,5.7,11.7,1.3,0.3,11.4,24.6,0.5,0.2,0.6,0.035,0.2,-2.4,-2.3,-0.1
31179,2024,4692,Bol Bol,NA,PF,24,5,NBA,PHO,12,86,22.3,0.813,0.217,0.217,12.8,22.8,18.1,10.3,1.7,6.2,19.2,15.8,0.2,0.1,0.4,0.213,2.8,2.2,5,0.2
31180,2024,4908,Bones Hyland,NA,PG,23,3,NBA,LAC,19,251,7.2,0.471,0.533,0.1,1.4,6.1,3.8,18.1,2,0.4,15.5,25.7,-0.5,0.2,-0.2,-0.048,-5,-1.8,-6.8,-0.3
31181,2024,4072,Bradley Beal,NA,SG,30,12,NBA,PHO,24,795,13.6,0.567,0.302,0.213,2.9,11.5,7.5,19.5,1.2,0.9,13.3,23,0.4,0.6,1,0.06,-1.4,-1.6,-3,-0.2
31182,2024,5118,Brandin Podziemski,NA,SG,20,1,NBA,GSW,38,946,12.9,0.549,0.416,0.125,6.7,17.2,11.9,17.7,1.6,0.5,13.3,16.4,0.8,0.8,1.6,0.081,-0.5,0,-0.6,0.3
31183,2024,4909,Brandon Boston Jr.,NA,SF,22,3,NBA,LAC,12,99,12.2,0.505,0.347,0.163,8.3,7.7,8,7.2,1,1.8,5.4,24.4,0,0.1,0.1,0.058,-3.2,-3,-6.2,-0.1
31184,2024,4379,Brandon Ingram,NA,SF,26,8,NBA,NOP,44,1457,18.1,0.576,0.234,0.315,2.2,14.4,8.4,26.2,1.1,1.5,11.8,27.4,1.9,1.5,3.4,0.113,1.5,-0.4,1.1,1.1
31185,2024,5119,Brandon Miller,NA,SF,21,1,NBA,CHO,40,1239,11.4,0.54,0.429,0.155,2.8,11.6,7,11.2,1,1.3,9.9,22,-0.1,0.2,0,0.001,-1.9,-2.3,-4.2,-0.7
31186,2024,4910,Brandon Williams,1999,PG,24,2,NBA,DAL,7,43,18.4,0.576,0.313,0.563,5,7.8,6.4,26.5,1.1,2.1,9.1,21.7,0.1,0,0.1,0.13,3,-1,2,0
31187,2024,4911,Braxton Key,NA,SF,26,3,NBA,DEN,13,44,13.7,0.463,0.286,0.357,5.2,19.9,12.7,22.8,2.3,0,5.8,17,0,0.1,0.1,0.118,-1.5,0.8,-0.7,0
31188,2024,5120,Brice Sensabaugh,NA,SF,20,1,NBA,UTA,4,12,11.5,0.417,0.333,0,9.2,18,13.6,23.4,0,0,0,20.8,0,0,0,0.055,-1.1,-3.3,-4.4,0
31189,2024,3801,Brook Lopez,NA,C,35,16,NBA,MIL,48,1531,15.2,0.604,0.499,0.178,5.6,13,9.4,6.7,0.9,6.9,7.9,15.8,2.1,1.7,3.8,0.119,0.3,1,1.3,1.3
31190,2024,4594,Bruce Brown,NA,SG-PG,27,6,NBA,TOT,39,1155,12.2,0.57,0.311,0.243,3.4,15.7,9.5,11.6,1.7,0.9,10.9,16.6,0.9,0.7,1.6,0.068,-1.9,-0.5,-2.4,-0.1
31191,2024,4594,Bruce Brown,NA,SG,27,6,NBA,IND,33,981,12,0.568,0.322,0.261,2.9,15.2,9,12.3,1.7,0.6,10.5,16.5,0.9,0.5,1.4,0.067,-1.7,-0.6,-2.3,-0.1
31192,2024,4594,Bruce Brown,NA,PG,27,6,NBA,TOR,6,174,12.9,0.58,0.25,0.143,6.2,18.1,12,7.9,2,2.5,13.1,16.8,0.1,0.2,0.3,0.074,-2.8,0,-2.9,0
31193,2024,4695,Bruno Fernando,NA,C,25,5,NBA,ATL,13,84,12.9,0.537,0.111,0.704,8.7,25.4,16.8,6.5,1.1,5.2,16.5,20.6,0,0.1,0,0.02,-4.4,-0.4,-4.8,-0.1
31194,2024,5032,Bryce McGowens,NA,SG,21,2,NBA,CHO,37,592,7.8,0.564,0.476,0.297,2.2,10.2,6,7.8,0.7,0.5,10.9,13.5,0.2,0,0.2,0.013,-4.1,-1.8,-5.9,-0.6
31195,2024,4382,Buddy Hield,NA,SF,31,8,NBA,IND,48,1243,13,0.589,0.691,0.068,3,11.6,7.2,12.9,1.5,1.8,10.9,18.7,1,0.6,1.6,0.063,1.1,-0.9,0.2,0.7
31196,2024,4154,CJ McCollum,NA,PG,32,11,NBA,NOP,34,1088,18.4,0.603,0.527,0.172,2,12.5,7.3,22,1.7,2.6,9.7,23.6,1.9,1.3,3.2,0.143,3.4,0.6,4,1.7
31197,2024,4912,Cade Cunningham,NA,PG,22,3,NBA,DET,38,1306,15.5,0.544,0.289,0.237,1.3,11.9,6.5,34.2,1.4,0.8,15.3,30.2,-0.1,0.4,0.4,0.013,0.7,-2.2,-1.6,0.1
31198,2024,5034,Caleb Houstan,NA,SF,21,2,NBA,ORL,36,562,8.2,0.57,0.933,0.148,4.2,8.3,6.2,5.6,0.9,0.2,7.6,13.1,0.4,0.5,0.9,0.081,-1.7,-0.7,-2.4,-0.1
31199,2024,4696,Caleb Martin,NA,SF,28,5,NBA,MIA,31,814,11.4,0.542,0.357,0.202,5,15.5,10.1,12.1,1.3,1.1,11.4,18.2,0.1,0.9,1,0.059,-2.1,-0.5,-2.6,-0.1
31200,2024,4697,Cam Reddish,NA,SF,24,5,NBA,LAL,35,815,8.4,0.519,0.463,0.224,2.7,8.6,5.7,7.3,2.5,1.2,11.8,13.5,-0.3,0.9,0.6,0.035,-4,1,-3,-0.2
31201,2024,4913,Cam Thomas,NA,SG,22,3,NBA,BRK,38,1100,15.6,0.552,0.314,0.275,1,9.2,5,13.5,1.1,1,8.5,30.9,0.4,0.6,0.9,0.041,0,-2.1,-2.1,0
31202,2024,5121,Cam Whitmore,NA,SF,19,1,NBA,HOU,24,397,18.5,0.593,0.468,0.244,4.4,20.1,12.3,3.7,1.8,1.4,5.8,26.1,0.4,0.6,1,0.122,1.7,-0.2,1.5,0.3
31203,2024,4698,Cameron Johnson,NA,PF,27,5,NBA,BRK,38,1079,14.6,0.582,0.541,0.142,4,13.7,8.7,13.2,1.3,0.6,7.1,19.4,1.5,0.8,2.3,0.1,1.2,-0.7,0.5,0.7
31204,2024,4311,Cameron Payne,NA,PG,29,9,NBA,MIL,44,659,12.4,0.611,0.593,0.191,0.7,7.8,4.4,19.7,1.4,0.4,11.3,16.4,1.1,0.4,1.4,0.104,-0.9,-0.7,-1.6,0.1
31205,2024,4383,Caris LeVert,NA,SG,29,8,NBA,CLE,35,995,14.6,0.528,0.416,0.249,1.9,11.5,6.8,21.1,1.8,1.4,9.5,24.5,0.5,1.4,1.9,0.092,-0.5,0.5,0,0.5
31206,2024,5122,Cason Wallace,NA,SG,20,1,NBA,OKC,48,1010,11.4,0.63,0.516,0.098,3.6,8.3,6.1,8.4,1.7,1.9,8.3,11.9,1.3,1.1,2.5,0.117,-1,0.6,-0.4,0.4
31207,2024,4479,Cedi Osman,NA,SF,28,7,NBA,SAS,48,872,12.1,0.601,0.554,0.167,2.3,13.2,7.7,14.2,1.3,0.7,9.2,15.7,0.8,0.5,1.3,0.071,-1.2,-0.7,-2,0
31208,2024,4917,Charles Bassey,NA,C,23,3,NBA,SAS,19,205,17.6,0.739,0.025,0.15,12,28.4,20,14,1.8,7.1,26,11.8,0.3,0.3,0.6,0.147,-1.9,3,1.1,0.2
31209,2024,4700,Charlie Brown Jr.,NA,SG,26,4,NBA,NYK,4,6,-12.2,0.375,0.75,0,0,0,0,0,0,15.4,33.3,42.6,-0.1,0,-0.1,-0.541,-14.3,-6.7,-20.9,0
31210,2024,5123,Chet Holmgren,NA,C,21,1,NBA,OKC,48,1444,20.2,0.628,0.348,0.266,6,21.4,14.1,12.7,1,8.1,11.3,21.6,2.5,2.6,5.1,0.17,1.9,1.9,3.8,2.1
31211,2024,4597,Chimezie Metu,NA,C,26,6,NBA,PHO,36,440,14.1,0.624,0.405,0.341,6.4,20.8,14,5.6,2.1,1.8,14.7,16.8,0.4,0.6,1,0.108,-1.5,0.3,-1.2,0.1
31212,2024,4481,Chris Boucher,NA,PF,31,7,NBA,TOR,44,618,14.8,0.595,0.446,0.399,9.3,22.6,15.8,3.9,1,2.7,8.5,17.1,0.8,0.6,1.5,0.114,-1,-1.3,-2.3,0
31213,2024,4919,Chris Duarte,NA,SF,26,3,NBA,SAC,35,461,6,0.476,0.536,0.192,3.1,12.7,7.8,8.7,1.9,0.4,12.9,14.4,-0.3,0.4,0.1,0.012,-5.8,0.2,-5.6,-0.4
31214,2024,5124,Chris Livingston,NA,SF,20,1,NBA,MIL,13,59,9.4,0.612,0.077,0.154,3.9,19.7,12.1,8.4,1.6,0,17.8,12.1,0,0.1,0.1,0.068,-4.4,-0.7,-5,0
31215,2024,3585,Chris Paul,NA,PG,38,19,NBA,GSW,32,882,14.3,0.543,0.486,0.171,1.2,13.8,7.5,34.1,2,0.3,12.6,14.4,1.7,0.7,2.4,0.13,0.1,0.9,1,0.7
31216,2024,5036,Christian Braun,NA,SG,22,2,NBA,DEN,49,923,11.5,0.543,0.319,0.288,4.6,16.3,10.5,9.8,1,1.7,9.6,16.7,0.5,1,1.5,0.079,-2.2,-0.5,-2.7,-0.2
31217,2024,4313,Christian Wood,NA,PF,28,8,NBA,LAL,43,782,12.2,0.575,0.43,0.365,5,27,16.4,7.8,0.8,3.5,15.2,17.3,-0.1,1,1,0.061,-2.8,-0.1,-2.8,-0.2
31218,2024,4817,Chuma Okeke,NA,SF,25,4,NBA,ORL,29,368,8.1,0.494,0.747,0.053,5.5,16.8,11,6.2,0.9,1.7,10.2,12.6,-0.1,0.5,0.4,0.053,-2.3,-0.1,-2.3,0
31219,2024,4230,Clint Capela,NA,C,29,10,NBA,ATL,45,1163,20.6,0.594,0,0.34,19.1,25,21.9,5.3,1.1,5.4,8.3,16.5,2.8,1.1,3.9,0.162,1,-1.2,-0.2,0.5
31220,2024,4703,Coby White,NA,PG,23,5,NBA,CHI,49,1764,15.1,0.587,0.48,0.217,1.6,13.1,7.2,21.6,0.9,0.8,11.7,22.4,2.1,1.3,3.4,0.093,0.9,-0.9,0,0.9
31221,2024,4704,Cody Martin,NA,SF,28,5,NBA,CHO,16,419,8.4,0.442,0.397,0.19,3.3,11.3,7.1,16.1,2.2,2.4,14.4,15.9,-0.5,0.2,-0.2,-0.027,-4.7,0,-4.7,-0.3
31222,2024,4155,Cody Zeller,NA,C,31,11,NBA,NOP,33,275,11.5,0.467,0.059,0.686,15,21.2,18.1,14.7,0.9,1.4,14.2,12.1,0.3,0.3,0.6,0.109,-3,0.1,-3,-0.1
31223,2024,5125,Colby Jones,NA,SG,21,1,NBA,SAC,15,110,6.9,0.404,0.31,0.071,9,12.5,10.7,10.9,1.8,0.8,10.3,18.7,-0.2,0.1,-0.1,-0.024,-6.3,-0.9,-7.1,-0.1
31224,2024,4819,Cole Anthony,NA,PG,23,4,NBA,ORL,47,1119,14.6,0.55,0.353,0.356,4.4,15.5,9.8,21,1.6,1.7,13.4,23.8,0.7,1.6,2.2,0.096,-0.7,0.6,-0.2,0.5
31225,2024,5038,Cole Swider,NA,SF,24,2,NBA,MIA,9,44,10.4,0.548,0.714,0,2.6,2.6,2.6,11.1,1.1,2.2,12.5,24.1,0,0,0,-0.016,0.3,-1.7,-1.5,0
31226,2024,5126,Colin Castleton,NA,C,23,1,NBA,LAL,5,32,19.1,0.743,0,0.444,14.5,16.8,15.7,13.4,0,0,8.5,15.8,0.1,0,0.2,0.238,0.2,-1.9,-1.8,0
31227,2024,5127,Collin Gillespie,NA,PG,24,1,NBA,DEN,14,97,8.1,0.573,0.542,0.208,1.2,4.5,2.9,11.6,2.6,0,16,14,0,0.1,0.1,0.055,-5.6,0.6,-5,-0.1
31228,2024,4599,Collin Sexton,NA,SG,25,6,NBA,UTA,49,1191,20.1,0.609,0.32,0.378,4.1,7.7,5.9,28.7,1.4,0.6,11.3,27.5,3.2,0.5,3.7,0.148,3.6,-1.4,2.2,1.2
31229,2024,4920,Corey Kispert,NA,SF,24,3,NBA,WAS,46,997,12.2,0.617,0.622,0.214,1.5,9.5,5.5,9.4,0.7,0.6,10.3,19.8,0.7,0.1,0.7,0.035,-0.6,-2.5,-3.1,-0.3
31230,2024,3992,Cory Joseph,NA,PG,32,13,NBA,GSW,25,291,5.2,0.436,0.65,0.117,2.2,8.7,5.4,17.3,0.7,0.9,16,10.9,-0.1,0.1,0.1,0.009,-4.6,-0.9,-5.4,-0.3
31231,2024,5128,Craig Porter Jr.,NA,PG,23,1,NBA,CLE,29,462,16.2,0.562,0.128,0.28,3.4,15,9.3,28.2,1.8,2.3,15.2,20.3,0.5,0.7,1.2,0.125,-0.6,1.8,1.2,0.4
31232,2024,4317,D'Angelo Russell,NA,PG,27,9,NBA,LAL,45,1382,16.2,0.594,0.459,0.173,1.3,7.8,4.7,29,1.2,1.5,12.2,22.9,1.7,1,2.8,0.096,1.7,-1,0.8,1
31233,2024,5129,D'Moi Hodge,NA,SG,25,1,NBA,LAL,7,41,6.1,0.441,0.8,0.133,0,0,0,15.9,1.2,2.2,5.9,17.7,0,0,0,-0.02,-4,-2.6,-6.6,0
31234,2024,4706,DaQuan Jeffries,NA,SG,26,4,NBA,NYK,10,30,5,0.427,0.417,0.167,0,18.2,9.2,9.5,0,0,7.2,19.7,-0.1,0,0,-0.041,-5.1,-1.5,-6.6,0
31235,2024,4922,Daishen Nix,NA,PG,21,3,NBA,MIN,6,21,6.6,0.45,0.625,0.25,0,5.1,2.7,0,2.3,0,0,18.6,0,0,0,-0.006,-4.9,0.3,-4.6,0
31236,2024,4923,Dalano Banton,NA,PG,24,3,NBA,BOS,22,162,10.1,0.492,0.298,0.383,8.2,13.2,10.8,12.8,1.5,1.6,15.4,17.3,0,0.2,0.2,0.068,-4.8,0.7,-4.1,-0.1
31237,2024,5039,Dalen Terry,NA,SG,21,2,NBA,CHI,32,311,8,0.483,0.567,0.328,3.5,15.5,9.3,15.8,1.4,2.6,18.1,13.2,-0.1,0.3,0.2,0.036,-4.7,1.1,-3.6,-0.1
31238,2024,4387,Damian Jones,NA,C,28,8,NBA,CLE,20,125,11.7,0.619,0.25,0.286,6.3,15.8,11.1,7.4,1.2,3.6,16,13,0.1,0.2,0.3,0.116,-3.6,1.6,-2,0
31239,2024,4077,Damian Lillard,NA,PG,33,12,NBA,MIL,45,1587,20.3,0.596,0.491,0.453,1.9,11.2,6.7,26.9,1.4,0.4,10.5,28.2,4.1,1.1,5.2,0.156,3.6,-1.4,2.2,1.7
31240,2024,4705,Daniel Gafford,NA,C,25,5,NBA,WAS,42,1100,19.8,0.71,0,0.423,11.4,20.4,15.9,8.2,1.8,6.6,12.2,13.8,2.8,1.2,4,0.174,-0.5,1.1,0.6,0.7
31241,2024,4487,Daniel Theis,NA,C,31,7,NBA,TOT,36,622,14.4,0.597,0.208,0.219,10.5,13.2,11.9,7.8,1.3,4.6,11,15.3,0.9,0.8,1.7,0.133,-1.6,0.6,-1,0.2
31242,2024,4487,Daniel Theis,NA,C,31,7,NBA,IND,1,8,-6.8,0.25,0.25,0,0,0,0,0,0,0,0,20.7,0,0,0,-0.26,-13.1,-7.3,-20.4,0
31243,2024,4487,Daniel Theis,NA,C,31,7,NBA,LAC,35,614,14.7,0.604,0.207,0.224,10.7,13.3,12,7.9,1.4,4.7,11.2,15.2,1,0.8,1.8,0.139,-1.4,0.7,-0.7,0.2
31244,2024,3807,Danilo Gallinari,NA,PF-SF,35,14,NBA,TOT,29,433,15.4,0.625,0.486,0.479,2.9,17.8,10.3,11.9,0.8,0.6,6.4,18.1,0.9,0.1,1,0.113,0.5,-1.5,-1,0.1
31245,2024,3807,Danilo Gallinari,NA,PF,35,14,NBA,WAS,26,385,13.4,0.581,0.489,0.427,3.3,18,10.5,10.7,0.7,0.6,7.2,18.3,0.5,0.1,0.6,0.076,-0.9,-1.9,-2.8,-0.1
31246,2024,3807,Danilo Gallinari,NA,SF,35,14,NBA,DET,3,48,31.7,0.988,0.462,1,0,16.6,8.1,21.9,1,0,0,16.4,0.4,0,0.4,0.407,11.8,1.6,13.4,0.2
31247,2024,3867,Danny Green,NA,SG,36,15,NBA,PHI,2,18,0.8,0,0.5,0,0,12.3,6.2,6.3,2.7,0,0,4.7,0,0,0,-0.03,-7.4,0.8,-6.6,0
31248,2024,4233,Dante Exum,NA,PG,28,7,NBA,DAL,32,631,16.6,0.663,0.32,0.217,3.1,12.6,7.8,20.5,1.4,0.7,10.8,16.8,1.5,0.4,1.9,0.146,1.2,-0.4,0.7,0.4
31249,2024,4389,Danuel House Jr.,NA,SF,30,8,NBA,PHI,31,458,7.9,0.572,0.495,0.441,3.2,8.5,5.8,6.7,1.5,0.8,13.9,12,0.2,0.4,0.6,0.061,-3.4,-0.4,-3.8,-0.2
31250,2024,4390,Dario Šarić,NA,C,29,7,NBA,GSW,44,903,16.9,0.625,0.509,0.253,7.5,21.7,14.5,17.7,1.4,0.8,13.5,19.4,1.8,0.8,2.6,0.14,1.9,0.4,2.3,1
31251,2024,5130,Dariq Whitehead,NA,SF,19,1,NBA,BRK,2,24,4.8,0.255,0.6,0.4,0,18.5,9,15.1,0,3.7,0,10.4,0,0,0,-0.03,-5.6,-2.3,-7.9,0
31252,2024,4708,Darius Garland,NA,PG,24,5,NBA,CLE,21,700,16.1,0.578,0.33,0.282,1.9,6.7,4.4,26.4,2.4,0.5,17.1,27.8,0.2,1,1.1,0.079,0.7,-0.4,0.3,0.4
31253,2024,5041,David Roddy,NA,PF,22,2,NBA,MEM,44,1014,8.9,0.491,0.418,0.172,5.1,15,9.9,9.6,1.1,1,11.3,17.3,-0.7,1.1,0.4,0.02,-3.9,-0.8,-4.7,-0.7
31254,2024,4926,Davion Mitchell,NA,PG,25,3,NBA,SAC,36,451,6.4,0.47,0.515,0.146,1.5,7.4,4.4,17.4,0.9,0.4,12.6,14.9,-0.1,0.2,0.1,0.009,-4.8,-1,-5.9,-0.4
31255,2024,4927,Day'Ron Sharpe,NA,C,22,3,NBA,BRK,37,592,21.3,0.598,0.036,0.456,18.3,29,23.5,13.1,1.4,4.9,13.8,19.3,1.3,0.9,2.2,0.175,0.2,0.6,0.8,0.4
31256,2024,4489,De'Aaron Fox,NA,PG,26,7,NBA,SAC,40,1425,20,0.575,0.383,0.33,2.6,10.4,6.4,24.6,2.2,1,9.5,31.2,2.1,1.4,3.5,0.116,2.7,-0.8,2,1.4
31257,2024,4709,De'Andre Hunter,NA,SF,26,5,NBA,ATL,25,743,11.8,0.601,0.441,0.278,2.1,12.7,7.2,6.3,1.3,1.1,11.4,18.8,0.6,0.2,0.8,0.054,-1.6,-1.3,-2.8,-0.2
31258,2024,4602,De'Anthony Melton,NA,SG,25,6,NBA,PHI,33,959,13.2,0.54,0.588,0.229,3.1,12.1,7.6,14.7,2.7,1.4,9.5,17.7,0.7,1.3,2,0.102,-0.7,1.1,0.4,0.6
31259,2024,3810,DeAndre Jordan,NA,C,35,16,NBA,DEN,24,293,15.7,0.608,0,0.734,15.9,28.1,22.1,8.4,0.8,3.8,18.3,15.4,0.3,0.5,0.8,0.131,-2.1,0.1,-2,0
31260,2024,3872,DeMar DeRozan,NA,SF,34,15,NBA,CHI,47,1754,18.3,0.567,0.173,0.41,1.6,10.7,6,22.1,1.5,1.9,7.3,24.7,3.3,1.6,4.9,0.133,1.1,0,1.1,1.3
31261,2024,4710,Dean Wade,NA,PF,27,5,NBA,CLE,38,832,9.9,0.601,0.855,0.11,4.5,17.8,11.2,4.8,1.9,1.2,9.5,10.4,0.7,1.4,2,0.118,-2,2,0,0.4
31262,2024,4603,Deandre Ayton,NA,C,25,6,NBA,POR,32,1018,15.8,0.569,0,0.121,10.3,27.9,18.5,7.9,1.6,2,13.4,18.4,0.5,1.2,1.7,0.081,-1.7,-0.3,-2,0
31263,2024,4394,Dejounte Murray,NA,SG,27,7,NBA,ATL,46,1600,17.1,0.568,0.349,0.177,2.1,13.9,7.8,22.6,1.8,0.7,10.7,24.9,2,0.7,2.7,0.081,1.6,-0.9,0.7,1.1
31264,2024,4320,Delon Wright,NA,PG,31,9,NBA,WAS,26,406,13.6,0.488,0.303,0.248,2.6,11.2,6.8,22.8,3.6,1.2,7.6,13.6,0.3,0.4,0.7,0.08,-2.4,2.1,-0.4,0.2
31265,2024,4823,Deni Avdija,NA,SF,23,4,NBA,WAS,47,1286,14.7,0.591,0.28,0.317,3.8,20.4,12,19.5,1.5,1.3,14.4,18.8,1.1,0.9,1.9,0.072,-0.9,0,-0.9,0.4
31266,2024,4157,Dennis Schröder,NA,PG,30,11,NBA,TOR,47,1456,14.1,0.565,0.387,0.262,1.5,8.2,4.8,28,1.5,0.4,11.9,19.3,2,0.8,2.8,0.093,-0.5,-1,-1.5,0.2
31267,2024,4490,Dennis Smith Jr.,NA,PG,26,7,NBA,BRK,32,627,13.9,0.503,0.283,0.17,5.5,12.9,9.1,28.2,3,1,14.6,18.1,0.4,0.7,1.1,0.085,-2.3,1.8,-0.6,0.2
31268,2024,5131,Dereck Lively II,NA,C,19,1,NBA,DAL,36,935,17.1,0.726,0.01,0.281,12,21.6,16.7,6.9,1.2,4.7,15.6,12.3,2.1,1.1,3.1,0.16,-0.8,0.1,-0.6,0.3
31269,2024,5042,Dereon Seabron,NA,SG,23,2,NBA,NOP,5,52,9.1,0.448,0.154,0.462,2.1,12.7,7.4,9.5,1.9,1.9,0,12.9,0,0.1,0.1,0.08,-3,1.2,-1.8,0
31270,2024,4397,Derrick Jones Jr.,NA,SF,26,8,NBA,DAL,43,1109,12.4,0.6,0.514,0.231,5.1,10.5,7.7,5.3,1.5,2.9,10.2,15.5,1,0.8,1.8,0.078,-0.8,-0.6,-1.4,0.2
31271,2024,3812,Derrick Rose,NA,PG,35,15,NBA,MEM,17,304,12.2,0.517,0.258,0.164,2.4,8.6,5.4,30.2,1.1,0.6,13.8,22.5,0,0.3,0.2,0.037,-1.9,-1.2,-3.1,-0.1
31272,2024,4492,Derrick White,NA,SG,29,7,NBA,BOS,44,1412,17,0.61,0.567,0.219,2.4,10.5,6.6,20.5,1.6,3.3,10.9,19.5,2.8,2,4.9,0.166,2.3,1.6,3.8,2.1
31273,2024,4824,Desmond Bane,NA,SG,25,4,NBA,MEM,37,1277,18.9,0.597,0.46,0.201,2.8,12,7.3,28.1,1.4,1.5,11.6,28.8,1.6,1.4,3,0.112,3.3,0.1,3.5,1.8
31274,2024,4321,Devin Booker,NA,PG,27,9,NBA,PHO,39,1413,23.1,0.618,0.3,0.349,2.3,12.7,7.8,33.6,1.2,1.1,10.6,30.7,4.4,1.1,5.5,0.188,4.4,-1.1,3.4,1.9
31275,2024,4826,Devin Vassell,NA,SG,23,4,NBA,SAS,43,1352,15.6,0.581,0.463,0.215,1.3,11.2,6.2,17.3,1.7,0.6,8,23,1.2,0.7,2,0.07,0.8,-1.2,-0.4,0.5
31276,2024,4607,Devonte' Graham,NA,PG,28,6,NBA,SAS,10,88,15.1,0.555,0.714,0.286,2.4,13.7,8,28.9,1.6,1,8.7,16.5,0.2,0.1,0.2,0.115,0.3,-0.1,0.2,0
31277,2024,5132,Dexter Dennis,NA,SG,24,1,NBA,DAL,4,30,18.2,0.541,0.421,0.158,3.6,29.9,16.5,24,0,3,12.9,33.1,0,0,0,-0.009,1.9,-0.3,1.6,0
31278,2024,4494,Dillon Brooks,NA,SF,28,7,NBA,HOU,38,1193,10.2,0.58,0.444,0.206,2.5,9.3,5.9,7.1,1.5,0.2,11,18.4,0.4,1.3,1.7,0.068,-3.1,0.1,-3,-0.3
31279,2024,5133,Dmytro Skapintsev,NA,C,25,1,NBA,NYK,2,2,-19,0,0,0,0,0,0,0,0,0,0,21.3,0,0,0,-0.47,-16.3,-9.6,-26,0
31280,2024,4400,Domantas Sabonis,NA,C,27,8,NBA,SAC,46,1630,23,0.655,0.085,0.382,10.1,31.7,20.7,33.6,1.1,1.4,17.8,22.2,4.8,2,6.9,0.203,3.8,2.2,6.1,3.3
31281,2024,5043,Dominick Barlow,NA,PF,20,2,NBA,SAS,22,295,14.1,0.537,0.089,0.354,9.4,18.2,13.7,11.9,1.4,3.5,5.2,13.7,0.4,0.3,0.7,0.108,-1.9,0.2,-1.7,0
31282,2024,4495,Donovan Mitchell,NA,SG,27,7,NBA,CLE,36,1283,23.3,0.59,0.432,0.291,3.2,13.7,8.5,29.6,2.6,1.2,10.5,32.4,2.8,2.2,4.9,0.184,5.4,1.7,7,2.9
31283,2024,4608,Donte DiVincenzo,NA,SG,27,6,NBA,NYK,48,1106,17,0.626,0.722,0.136,3.8,11.6,7.7,14.5,2.5,1.3,10,20,2.2,1.6,3.8,0.165,2.9,1.5,4.4,1.8
31284,2024,4401,Dorian Finney-Smith,NA,PF,30,8,NBA,BRK,42,1211,10.1,0.548,0.676,0.059,6.2,11.9,9,6.6,1.3,1.9,8.9,13.5,0.7,0.9,1.6,0.064,-1.5,-0.4,-1.9,0
31285,2024,4237,Doug McDermott,NA,SF,32,10,NBA,SAS,43,658,9.4,0.618,0.802,0.084,1.3,6.2,3.7,11.1,0.7,0.3,10.3,14.9,0.4,0.1,0.5,0.037,-1.1,-2.2,-3.3,-0.2
31286,2024,4085,Draymond Green,NA,PF,33,12,NBA,GSW,20,530,14.6,0.612,0.41,0.306,4.9,19.7,12.3,30.3,1.4,2.7,23.6,15.8,0.7,0.5,1.3,0.116,0.8,2.3,3,0.7
31287,2024,4610,Drew Eubanks,NA,C,26,6,NBA,PHO,42,678,14.8,0.668,0.019,0.377,10.5,19.6,15.3,8.5,0.9,4.4,18.6,14.1,0.9,0.8,1.8,0.125,-1.9,0.3,-1.5,0.1
31288,2024,5134,Drew Peterson,NA,PF,24,1,NBA,BOS,1,3,43.6,1.5,1,0,0,0,0,60.1,0,0,0,14.4,0,0,0,0.754,28.4,13.5,42,0
31289,2024,5045,Dru Smith,NA,SG,26,2,NBA,MIA,9,131,12.7,0.576,0.515,0.061,5.1,7.1,6.1,15.2,3.4,2.2,12.9,13.1,0.1,0.2,0.3,0.112,-2,2.9,1,0.1
31290,2024,4611,Duncan Robinson,NA,SF,29,6,NBA,MIA,45,1238,12.5,0.612,0.673,0.145,1,9.3,5.1,15.9,1.1,0.6,11.3,19.6,1.1,1,2.1,0.08,-0.2,-1,-1.2,0.2
31291,2024,5135,Duop Reath,NA,C,27,1,NBA,POR,36,633,16.2,0.594,0.514,0.18,8.5,17.1,12.5,10.9,1.4,2.4,8.9,20.2,1,0.6,1.6,0.119,0.4,-0.2,0.2,0.4
31292,2024,4239,Dwight Powell,NA,C,32,10,NBA,DAL,41,639,15.7,0.747,0.023,0.895,12.4,14.6,13.4,13.6,1.6,2.1,16.7,9.6,1.9,0.6,2.5,0.188,-0.1,0.8,0.6,0.4
31293,2024,4829,Dylan Windler,NA,SF,27,4,NBA,TOT,5,16,26.5,0.857,0.857,0,0,13.5,6.9,31.1,0,0,0,18.8,0.1,0,0.1,0.341,12.1,2.9,15.1,0.1
31294,2024,4829,Dylan Windler,NA,SF,27,4,NBA,NYK,3,7,15.3,0.75,1,0,0,15.6,7.9,19.7,0,0,0,12.2,0,0,0,0.239,3.6,3.9,7.5,0
31295,2024,4829,Dylan Windler,NA,SF,27,4,NBA,LAL,2,9,35.1,0.9,0.8,0,0,11.9,6.2,40,0,0,0,23.9,0.1,0,0.1,0.42,18.8,2.1,20.9,0.1
31296,2024,5046,Dyson Daniels,NA,PG,20,2,NBA,NOP,48,1048,11,0.511,0.43,0.203,5,13.6,9.3,15.1,2.8,1.6,15.7,12.5,0.3,1.5,1.8,0.083,-2.3,2.3,0,0.5
31297,2024,4392,Dāvis Bertāns,NA,PF,31,8,NBA,OKC,15,91,17.2,0.675,0.923,0.577,2.6,9.3,6.1,12.2,1.6,3.1,3,16,0.3,0.1,0.4,0.227,3.1,0.8,3.9,0.1
31298,2024,5136,E.J. Liddell,NA,PF,23,1,NBA,NOP,8,23,4.3,0.291,0.833,0.333,0,23.9,12,5.1,4.2,8.6,22.5,16.6,-0.1,0.1,0,-0.091,-8.6,4.1,-4.5,0
31299,2024,5137,Emoni Bates,NA,SF,20,1,NBA,CLE,10,76,3.7,0.348,0.8,0.08,1.5,13,7.3,9.8,0.6,2.4,3.7,15.3,-0.1,0.1,0,-0.017,-5.4,-0.7,-6.2,-0.1
31300,2024,3815,Eric Gordon,NA,SG,35,16,NBA,PHO,40,1212,11.6,0.59,0.639,0.099,1.3,6.6,4.1,10.9,1.5,1.5,10.7,17.4,0.8,0.9,1.6,0.064,-0.6,-1,-1.6,0.1
31301,2024,4930,Eugene Omoruyi,NA,SF,26,3,NBA,WAS,19,110,24.7,0.662,0.309,0.382,10.6,16.7,13.6,16.3,3.8,0.7,12.3,28,0.3,0.1,0.4,0.171,3.1,0.8,3.9,0.2
31302,2024,4086,Evan Fournier,NA,SG,31,12,NBA,NYK,3,39,2.2,0.287,0.75,0.1,0,11.2,5.7,10,5.1,0,4.6,23.9,-0.2,0.1,-0.1,-0.103,-12.1,0.5,-11.5,-0.1
31303,2024,4931,Evan Mobley,NA,PF,22,3,NBA,CLE,23,748,17.8,0.607,0.042,0.256,8.7,25.5,17.2,12.8,1.2,4.2,14.9,19.8,0.8,1.4,2.3,0.145,-0.6,2,1.4,0.6
31304,2024,5138,Filip Petrušev,NA,C,23,1,NBA,TOT,3,10,5,0.521,0,1,0,11.1,5.5,0,0,0,0,12.3,0,0,0,0.027,-4.8,-3.3,-8.1,0
31305,2024,5138,Filip Petrušev,NA,C,23,1,NBA,PHI,1,3,4,NA,NA,NA,0,36.9,18.5,0,0,0,NA,0,0,0,0,0.065,-2.9,-2.2,-5,0
31306,2024,5138,Filip Petrušev,NA,C,23,1,NBA,SAC,2,7,5.4,0.521,0,1,0,0,0,0,0,0,0,17.5,0,0,0,0.01,-5.7,-3.8,-9.5,0
31307,2024,4500,Frank Ntilikina,NA,PG,25,7,NBA,CHO,5,43,0,0.253,0.889,0.222,2.5,13.7,7.8,11.3,0,0,9.2,11,-0.1,0,-0.1,-0.102,-10,-3.6,-13.6,-0.1
31308,2024,4933,Franz Wagner,NA,SF,22,3,NBA,ORL,40,1321,17.3,0.565,0.308,0.278,3.8,16.4,10,20,1.6,0.9,9.9,26,1.5,1.8,3.3,0.12,1.1,0.3,1.3,1.1
31309,2024,4403,Fred VanVleet,NA,PG,29,8,NBA,HOU,45,1670,16.2,0.557,0.571,0.229,1.1,9.9,5.5,32.2,1.5,2.3,9.6,19.3,2.9,2.1,5,0.145,2.4,0.8,3.3,2.2
31310,2024,4501,Furkan Korkmaz,NA,SG,26,7,NBA,PHI,31,239,9.2,0.529,0.532,0.258,0.5,8.3,4.4,11.9,2.6,0.4,11.5,13.9,0,0.3,0.3,0.059,-3,1,-2,0
31311,2024,4717,Gabe Vincent,NA,PG,27,5,NBA,LAL,5,127,6,0.411,0.531,0.063,1.8,2.5,2.2,14.9,2.2,0,5.7,11.8,-0.1,0.1,0,0.012,-5.7,1.4,-4.3,-0.1
31312,2024,3877,Garrett Temple,NA,SG,37,14,NBA,TOR,13,50,12.2,0.537,0.4,0.267,8.7,13.5,11,15.6,1.9,0,15.2,16.9,0,0,0.1,0.072,-1.8,-0.8,-2.5,0
31313,2024,4718,Garrison Mathews,NA,SG,27,5,NBA,ATL,33,417,6.5,0.656,0.93,0.105,2,8.6,5.2,4.8,0.9,0.6,14.3,10.3,0.3,0,0.3,0.035,-3.2,-1.2,-4.3,-0.2
31314,2024,4245,Gary Harris,NA,SG,29,10,NBA,ORL,27,616,9.9,0.573,0.701,0.201,2.4,6.3,4.3,11.1,1.8,0.7,7.7,12.7,0.6,0.7,1.3,0.103,-2.2,1,-1.2,0.1
31315,2024,4404,Gary Payton II,NA,SG,31,8,NBA,GSW,16,261,11.3,0.524,0.405,0.114,6.7,13.5,10.1,6.7,3.2,1.7,10.8,15,0,0.3,0.4,0.065,-2.8,1.9,-0.8,0.1
31316,2024,4618,Gary Trent Jr.,NA,SG,25,6,NBA,TOR,42,1095,11,0.559,0.564,0.1,1,8.2,4.5,8.2,1.5,0.4,5.9,18.6,0.4,0.6,1,0.044,-1.5,-1.2,-2.7,-0.2
31317,2024,4405,Georges Niang,NA,PF,30,8,NBA,CLE,45,996,10.2,0.571,0.62,0.102,1.7,17,9.4,8.2,0.5,0.9,8.4,17.5,0.5,1.2,1.8,0.085,-2.2,0,-2.2,0
31318,2024,4164,Giannis Antetokounmpo,NA,PF,29,11,NBA,MIL,46,1618,29.3,0.646,0.091,0.592,8.5,26.9,18,29.3,1.8,2.5,13.1,33.1,5.5,2.3,7.8,0.231,6.1,2,8.1,4.1
31319,2024,4719,Goga Bitadze,NA,C,24,5,NBA,ORL,41,809,18.5,0.641,0.056,0.38,13.3,22.1,17.6,11.6,1.6,7,12.9,12.7,1.7,1.6,3.3,0.197,-0.1,2.9,2.8,1
31320,2024,3941,Gordon Hayward,NA,SF,33,14,NBA,CHO,25,798,14.1,0.544,0.205,0.273,3.3,13.6,8.2,21.6,1.7,1.4,13.3,20.9,0.3,0.3,0.6,0.033,-1.3,-0.8,-2.1,0
31321,2024,5139,Gradey Dick,NA,SG,20,1,NBA,TOR,26,355,6.3,0.477,0.634,0.178,3.7,8.9,6.2,11,1.6,0,13.5,15.2,-0.2,0.2,0,0.002,-5.3,-1,-6.3,-0.4
31322,2024,4720,Grant Williams,NA,PF,25,5,NBA,DAL,44,1169,8.4,0.56,0.671,0.159,3.9,10.8,7.3,8.5,0.9,1.9,12.3,13.4,0.5,0.6,1.1,0.045,-2.4,-0.9,-3.3,-0.4
31323,2024,4620,Grayson Allen,NA,SG,28,6,NBA,PHO,42,1386,13.7,0.699,0.62,0.218,2.7,11.3,7.2,11.6,1.3,1.6,13.1,14.3,2.5,1.1,3.6,0.126,1.1,-0.3,0.8,1
31324,2024,4937,Greg Brown III,NA,PF,22,3,NBA,DAL,6,40,10.4,0.501,0.273,0.818,8.1,16.8,12.4,13.1,0,8.9,21.1,20.2,-0.1,0,0,-0.013,-4.8,0.4,-4.4,0
31325,2024,5140,Gregory Jackson II,NA,PF,19,1,NBA,MEM,15,233,16.5,0.636,0.541,0.353,5,15.6,10.1,6.8,1.2,2.8,8.4,19.7,0.4,0.3,0.6,0.134,1.2,0.1,1.3,0.2
31326,2024,5141,Gui Santos,NA,PF,21,1,NBA,GSW,6,35,13.7,0.55,0.545,0.545,15.5,22,18.7,7.4,0,0,12.8,18.8,0.1,0,0.1,0.103,-1,-3.5,-4.5,0
31327,2024,4621,Hamidou Diallo,NA,SG,25,6,NBA,WAS,2,5,33,0.5,0,0,42.2,0,21.4,28.5,18.7,0,33.3,25.3,0,0,0,0.199,2.5,15.9,18.4,0
31328,2024,4089,Harrison Barnes,NA,PF,31,12,NBA,SAC,46,1372,11.5,0.62,0.555,0.27,3.2,8,5.6,5.7,1.1,0.5,7,14.7,1.8,0.8,2.6,0.091,-0.9,-1.2,-2.1,0
31329,2024,4622,Harry Giles,NA,C,25,4,NBA,BRK,15,73,16.4,0.537,0.263,0.289,14.4,18.2,16.2,9,0.7,3.7,12.3,28.5,0,0.1,0.1,0.036,-2,-1.6,-3.6,0
31330,2024,4623,Haywood Highsmith,NA,PF,27,4,NBA,MIA,34,720,10.2,0.57,0.588,0.141,4.4,11.4,7.8,8,2.2,2.4,11.3,12.5,0.3,0.9,1.2,0.083,-2.3,1.1,-1.2,0.1
31331,2024,4939,Herbert Jones,NA,SF,25,3,NBA,NOP,44,1253,13.5,0.622,0.445,0.26,4.4,9.5,6.9,11.6,1.9,3.2,11.9,15,1.7,1.5,3.3,0.126,-0.5,1,0.5,0.8
31332,2024,5142,Hunter Tyson,NA,PF,23,1,NBA,DEN,9,27,-9,0.143,0.857,0,0,24.4,12.4,4.2,0,0,22.2,14.5,-0.2,0,-0.1,-0.23,-15.7,-3,-18.7,-0.1
31333,2024,5143,Ibou Badji,NA,C,21,1,NBA,POR,12,163,9.4,0.595,0,0.4,11.7,19.2,15.2,6.5,0.6,9.4,33.8,6.9,0,0.2,0.2,0.071,-7.2,2.1,-5.1,-0.1
31334,2024,4837,Immanuel Quickley,NA,SG-PG,24,4,NBA,TOT,42,1102,16.3,0.584,0.47,0.269,0.9,12.3,6.6,19.5,1.1,0.4,7.9,23.4,2.1,1,3.1,0.134,2,-0.5,1.5,1
31335,2024,4837,Immanuel Quickley,NA,SG,24,4,NBA,NYK,30,720,16.8,0.598,0.484,0.281,0.8,10.9,5.9,15.6,1.1,0.4,7.6,24.1,1.5,0.7,2.3,0.15,2.4,-0.1,2.3,0.8
31336,2024,4837,Immanuel Quickley,NA,PG,24,4,NBA,TOR,12,382,15.4,0.554,0.442,0.245,1.1,15,7.9,26.7,1.1,0.5,8.6,22.1,0.6,0.3,0.8,0.102,1.1,-1.1,0,0.2
31337,2024,4838,Isaac Okoro,NA,SF,23,4,NBA,CLE,36,954,11.8,0.594,0.373,0.347,5.4,7.9,6.7,9.5,1.7,1.3,9.6,13.6,1.2,1.2,2.4,0.122,-1.9,1.3,-0.6,0.3
31338,2024,4627,Isaiah Hartenstein,NA,C,25,6,NBA,NYK,46,1161,16.8,0.648,0.015,0.448,14.6,22.2,18.5,9.9,2.3,3.9,18.1,10.8,2.3,2.3,4.5,0.187,-0.4,2.6,2.2,1.2
31339,2024,4940,Isaiah Jackson,NA,C,22,3,NBA,IND,36,483,21.1,0.685,0.02,0.443,12.9,22.1,17.5,8.3,2.1,7.2,12.3,17.4,1.3,0.7,1.9,0.192,-0.3,1.9,1.6,0.4
31340,2024,4839,Isaiah Joe,NA,SG,24,4,NBA,OKC,47,883,13.8,0.637,0.744,0.126,2.5,11.2,7.1,7.7,1.6,1.4,8.1,17,1.2,1,2.2,0.121,1.5,-0.2,1.3,0.7
31341,2024,4941,Isaiah Livers,NA,PF,25,3,NBA,DET,23,469,5.1,0.46,0.664,0.155,3.5,8,5.7,6.8,1.3,0.9,11.4,12.6,-0.3,0.1,-0.2,-0.022,-5,-1.5,-6.6,-0.5
31342,2024,5047,Isaiah Mobley,NA,PF,24,2,NBA,CLE,3,14,16,0.625,0.5,0,0,15.7,7.9,38.7,3.5,0,20,15.4,0,0,0.1,0.187,0.6,4.5,5.1,0
31343,2024,4840,Isaiah Stewart,NA,PF,22,4,NBA,DET,35,1070,11,0.579,0.434,0.235,6.5,18.6,12.4,7.7,0.6,2.1,13.9,15.3,0.5,0.4,0.9,0.04,-1.9,-1,-2.9,-0.2
31344,2024,3946,Ish Smith,NA,PG,35,14,NBA,CHO,39,649,7.1,0.454,0.051,0.029,1.8,10.4,5.9,26.2,1,0.6,23.2,12.1,-0.4,0,-0.3,-0.025,-5.2,-1.5,-6.7,-0.8
31345,2024,4943,Ish Wainright,NA,SF,29,3,NBA,POR,7,46,10.1,0.53,0.889,0.111,0,23.5,11,0,2.1,2,5,18.3,0,0.1,0,0.051,-1.5,0.7,-0.8,0
31346,2024,4410,Ivica Zubac,NA,C,26,8,NBA,LAC,38,1030,19.6,0.665,0,0.342,14.1,26.1,20.3,6.6,0.4,4.6,10.9,16.7,2.6,1.5,4.1,0.192,0.7,-0.1,0.6,0.7
31347,2024,5062,JD Davison,NA,SG,21,2,NBA,BOS,2,6,15.2,0.532,1,2,18.5,17,17.7,0,0,0,0,13.5,0,0,0,0.202,-0.7,-1.5,-2.2,0
31348,2024,4972,JT Thor,NA,PF,21,3,NBA,CHO,38,532,7.1,0.437,0.44,0.097,7.6,13.8,10.5,3.7,0.7,2.9,7.3,12.3,-0.3,0.1,-0.1,-0.012,-4.4,-1.9,-6.3,-0.6
31349,2024,4723,Ja Morant,NA,PG,24,5,NBA,MEM,9,318,20.4,0.57,0.3,0.376,2,15.7,8.6,41.5,1.1,1.5,12,30.4,0.5,0.4,0.8,0.125,2.6,0.5,3.1,0.4
31350,2024,3824,JaVale McGee,NA,C,36,16,NBA,SAC,36,295,19.9,0.655,0.027,0.369,13.4,28,20.6,7.3,1.5,5.8,19.4,23.1,0.2,0.5,0.7,0.114,-1.3,0.6,-0.7,0.1
31351,2024,5048,Jabari Smith Jr.,NA,PF,20,2,NBA,HOU,42,1325,13.9,0.582,0.422,0.212,6.5,22.6,14.6,6.7,1,2.3,9.4,17.4,1.2,2,3.2,0.117,-0.8,0.5,-0.3,0.6
31352,2024,5049,Jabari Walker,NA,SF,21,2,NBA,POR,44,943,13.8,0.57,0.312,0.376,9.2,25,16.6,6,1.5,1.7,11.4,16.5,0.8,1.1,1.9,0.095,-2.3,-0.3,-2.6,-0.1
31353,2024,5051,Jacob Gilyard,NA,PG,25,2,NBA,MEM,30,482,10.6,0.563,0.818,0.01,1.5,5.6,3.5,27.8,1.9,0.6,15.3,10.5,0.6,0.5,1,0.103,-2.1,0.5,-1.7,0
31354,2024,5144,Jacob Toppin,NA,SF,23,1,NBA,NYK,3,4,16.9,NA,NA,NA,0,0,0,28.8,0,23,NA,0,0,0,0,0.206,5.8,7,12.8,0
31355,2024,5052,Jaden Hardy,NA,SG,21,2,NBA,DAL,43,693,10.5,0.5,0.511,0.145,2.2,12.3,7.2,16,1,0.4,9.2,23.4,-0.3,0.4,0,0.003,-1.8,-2.5,-4.4,-0.4
31356,2024,5053,Jaden Ivey,NA,SG,21,2,NBA,DET,43,1149,13.7,0.554,0.364,0.36,5.4,10.4,7.9,20.1,1.3,1.9,15.2,24,0.2,0.4,0.7,0.028,-0.9,-1.5,-2.4,-0.1
31357,2024,4841,Jaden McDaniels,NA,SF,23,4,NBA,MIN,38,1093,10.2,0.6,0.384,0.106,3,7.3,5.3,6.7,1.6,1.5,11,15.7,0.5,1.6,2.1,0.094,-2.8,0.9,-1.9,0
31358,2024,4944,Jaden Springer,NA,SG,21,3,NBA,PHI,28,288,9.3,0.476,0.319,0.297,7.3,9.2,8.3,11.5,3,3,18.3,18.6,-0.3,0.4,0.1,0.019,-5,0.9,-4.1,-0.1
31359,2024,4091,Jae Crowder,NA,PF,33,12,NBA,MIL,17,385,9.5,0.604,0.73,0.18,2.4,12.9,7.8,6.7,1.2,0.8,7.7,11.4,0.4,0.3,0.6,0.078,-0.6,-0.1,-0.8,0.1
31360,2024,4842,Jae'Sean Tate,NA,SF,28,4,NBA,HOU,44,799,9.3,0.551,0.378,0.163,5.8,14,9.9,8,1.8,1.1,9.8,11,0.5,1.1,1.6,0.099,-3.7,1.6,-2.1,0
31361,2024,5145,Jaime Jaquez Jr.,NA,SF,22,1,NBA,MIA,42,1253,13.2,0.589,0.285,0.246,4.4,10.2,7.3,13.7,1.8,0.9,12.9,19.4,0.8,1.3,2.1,0.081,-2,-0.2,-2.2,-0.1
31362,2024,5054,Jake LaRavia,NA,PF,22,2,NBA,MEM,11,122,4.9,0.447,0.558,0.093,6.1,8.4,7.2,7.3,0.4,0.8,8.2,17.2,-0.1,0.1,0,-0.016,-6.9,-1.7,-8.6,-0.2
31363,2024,4412,Jakob Poeltl,NA,C,28,8,NBA,TOR,36,954,18,0.675,0,0.319,11.2,23.6,17.3,13.1,1.2,4.5,16.8,15.2,1.7,1.2,2.8,0.143,-0.6,1.3,0.6,0.6
31364,2024,4630,Jalen Brunson,NA,PG,27,6,NBA,NYK,46,1641,21.8,0.599,0.334,0.309,1.8,10.1,6,30.3,1.3,0.6,9.3,29.5,4.9,1.7,6.6,0.194,5.1,-0.2,4.8,2.9
31365,2024,5055,Jalen Duren,NA,C,20,2,NBA,DET,32,957,18.6,0.654,0.006,0.225,12.3,32.1,22,12.7,0.6,2.3,15.6,17.8,1.6,0.7,2.4,0.119,0.1,-0.3,-0.2,0.4
31366,2024,4946,Jalen Green,NA,SG,21,3,NBA,HOU,47,1450,13.9,0.538,0.442,0.306,1.5,15.5,8.5,16.2,1.1,1,11.1,26.9,-0.2,1.8,1.6,0.052,-0.3,-0.7,-1,0.4
31367,2024,5146,Jalen Hood-Schifino,NA,SG,20,1,NBA,LAL,14,90,-0.8,0.316,0.314,0.4,2.6,9.5,6.2,11.1,1.6,2,16.3,23.5,-0.5,0.1,-0.4,-0.205,-12,-2.8,-14.8,-0.3
31368,2024,4947,Jalen Johnson,NA,SF,22,3,NBA,ATL,33,1088,16.4,0.619,0.279,0.237,3.8,24.1,13.6,13.5,2,2.1,13.2,18,1.4,1,2.3,0.102,0.3,0.9,1.2,0.9
31369,2024,4725,Jalen McDaniels,NA,SF,26,5,NBA,TOR,29,260,6.7,0.429,0.5,0.208,3.3,12.1,7.6,8.1,2.1,1,7.9,18.7,-0.4,0.2,-0.1,-0.024,-6.1,-0.6,-6.7,-0.3
31370,2024,5147,Jalen Pickett,NA,SG,24,1,NBA,DEN,16,97,9.2,0.571,0.714,0.071,1.2,11.3,6.3,15.7,1.5,0,17.2,15.6,0,0.1,0.1,0.052,-2.4,-0.6,-2.9,0
31371,2024,5148,Jalen Slawson,NA,SF,24,1,NBA,SAC,5,19,5.4,0.667,0.333,0,0,24.2,11.8,13.3,0,4.8,40,11.2,0,0,0,-0.008,-7.3,1.3,-6,0
31372,2024,4845,Jalen Smith,NA,C,23,4,NBA,IND,34,615,20,0.717,0.367,0.281,10.2,25.4,17.7,7.9,0.6,2.6,10.5,18.7,1.8,0.4,2.2,0.171,2.8,-0.8,2,0.6
31373,2024,4948,Jalen Suggs,NA,SG,22,3,NBA,ORL,44,1164,12.7,0.577,0.525,0.204,2.9,11.1,6.9,13.6,2.6,2.1,15.1,20.5,0.1,1.9,1.9,0.08,-1.7,1.4,-0.2,0.5
31374,2024,5056,Jalen Williams,NA,PF,22,2,NBA,OKC,44,1405,18,0.623,0.235,0.242,1.9,11.6,7,20.2,1.6,1.5,10.3,22.7,2.7,1.7,4.4,0.15,1.5,0.2,1.7,1.3
31375,2024,5149,Jalen Wilson,NA,PF,23,1,NBA,BRK,11,104,19.8,0.635,0.25,0.469,15.1,9.6,12.4,12.1,1.4,0.9,7.2,17,0.4,0.1,0.4,0.206,2.4,-1,1.4,0.1
31376,2024,5057,Jamal Cain,NA,PF,24,2,NBA,MIA,14,209,11.5,0.538,0.379,0.288,6.4,9.4,7.9,2.1,2.1,1.9,5.1,16.6,0.1,0.2,0.3,0.077,-2.6,0,-2.6,0
31377,2024,4413,Jamal Murray,NA,PG,26,7,NBA,DEN,35,1112,20.3,0.585,0.341,0.208,2.1,11,6.7,30.4,1.2,1.8,9.6,27.4,2.3,1.1,3.4,0.149,4.4,-0.5,3.9,1.7
31378,2024,5058,Jamaree Bouyea,NA,PG,24,2,NBA,POR,6,57,-4.7,0.238,0.381,0,3.7,16.9,9.9,19.3,0,0,27.6,21.6,-0.4,0,-0.4,-0.297,-13.2,-4.8,-18,-0.2
31379,2024,4949,James Bouknight,NA,SG,23,3,NBA,CHO,12,73,16,0.594,0.73,0.054,1.5,13,6.9,13.1,0,1.2,2.6,23.1,0.1,0,0.1,0.072,5,-2.6,2.4,0.1
31380,2024,3880,James Harden,NA,PG,34,15,NBA,LAC,41,1400,19.6,0.639,0.578,0.432,1.2,14.6,8.1,33.3,1.8,2.4,15.9,20.4,3.9,1.8,5.6,0.193,4.2,1,5.3,2.6
31381,2024,3881,James Johnson,NA,PF,36,15,NBA,IND,5,24,11.5,0.4,0.2,0,4.7,14.5,9.6,23.2,7.8,0,28.6,12.1,0,0,0,0.052,-5,4.6,-0.5,0
31382,2024,4846,James Wiseman,NA,C,22,3,NBA,DET,29,424,15.2,0.679,0.018,0.298,10.6,21.2,15.8,6.1,0.5,3.9,16.2,15.3,0.6,0.2,0.8,0.092,-2.3,-1.2,-3.5,-0.2
31383,2024,5150,Jarace Walker,NA,PF,20,1,NBA,IND,15,165,14.6,0.552,0.469,0.109,5.5,14,9.7,15,2.6,2.4,10.7,18.8,0.1,0.1,0.3,0.082,0.6,0.2,0.8,0.1
31384,2024,4952,Jared Butler,NA,SG,23,3,NBA,WAS,17,128,21.1,0.689,0.48,0.3,0,9.3,4.6,35.4,2.9,1.3,15,21.9,0.4,0.1,0.4,0.168,3.1,0.5,3.6,0.2
31385,2024,5059,Jared Rhoden,NA,SG,24,2,NBA,DET,5,30,10.9,0.658,0.444,0.222,3.7,11.4,7.5,14.1,0,0,16.8,16.7,0,0,0,0.052,-2.7,-0.9,-3.6,0
31386,2024,4632,Jaren Jackson Jr.,NA,C,24,6,NBA,MEM,45,1428,17.3,0.561,0.319,0.375,4.2,15.6,9.7,11,1.6,4.5,9.9,29.3,0.4,2.1,2.5,0.083,-0.4,0.5,0.1,0.8
31387,2024,4634,Jarred Vanderbilt,NA,PF,24,6,NBA,LAL,28,565,11.1,0.574,0.224,0.318,7.8,17.7,12.9,7.6,2.8,0.8,17,11.2,0.2,0.8,1,0.086,-3.4,1.1,-2.2,0
31388,2024,4515,Jarrett Allen,NA,C,25,7,NBA,CLE,40,1222,22.2,0.68,0.003,0.38,13.4,24.9,19.2,14,1.4,3.2,14,18.4,3.5,2.3,5.8,0.226,2,1.8,3.7,1.8
31389,2024,5151,Javon Freeman-Liberty,NA,PG,24,1,NBA,TOR,2,4,8,0.333,0,0,27,0,13.8,0,0,0,0,32,0,0,0,-0.149,-8.1,-9.4,-17.6,0
31390,2024,4955,Javonte Smart,NA,PG,24,2,NBA,PHI,1,1,0,NA,NA,NA,0,0,0,0,0,0,NA,0,0,0,0,0.009,-6,-2.1,-8.1,0
31391,2024,4730,Jaxson Hayes,NA,C,23,5,NBA,LAL,38,379,9.7,0.676,0.068,0.397,5.5,14.2,10,4.5,1.5,3.3,19.7,12.1,0.2,0.4,0.6,0.077,-5.8,0.8,-4.9,-0.3
31392,2024,4956,Jay Huff,NA,C,25,3,NBA,DEN,6,17,3.7,0.583,0.667,0,0,6.5,3.3,8,0,0,14.3,17.9,0,0,0,-0.001,-7.2,-1.8,-9,0
31393,2024,4415,Jaylen Brown,NA,SF,27,8,NBA,BOS,45,1500,18.3,0.58,0.333,0.25,3.5,13.2,8.6,17.5,1.6,1.6,10.8,28.3,1.6,2.2,3.8,0.121,0.9,0.2,1.1,1.2
31394,2024,4732,Jaylen Nowell,NA,SG,24,5,NBA,MEM,9,156,6.6,0.453,0.418,0.055,2,8,4.9,15.4,0.9,0,8.2,16.9,-0.1,0.1,0,-0.003,-6,-1.4,-7.4,-0.2
31395,2024,5061,Jaylin Williams,NA,C,21,2,NBA,OKC,40,482,11.6,0.535,0.63,0.134,4.6,22.9,14.2,13.2,1.7,2.7,11.2,13.6,0.3,0.8,1.2,0.115,-1.4,2,0.6,0.3
31396,2024,4518,Jayson Tatum,NA,PF,25,7,NBA,BOS,45,1613,21.8,0.603,0.427,0.37,2.8,21.5,12.5,19.6,1.4,1.4,10.4,30,3.3,2.6,6,0.177,4,0.9,4.9,2.8
31397,2024,5063,Jeenathan Williams,NA,SG,24,2,NBA,HOU,7,55,12.3,0.496,0.13,0.217,9.9,2,5.9,8.1,1.8,0,3.8,20.5,0,0.1,0.1,0.075,-2.5,-0.8,-3.3,0
31398,2024,3761,Jeff Green,NA,PF,37,16,NBA,HOU,45,748,10.7,0.616,0.315,0.519,3.9,9.4,6.6,5.8,0.5,2.6,11.5,14.5,0.8,0.8,1.5,0.099,-2.5,-0.1,-2.6,-0.1
31399,2024,4257,Jerami Grant,NA,PF,29,10,NBA,POR,43,1443,15.9,0.581,0.325,0.362,2.1,10.7,6.2,12.9,1,2,9.6,25.6,1.5,0.9,2.4,0.08,1.1,-0.9,0.2,0.8
31400,2024,4959,Jeremiah Robinson-Earl,NA,PF,23,3,NBA,NOP,19,205,13.9,0.631,0.368,0.193,7.6,18.2,13,5.9,1.7,1.4,12.7,14.8,0.3,0.3,0.5,0.12,-0.8,-0.1,-0.8,0.1
31401,2024,5064,Jeremy Sochan,NA,PF,20,2,NBA,SAS,48,1416,11.4,0.527,0.274,0.196,6.3,15.6,10.9,17.9,1.1,1.3,15,18.5,-0.1,0.8,0.7,0.025,-2.4,-1.1,-3.5,-0.6
31402,2024,4960,Jericho Sims,NA,C,25,3,NBA,NYK,24,214,9.9,0.712,0,0.28,7.9,17.4,12.7,4.2,0.5,3,17.6,6.8,0.3,0.3,0.5,0.118,-2.9,0.4,-2.5,0
31403,2024,5152,Jermaine Samuels,NA,SF,25,1,NBA,HOU,9,45,13.3,0.676,0.25,0.25,4.8,19.2,12,6,1.1,2.1,0,8.5,0.1,0.1,0.2,0.17,-1.3,1.1,-0.2,0
31404,2024,4637,Jerome Robinson,NA,SG,26,4,NBA,GSW,7,26,-2.9,0.172,0.556,0.667,4.2,8.5,6.3,8.7,0,3.5,0,18.8,-0.1,0,-0.1,-0.202,-12,-5.7,-17.7,-0.1
31405,2024,5153,Jett Howard,NA,SF,20,1,NBA,ORL,11,42,8.7,0.482,0.737,0.211,2.7,11.1,6.8,10.6,0,2.2,8.8,23.3,0,0,0,-0.006,-0.4,-1.7,-2.2,0
31406,2024,4638,Jevon Carter,NA,PG,28,6,NBA,CHI,47,647,7.8,0.476,0.648,0.02,0.8,5.5,3.1,12.4,1.7,1.9,9,18.8,-0.6,0.5,0,-0.003,-3.6,-0.6,-4.3,-0.4
31407,2024,4023,Jimmy Butler,NA,PF,34,13,NBA,MIA,33,1114,22.1,0.629,0.159,0.592,6.8,10.7,8.7,21,1.8,0.9,8.9,24.5,3.5,1.1,4.7,0.201,4,-0.2,3.8,1.6
31408,2024,4961,Jock Landale,NA,C,28,3,NBA,HOU,27,249,10.4,0.445,0.274,0.242,14.8,9.5,12.2,8.5,1.4,3.8,12.7,13.6,0,0.3,0.4,0.071,-3.7,-0.2,-3.9,-0.1
31409,2024,4260,Joe Harris,NA,SG,32,10,NBA,DET,15,158,5,0.502,0.806,0.056,2.1,7.2,4.6,8,0.9,1,9.8,10.9,0,0,0,0,-4.4,-1,-5.5,-0.1
31410,2024,4261,Joe Ingles,NA,SF,36,10,NBA,ORL,34,613,10.3,0.548,0.655,0.144,2.7,13.9,8.2,23.3,1.9,0.5,19.1,12.8,0.3,0.8,1.2,0.092,-2.1,1.5,-0.6,0.2
31411,2024,4417,Joel Embiid,NA,C,29,8,NBA,PHI,34,1157,34.3,0.645,0.149,0.534,8.5,28.2,18.4,31.5,1.6,4.5,11.9,39,4.9,2.1,7,0.29,8.9,3.1,11.9,4.1
31412,2024,4519,John Collins,NA,PF,26,7,NBA,UTA,45,1243,15.5,0.598,0.329,0.217,8.5,22.5,15.6,5.4,1,2.6,10.5,19.7,1.4,1.1,2.5,0.096,-0.6,-1.2,-1.8,0.1
31413,2024,4734,John Konchar,NA,SF,27,5,NBA,MEM,37,669,11.4,0.514,0.589,0.097,6.5,18.1,12.1,12.5,2,4.7,14.5,9.7,0.3,1.1,1.4,0.098,-2.5,2.5,0,0.3
31414,2024,5066,Johnny Davis,2002,SG,21,2,NBA,WAS,21,163,7.4,0.453,0.078,0.137,5.8,8,6.9,4.8,2,1,8.5,15.3,-0.2,0.1,-0.1,-0.029,-5.7,-1.9,-7.6,-0.2
31415,2024,5067,Johnny Juzang,NA,SG,22,2,NBA,UTA,1,4,-11.2,0,1,0,0,0,0,28.4,0,0,0,20.8,0,0,0,-0.385,-13.8,-8.5,-22.4,0
31416,2024,4100,Jonas Valančiūnas,NA,C,31,12,NBA,NOP,48,1261,20.8,0.637,0.187,0.318,11,29.6,20.4,13.1,0.9,4.1,11.3,20.4,3,2,5.1,0.193,1.6,0.7,2.3,1.4
31417,2024,4522,Jonathan Isaac,NA,PF,26,5,NBA,ORL,30,423,18.2,0.572,0.396,0.333,8.7,22.4,15.4,4.2,2.4,7.6,7.8,18.2,0.5,0.9,1.4,0.162,0.1,2.6,2.7,0.5
31418,2024,4965,Jonathan Kuminga,NA,PF,21,3,NBA,GSW,43,1043,16.5,0.605,0.246,0.37,5.4,15.1,10.2,10,1.3,1.4,10.9,23.7,1.3,0.8,2.1,0.097,0,-0.9,-0.9,0.3
31419,2024,4848,Jontay Porter,NA,PF,24,2,NBA,TOR,14,200,14.6,0.498,0.541,0.197,8.1,19.1,13.5,18.6,2.7,4.8,12,16.1,0.1,0.3,0.4,0.107,-1,2,0.9,0.1
31420,2024,4265,Jordan Clarkson,NA,SG,31,10,NBA,UTA,39,1170,12.8,0.527,0.365,0.24,3.6,8.9,6.3,24,0.9,0.4,14.5,27.1,-0.1,0.3,0.3,0.011,-1.1,-3.1,-4.2,-0.7
31421,2024,5154,Jordan Ford,NA,PG,25,1,NBA,SAC,6,22,16.6,0.761,0.429,0.286,0,10.4,5.1,12.7,0,0,11.3,17.2,0.1,0,0.1,0.151,3.2,-1.3,1.9,0
31422,2024,4966,Jordan Goodwin,NA,PG,25,3,NBA,PHO,38,549,12.1,0.476,0.421,0.142,8.9,15.3,12.3,18.9,1.9,1.3,12.6,18.3,0.1,0.6,0.7,0.061,-1.4,0.1,-1.3,0.1
31423,2024,5155,Jordan Hawkins,NA,SG,21,1,NBA,NOP,43,932,11.5,0.565,0.655,0.199,3,11.8,7.4,8.8,0.8,0.4,8.2,19.8,0.7,0.7,1.4,0.074,-0.3,-1.7,-2,0
31424,2024,4736,Jordan McLaughlin,NA,PG,27,5,NBA,MIN,27,249,14.3,0.51,0.547,0.094,4.4,8.2,6.5,26.3,3.9,1.8,13,13.6,0.3,0.5,0.8,0.153,0.2,4.3,4.6,0.4
31425,2024,5156,Jordan Miller,NA,SF,24,1,NBA,LAC,4,16,12.1,0.7,0.2,0,14.6,6.8,10.6,0,0,0,16.7,16.3,0,0,0,0.086,-1,-4.4,-5.3,0
31426,2024,4849,Jordan Nwora,NA,SF,25,4,NBA,TOT,22,245,14.7,0.581,0.477,0.202,5.5,15.5,10.4,13.6,1.3,0.7,11.2,22.8,0.2,0.1,0.4,0.072,0,-2,-2,0
31427,2024,4849,Jordan Nwora,NA,SF,25,4,NBA,IND,18,183,12.1,0.541,0.439,0.134,5,15.8,10.4,12.7,1.5,0.4,12.1,22.4,0,0.1,0.1,0.024,-1.8,-2.3,-4.1,-0.1
31428,2024,4849,Jordan Nwora,NA,SF,25,4,NBA,TOR,4,62,22.3,0.691,0.593,0.407,7,14.5,10.7,16.6,0.8,1.4,8.6,24,0.2,0,0.3,0.217,5.4,-1.1,4.4,0.1
31429,2024,4737,Jordan Poole,NA,SG,24,5,NBA,WAS,45,1315,10.9,0.526,0.439,0.216,1.4,6.7,4,16.5,1.6,1,12.3,25.7,-1.1,0.3,-0.8,-0.029,-3.5,-2.4,-5.9,-1.3
31430,2024,5157,Jordan Walsh,NA,SF,19,1,NBA,BOS,2,6,8.8,0,1,0,0,84.8,44.3,18.8,0,0,0,7.2,0,0,0,0.06,-4.5,4.2,-0.3,0
31431,2024,4968,Jose Alvarado,NA,PG,25,3,NBA,NOP,30,480,13.2,0.544,0.581,0.203,2.8,11.5,7.1,14.9,2.9,2.1,10.5,18.7,0.2,0.7,0.9,0.093,-1.1,1.6,0.6,0.3
31432,2024,4970,Josh Giddey,NA,SG,21,3,NBA,OKC,47,1165,15.2,0.519,0.265,0.141,6.8,20.8,14.2,25.2,1.3,1.8,15.7,23,0.1,1.7,1.9,0.076,0.3,0.2,0.5,0.7
31433,2024,4850,Josh Green,NA,SG,23,4,NBA,DAL,35,940,8.9,0.572,0.5,0.154,2.4,10.2,6.2,12.1,1.2,0.5,13.5,13.1,0.4,0.5,0.9,0.046,-2.6,-1,-3.6,-0.4
31434,2024,4525,Josh Hart,NA,SF,28,7,NBA,NYK,47,1349,10.5,0.53,0.421,0.136,4.8,20.8,12.9,13.4,1.3,0.9,14.8,12.1,0.7,1.9,2.6,0.094,-1.9,1.5,-0.4,0.6
31435,2024,5069,Josh Minott,NA,SF,21,2,NBA,MIN,15,46,15.8,0.558,0.278,0.667,2.7,4.7,3.7,9.6,1.1,5.8,4.1,23.3,0.1,0.1,0.2,0.158,-1.9,1.1,-0.8,0
31436,2024,4644,Josh Okogie,NA,SG,25,6,NBA,PHO,42,766,11.9,0.537,0.463,0.543,8.6,10.1,9.4,8.6,2.5,2.2,10.2,12.8,0.8,0.9,1.6,0.103,-1.7,1,-0.7,0.2
31437,2024,4336,Josh Richardson,NA,SG,30,9,NBA,MIA,38,984,11.3,0.572,0.539,0.161,1.8,10.5,6.1,14.4,1.1,1.4,9.5,16.5,0.7,0.9,1.6,0.078,-1.5,-0.3,-1.8,0
31438,2024,4971,Joshua Primo,NA,SG,21,3,NBA,LAC,1,5,-15.5,0.5,0.5,0,0,0,0,0,0,18,60,43.5,-0.1,0,-0.1,-0.792,-20.1,-8.2,-28.3,0
31439,2024,3891,Jrue Holiday,NA,PG,33,15,NBA,BOS,44,1480,14.1,0.583,0.451,0.134,4.5,14,9.5,18.3,1.2,2,14,17.1,1.8,2,3.8,0.123,0.7,1,1.7,1.4
31440,2024,4739,Juan Toscano-Anderson,NA,SF,30,5,NBA,SAC,11,53,2.5,0.292,0.333,0,8.3,21.7,14.8,9,0.9,1.7,14.3,11.2,-0.1,0.1,0,-0.027,-8.9,-0.7,-9.6,-0.1
31441,2024,5158,Jules Bernard,NA,SG,24,1,NBA,WAS,5,21,-5,0.2,0.7,0,10,10.3,10.2,11.8,0,0,9.1,22.1,-0.1,0,-0.1,-0.283,-13.1,-5.1,-18.3,-0.1
31442,2024,5070,Julian Champagnie,NA,SF,22,2,NBA,SAS,41,654,10.8,0.58,0.733,0.199,2.6,12.4,7.4,8.3,1.8,2.8,12.3,15.2,0.1,0.5,0.6,0.046,-1.7,-0.5,-2.2,0
31443,2024,5159,Julian Phillips,NA,SF,20,1,NBA,CHI,25,154,5.8,0.502,0.514,0.297,3.5,7.5,5.4,6.9,0.3,2.7,10.7,13.4,0,0.1,0.1,0.016,-6,-1,-7,-0.2
31444,2024,5160,Julian Strawther,NA,SF,21,1,NBA,DEN,33,458,9.3,0.5,0.622,0.124,1,10.8,6,10.4,1.7,1.1,7.1,19.9,-0.2,0.5,0.3,0.034,-3.9,-1,-4.9,-0.3
31445,2024,4266,Julius Randle,NA,PF,29,10,NBA,NYK,46,1630,18.6,0.569,0.292,0.361,6.8,21.7,14.4,22.4,0.8,0.7,14.1,29.5,1.9,2.1,4,0.119,1.9,-0.2,1.7,1.5
31446,2024,4102,Justin Holiday,NA,SG,34,11,NBA,DEN,27,349,10.1,0.649,0.689,0,1.3,8.5,5,8.9,2.3,0.5,7.5,10,0.4,0.4,0.8,0.111,-2.4,1.2,-1.2,0.1
31447,2024,5071,Justin Minaya,NA,SF,24,2,NBA,POR,12,115,5.6,0.398,0.65,0.3,4.6,8.4,6.4,5.7,1.7,3.9,11.7,9.4,-0.1,0.1,0,0.004,-5.1,0.2,-4.9,-0.1
31448,2024,4267,Jusuf Nurkić,NA,C,29,10,NBA,PHO,45,1234,17.5,0.569,0.197,0.368,11.7,30.4,21.6,18.5,1.8,3.3,16.9,19.8,1.3,2.1,3.4,0.132,-0.8,1.4,0.5,0.8
31449,2024,4854,KJ Martin,NA,SF,23,4,NBA,TOT,32,288,6.4,0.512,0.167,0.348,2.7,9.6,6.2,7.7,2.2,0.6,15.5,13.4,-0.2,0.3,0.1,0.024,-6.8,0,-6.8,-0.3
31450,2024,4854,KJ Martin,NA,SF,23,4,NBA,LAC,2,31,6.9,0.46,0.5,0.2,3.8,7,5.5,4.2,3.2,2.9,15.5,18.1,-0.1,0,0,-0.024,-7,0.7,-6.3,0
31451,2024,4854,KJ Martin,NA,SF,23,4,NBA,PHI,30,257,6.3,0.521,0.107,0.375,2.6,9.9,6.3,8.1,2.1,0.3,15.5,12.8,-0.1,0.3,0.2,0.029,-6.8,0,-6.9,-0.3
31452,2024,5161,Kaiser Gates,NA,SF,27,1,NBA,NOP,1,7,-19.6,0,0.5,0,0,15.7,7.9,0,0,0,0,24.5,-0.1,0,-0.1,-0.547,-18.7,-10,-28.7,-0.1
31453,2024,4339,Karl-Anthony Towns,NA,PF,28,9,NBA,MIN,47,1561,19.7,0.641,0.32,0.307,5.4,23.7,15.1,15.4,1.1,1.5,13.9,27.4,2.5,2.9,5.4,0.166,2.1,1.1,3.2,2
31454,2024,4032,Kawhi Leonard,NA,SF,32,12,NBA,LAC,42,1445,23.7,0.63,0.294,0.238,4,16.3,10.4,17,2.4,2.3,7.5,25.9,4.1,2.1,6.2,0.207,5.2,1.3,6.4,3.1
31455,2024,5072,Keegan Murray,NA,SF,23,2,NBA,SAC,42,1387,14.3,0.583,0.505,0.141,4.5,14.4,9.4,6.9,1.7,1.8,6,19,1.5,1.4,2.9,0.1,-0.2,-0.5,-0.8,0.4
31456,2024,4646,Keita Bates-Diop,NA,SF,28,6,NBA,PHO,37,579,11.1,0.519,0.417,0.25,6.1,12.6,9.6,7.4,1.8,2.7,6.4,12.8,0.4,0.6,1,0.085,-1.6,0.1,-1.5,0.1
31457,2024,4745,Keldon Johnson,NA,SF,24,5,NBA,SAS,45,1377,14.6,0.557,0.389,0.271,5,16,10.4,15.8,1.4,0.9,9.9,22.8,0.8,0.9,1.7,0.058,-0.5,-1.5,-1.9,0
31458,2024,4177,Kelly Olynyk,NA,C,32,11,NBA,UTA,47,963,16.5,0.67,0.329,0.337,6.8,20.2,13.6,28.6,1.8,1.1,22.5,15.5,1.9,0.9,2.8,0.142,0.7,1.6,2.3,1.1
31459,2024,4341,Kelly Oubre Jr.,NA,SF,28,9,NBA,PHI,34,944,13.4,0.569,0.414,0.228,4.1,12.9,8.5,5.5,2,1.6,7.3,19.3,0.7,1.2,1.9,0.096,-1.1,-0.5,-1.6,0.1
31460,2024,5073,Kendall Brown,NA,SG,20,2,NBA,IND,4,18,10.2,0.524,0.2,1.2,12.6,0,6.4,6.4,0,0,0,17.6,0,0,0,0.101,-2.5,-3.5,-6,0
31461,2024,5075,Kenneth Lofton Jr.,NA,PF,21,2,NBA,TOT,16,103,6.6,0.428,0.256,0.385,2.1,16.5,9.1,20.5,1.4,2.7,14.9,22.3,-0.2,0.1,-0.1,-0.05,-6.7,0.4,-6.3,-0.1
31462,2024,5075,Kenneth Lofton Jr.,NA,PF,21,2,NBA,MEM,15,99,8.3,0.447,0.27,0.405,2.1,14.9,8.3,21.3,1.5,2.8,12.1,21.5,-0.1,0.1,0,-0.007,-5.4,0.9,-4.5,-0.1
31463,2024,5075,Kenneth Lofton Jr.,NA,PF,21,2,NBA,PHI,1,4,-37.2,0,0,0,0,55.3,27.7,0,0,0,50,42.6,-0.1,0,-0.1,-1.108,-39.2,-11.3,-50.6,0
31464,2024,4647,Kenrich Williams,NA,PF,29,6,NBA,OKC,37,559,11.5,0.562,0.517,0.069,6.1,15,10.8,10.5,2,0.8,9.1,12.8,0.5,0.8,1.3,0.112,-1.1,0.7,-0.4,0.2
31465,2024,4178,Kentavious Caldwell-Pope,NA,SG,30,11,NBA,DEN,47,1522,10.1,0.582,0.488,0.209,1.6,6.5,4.1,9.2,2.1,1.2,10.5,13,1.1,1.6,2.6,0.083,-2.6,0.7,-1.9,0
31466,2024,5076,Keon Ellis,NA,SG,24,2,NBA,SAC,28,342,10.9,0.602,0.819,0.205,2.9,9.4,6.1,12.9,2,3.2,14.2,13.1,0.3,0.4,0.7,0.092,-1.3,1.2,-0.1,0.2
31467,2024,4976,Keon Johnson,NA,SG,21,3,NBA,BRK,1,21,16,0.615,0.5,0.5,0,5.3,2.6,6.5,2.3,4.3,9.3,21.8,0,0,0.1,0.123,0.3,-0.9,-0.7,0
31468,2024,4977,Kessler Edwards,NA,SF,23,3,NBA,SAC,31,146,9.1,0.514,0.605,0.093,3.8,13.4,8.5,7,0.7,1.9,2.2,13.3,0.1,0.1,0.2,0.065,-1.8,-1.1,-2.9,0
31469,2024,3770,Kevin Durant,NA,PF,35,16,NBA,PHO,41,1529,23.3,0.646,0.263,0.351,1.7,17.1,9.8,25.6,1.1,3,12.4,29.2,4.1,1.6,5.6,0.177,5.6,0.1,5.7,3
31470,2024,4648,Kevin Huerter,NA,SG,25,6,NBA,SAC,44,1094,13.2,0.572,0.614,0.09,2.3,15,8.5,14.7,1.4,1.4,6.3,17.3,1.3,1,2.3,0.102,0,-0.1,-0.1,0.5
31471,2024,4649,Kevin Knox,NA,SF,24,6,NBA,DET,29,529,10.7,0.585,0.497,0.122,3.7,11.8,7.7,5.3,1.1,1.1,9.5,16.8,0.3,0.1,0.4,0.037,-2.2,-1.9,-4.1,-0.3
31472,2024,3830,Kevin Love,NA,PF,35,16,NBA,MIA,37,664,18.3,0.596,0.687,0.37,6.8,32.6,19.5,19.6,1,0.9,9,20.7,1.4,0.9,2.3,0.168,2.8,0.6,3.4,0.9
31473,2024,5077,Kevon Harris,NA,SG,26,2,NBA,ORL,1,3,-17.4,NA,NA,NA,0,39,19.1,0,0,0,100,14.3,0,0,0,-0.39,-23.8,-3.3,-27.2,0
31474,2024,4342,Kevon Looney,NA,C,27,9,NBA,GSW,44,858,15.5,0.635,0.006,0.34,13.6,24.5,19,15.3,1.2,1.6,15.3,10.6,2,0.9,2.9,0.16,-0.1,1.2,1.1,0.7
31475,2024,5162,Keyontae Johnson,NA,SF,23,1,NBA,OKC,6,48,2.9,0.409,0.182,0,7.3,6.6,7,9.9,0,0,21.4,12.6,-0.1,0,0,-0.039,-6.3,-2.7,-8.9,-0.1
31476,2024,5163,Keyonte George,NA,PG,20,1,NBA,UTA,43,1040,10.7,0.527,0.56,0.348,1.4,10.9,6.2,23.7,0.8,0.3,16,21.4,0.1,0.3,0.5,0.021,-1.4,-2.2,-3.7,-0.4
31477,2024,4107,Khris Middleton,NA,SF,32,12,NBA,MIL,41,1083,17,0.594,0.392,0.19,2.6,14.9,9,27.1,1.6,1,14.2,23.6,1.5,0.9,2.4,0.108,1.2,-0.2,1,0.8
31478,2024,4855,Killian Hayes,NA,PG,22,4,NBA,DET,41,979,10.3,0.471,0.254,0.181,1.2,12.1,6.6,26.4,1.8,1.7,14.4,15,0,0.5,0.4,0.021,-3.1,0.2,-2.8,-0.2
31479,2024,4857,Kira Lewis Jr.,NA,PG,22,4,NBA,TOT,16,146,5.5,0.387,0.385,0.212,3,7.5,5.3,15.9,1.7,0.7,12.3,19.1,-0.3,0.1,-0.1,-0.046,-6.6,-1,-7.6,-0.2
31480,2024,4857,Kira Lewis Jr.,NA,PG,22,4,NBA,NOP,15,144,5.7,0.387,0.385,0.212,3.1,7.6,5.4,16.1,1.7,0.7,12.3,19.3,-0.3,0.1,-0.1,-0.046,-6.4,-1,-7.4,-0.2
31481,2024,4857,Kira Lewis Jr.,NA,PG,22,4,NBA,TOR,1,2,-7.3,NA,NA,NA,0,0,0,0,0,0,NA,0,0,0,0,0.001,-22,0.1,-21.9,0
31482,2024,4036,Klay Thompson,NA,SF,33,11,NBA,GSW,42,1296,12.7,0.568,0.608,0.146,1.9,10.3,6.1,11.3,0.8,1.5,9.7,23.3,0.8,0.6,1.4,0.052,0.6,-1.9,-1.3,0.2
31483,2024,5164,Kobe Brown,NA,PF,24,1,NBA,LAC,29,268,5.6,0.468,0.644,0.034,3.9,13,8.6,7.8,1.1,1,7.7,10.5,0,0.3,0.3,0.05,-4.7,0.4,-4.3,-0.2
31484,2024,5165,Kobe Bufkin,NA,SG,20,1,NBA,ATL,3,6,18.6,0.41,0.5,0.5,17.4,37.5,27.1,22.8,0,0,0,33.3,0,0,0,0.067,0.8,-4.8,-4,0
31485,2024,4421,Kris Dunn,NA,PG,29,8,NBA,UTA,41,717,14,0.566,0.311,0.098,4.5,13.4,9,32.2,2.5,2.1,21.7,14.1,0.8,0.7,1.5,0.099,-0.7,1.6,0.9,0.5
31486,2024,5166,Kris Murray,NA,SF,23,1,NBA,POR,28,347,8.7,0.464,0.526,0.124,5.5,11.4,8.3,6.5,3,1.3,11.3,14.1,-0.2,0.4,0.1,0.02,-4.1,0.8,-3.3,-0.1
31487,2024,4343,Kristaps Porziņģis,NA,C,28,8,NBA,BOS,34,1012,21.9,0.655,0.412,0.457,6.3,17.8,12.3,9.9,1.1,5.3,10,23.9,2.8,1.8,4.5,0.215,2.9,1.7,4.6,1.7
31488,2024,4271,Kyle Anderson,NA,PF,30,10,NBA,MIN,48,1064,11.8,0.513,0.116,0.369,4,13.5,9.1,23.8,1.8,2.2,17.6,14.6,0.5,1.9,2.4,0.106,-2,2.6,0.6,0.7
31489,2024,4534,Kyle Kuzma,NA,PF,28,7,NBA,WAS,47,1475,16.1,0.543,0.358,0.168,3.4,19,11.1,21.9,0.6,1.7,11.7,30.8,-0.7,0.6,0,-0.001,0.6,-2.1,-1.5,0.2
31490,2024,3685,Kyle Lowry,NA,PG,37,18,NBA,MIA,37,1037,10.8,0.582,0.665,0.174,2.7,11.6,7.1,19.7,1.9,1.4,16.9,13.4,0.7,1.2,1.9,0.086,-2.1,1,-1.1,0.2
31491,2024,4037,Kyrie Irving,NA,SG,31,13,NBA,DAL,27,900,22.3,0.586,0.358,0.215,2.5,14.5,8.4,26,1.9,1.2,7,29.5,2.1,0.8,2.8,0.15,5.3,-0.2,5.2,1.6
31492,2024,4859,LaMelo Ball,NA,PG,22,4,NBA,CHO,22,711,20.6,0.561,0.466,0.246,4.3,14,8.9,42,2.8,0.5,15,33.7,0.6,0.4,1,0.066,3.6,-0.7,2.9,0.9
31493,2024,4858,Lamar Stevens,NA,PF,26,4,NBA,BOS,18,115,14,0.524,0.171,0.268,10.6,15.9,13.4,9.6,2.6,3.8,16.4,20.5,0,0.2,0.2,0.083,-3.4,1.1,-2.3,0
31494,2024,4652,Landry Shamet,NA,SG,26,6,NBA,WAS,30,449,12.9,0.583,0.554,0.196,2.1,7,4.5,12.7,1.7,1.3,8.3,20.4,0.3,0.1,0.5,0.049,-1.2,-1.4,-2.6,-0.1
31495,2024,4345,Larry Nance Jr.,NA,C,31,9,NBA,NOP,31,551,16.2,0.668,0.325,0.25,8.3,23.6,16,9.7,2.6,2.3,14.7,12.2,0.9,1,1.9,0.166,0.5,2.3,2.8,0.7
31496,2024,4535,Lauri Markkanen,NA,PF,26,7,NBA,UTA,39,1267,22.7,0.641,0.501,0.325,8.2,20.7,14.6,9.3,1.3,1.5,6.3,25,4,1,5.1,0.193,5.7,-1.2,4.6,2.1
31497,2024,3463,LeBron James,NA,PF,39,21,NBA,LAL,44,1527,22.6,0.61,0.303,0.315,3,20.2,12,35.8,1.8,1.5,14,29.4,2.5,1.9,4.4,0.138,5.1,0.9,6,3.1
31498,2024,5167,Leaky Black,NA,SF,24,1,NBA,CHO,17,113,11.4,0.591,0.429,0.476,4.7,15.7,9.9,8.2,1.7,3.2,7.3,10.5,0.1,0.1,0.2,0.084,-2.9,-0.1,-3,0
31499,2024,5168,Leonard Miller,NA,SF,20,1,NBA,MIN,5,19,25.9,0.722,0.333,0,0,51.1,27.2,9.8,2.6,4.7,10,23.2,0,0.1,0.1,0.229,1.7,6.4,8.2,0
31500,2024,5078,Lester Quinones,NA,SG,23,2,NBA,GSW,10,69,7.7,0.522,0.6,0.08,6.3,12.7,9.5,9.8,0.7,1.3,16.2,18.8,0,0,0,-0.006,-3.5,-2.4,-5.9,-0.1
31501,2024,4980,Lindell Wigginton,NA,PG,25,3,NBA,MIL,3,8,5.6,0.51,0.4,0.4,0,0,0,0,0,0,14.5,36.4,0,0,0,-0.153,-14.6,-9.2,-23.8,0
31502,2024,4981,Lindy Waters III,NA,SG,26,3,NBA,OKC,18,130,10.3,0.613,0.925,0,0.9,11.4,6.4,9.7,0,2.1,4.8,14,0.2,0.1,0.3,0.101,-0.5,-1,-1.5,0
31503,2024,4653,Lonnie Walker IV,NA,SG,25,6,NBA,BRK,29,548,16.9,0.611,0.545,0.157,1.3,11.3,6.2,13.1,2,1.6,10.3,24.8,0.5,0.5,1,0.088,2.1,-0.3,1.8,0.5
31504,2024,4754,Luguentz Dort,NA,SF,24,5,NBA,OKC,46,1309,10.8,0.584,0.581,0.253,4.7,10.1,7.5,5.6,1.4,2.4,9.2,15.1,1.1,1.5,2.6,0.095,-1.7,-0.2,-1.8,0.1
31505,2024,4654,Luka Dončić,NA,PG,24,6,NBA,DAL,40,1499,28.4,0.616,0.43,0.394,2.3,23.4,12.6,44.3,1.8,1.4,12.2,36.5,4.8,1.6,6.5,0.208,8.6,1.1,9.7,4.5
31506,2024,4982,Luka Garza,NA,C,25,3,NBA,MIN,10,28,13,0.453,0.286,0.476,22,15.4,18.5,12.6,0,0,7.3,43.1,0,0,0,-0.018,-8.1,-6.2,-14.3,-0.1
31507,2024,4755,Luka Šamanić,NA,PF,24,4,NBA,UTA,22,134,9,0.489,0.368,0.298,5.8,25.7,15.9,4.2,0.4,2,12.2,22.8,-0.1,0.1,0,-0.016,-5.1,-2.7,-7.7,-0.2
31508,2024,4538,Luke Kennard,NA,SG,27,7,NBA,MEM,21,517,13.3,0.619,0.772,0.111,1.6,12.9,7.1,19.3,0.9,0.2,10,16.5,0.7,0.5,1.2,0.112,0.9,-0.3,0.6,0.3
31509,2024,4539,Luke Kornet,NA,C,28,7,NBA,BOS,33,499,19,0.72,0,0.269,13.6,13.7,13.6,7.9,1.3,5.8,11,11.7,1.5,0.8,2.4,0.228,1.1,2.2,3.3,0.7
31510,2024,4860,Malachi Flynn,NA,PG,25,4,NBA,TOT,42,512,10.3,0.539,0.583,0.199,2.7,12.3,7.4,19.5,1.8,1,17.6,16.6,0,0.4,0.4,0.041,-2.8,0.3,-2.6,-0.1
31511,2024,4860,Malachi Flynn,NA,PG,25,4,NBA,TOR,31,474,10,0.535,0.584,0.161,3,12.3,7.6,19.9,1.8,1.1,18.4,16.2,0,0.4,0.4,0.036,-2.9,0.3,-2.6,-0.1
31512,2024,4860,Malachi Flynn,NA,PG,25,4,NBA,NYK,11,38,13.2,0.571,0.571,0.571,0,11.5,5.8,14.8,1.3,0,10.2,21.9,0,0,0.1,0.11,-2.6,0.5,-2.1,0
31513,2024,5079,Malaki Branham,NA,PG,20,2,NBA,SAS,43,895,8.4,0.513,0.392,0.081,1.5,9.1,5.3,15.3,1,0.5,12.6,18.6,-0.6,0.3,-0.4,-0.02,-3.9,-2.1,-6,-0.9
31514,2024,4424,Malcolm Brogdon,NA,PG,31,8,NBA,POR,38,1085,17.1,0.565,0.408,0.234,2.4,12.7,7.3,31,1.2,0.7,10.1,23.1,1.8,0.7,2.5,0.11,2.6,-0.6,2.1,1.1
31515,2024,5169,Malcolm Cazalon,NA,SG,22,1,NBA,DET,1,3,0,NA,NA,NA,0,0,0,0,0,0,NA,0,0,0,0,-0.02,-6.2,-3.1,-9.3,0
31516,2024,4426,Malik Beasley,NA,SG,27,8,NBA,MIL,46,1351,10.9,0.639,0.717,0.046,2.4,11.9,7.4,5.9,1.2,0.4,7.4,13.5,1.6,0.9,2.4,0.087,-0.4,-0.8,-1.1,0.3
31517,2024,4541,Malik Monk,NA,SG,25,7,NBA,SAC,45,1140,15.4,0.573,0.543,0.249,1.5,10,5.7,29.8,1.1,2.2,14.8,24.5,1.1,0.9,2,0.086,1.7,-0.9,0.8,0.8
31518,2024,4862,Mamadi Diakite,NA,PF,27,4,NBA,SAS,3,16,30.3,0.785,0,1.2,6.7,13.7,10.1,20.1,0,5.4,0,20.1,0.1,0,0.1,0.336,7.7,3.6,11.3,0.1
31519,2024,5080,MarJon Beauchamp,NA,SF,23,2,NBA,MIL,35,540,8.7,0.582,0.449,0.145,4.2,12.5,8.5,6.7,1,0.9,14.1,13.4,0.1,0.3,0.5,0.044,-2.5,-1,-3.5,-0.2
31520,2024,4042,Marcus Morris,NA,PF,34,13,NBA,PHI,35,594,10.6,0.566,0.447,0.189,3.4,15.5,9.4,5.7,0.9,1.5,7.6,16,0.4,0.6,1,0.083,-2,-1.2,-3.2,-0.2
31521,2024,5170,Marcus Sasser,NA,PG,23,1,NBA,DET,42,647,14.2,0.586,0.438,0.132,1,10.2,5.5,25,1.6,1,12.3,19,0.8,0.2,1,0.074,-0.1,-0.6,-0.7,0.2
31522,2024,4275,Marcus Smart,NA,PG,29,10,NBA,MEM,20,605,11.7,0.552,0.565,0.236,1.1,8.8,4.8,22.3,3.3,0.8,19.2,23,-0.6,0.9,0.3,0.023,-3.5,1.1,-2.4,-0.1
31523,2024,5081,Mark Williams,NA,C,22,2,NBA,CHO,19,508,22.3,0.675,0,0.424,15.9,25.1,20.3,6.6,1.5,3.6,8.7,16.7,1.6,0.4,2,0.186,1.4,-1,0.5,0.3
31524,2024,4544,Markelle Fultz,NA,PG,25,7,NBA,ORL,15,371,13.8,0.513,0.024,0.104,6,8.8,7.4,22.3,2.8,1.2,11.5,17.1,0.2,0.6,0.7,0.094,-1.7,2.5,0.8,0.3
31525,2024,4043,Markieff Morris,NA,PF,34,13,NBA,DAL,16,150,5.4,0.431,0.596,0.085,2.9,18,10.3,9.3,1.6,0.6,15.6,16.4,-0.3,0.1,-0.1,-0.046,-4.9,-1.4,-6.3,-0.2
31526,2024,5171,Markquis Nowell,NA,SG,24,1,NBA,TOR,1,4,55.5,0.532,0,2,54.1,0,27.6,56.1,12.1,0,0,20.1,0,0,0.1,0.682,29,14.5,43.5,0
31527,2024,4759,Marques Bolden,NA,C,25,3,NBA,MIL,2,3,3.1,NA,NA,NA,0,70.3,36.5,0,0,0,NA,0,0,0,0,0.098,-7.9,2.3,-5.6,0
31528,2024,4656,Marvin Bagley III,NA,C,24,6,NBA,TOT,34,670,19,0.639,0.035,0.407,12.7,17.7,15.2,8.7,0.7,2.1,12.9,22,1.3,0.3,1.5,0.111,0.6,-1.7,-1.2,0.1
31529,2024,4656,Marvin Bagley III,NA,C,24,6,NBA,DET,26,478,18,0.638,0.033,0.337,10.6,17.2,13.8,8.7,0.5,2.4,12.2,20.9,0.8,0.2,1,0.103,0.4,-1.7,-1.3,0.1
31530,2024,4656,Marvin Bagley III,NA,C,24,6,NBA,WAS,8,192,21.4,0.643,0.039,0.571,18.1,19.1,18.6,8.7,1.2,1.3,14.2,24.6,0.4,0.1,0.5,0.132,1.1,-1.9,-0.8,0.1
31531,2024,4180,Mason Plumlee,NA,C,33,11,NBA,LAC,16,280,16.2,0.661,0,0.684,10,25.7,18.2,8.4,0.9,1.9,10.8,12.9,0.6,0.4,1,0.174,0.2,0.5,0.6,0.2
31532,2024,4760,Matisse Thybulle,NA,SF,26,5,NBA,POR,46,1042,10.5,0.576,0.793,0.074,2,8.2,4.9,7,3.3,3.1,10.4,10.2,0.5,1.3,1.7,0.079,-2.5,3.1,0.6,0.7
31533,2024,4988,Matt Ryan,NA,SF,26,3,NBA,NOP,13,298,9.9,0.679,0.819,0.169,1.9,9.2,5.6,6.2,0.8,0.3,15.2,15.2,0.3,0.2,0.5,0.078,-0.7,-1.2,-1.8,0
31534,2024,5172,Matthew Hurt,NA,PF,23,1,NBA,MEM,1,23,14.3,0.727,0.5,0.333,4.6,4.9,4.8,6.4,0,0,0,12.8,0.1,0,0.1,0.176,1.9,0,1.9,0
31535,2024,5082,Max Christie,NA,SG,20,2,NBA,LAL,39,658,7.1,0.527,0.488,0.181,1.6,15.3,8.7,7.6,1,1.5,14.3,13.7,-0.4,0.6,0.2,0.014,-4.5,-0.6,-5.1,-0.5
31536,2024,4763,Max Strus,NA,SF,27,5,NBA,CLE,45,1488,10.6,0.533,0.663,0.119,2.6,13.9,8.3,15.2,1.4,1.3,12.1,17.5,0.4,2.1,2.4,0.078,-1.8,0.9,-0.9,0.4
31537,2024,4547,Maxi Kleber,NA,C,32,7,NBA,DAL,13,243,5.2,0.474,0.558,0.349,4,13.9,8.8,9.5,0.4,2.9,19.5,10.8,-0.1,0.1,0,0.003,-4.8,-0.4,-5.2,-0.2
31538,2024,5173,Maxwell Lewis,NA,SF,21,1,NBA,LAL,17,66,-1.3,0.318,0.273,0,1.8,3.3,2.5,5.4,1.4,0,31.3,10.4,-0.2,0,-0.2,-0.118,-8.8,-2.2,-11,-0.2
31539,2024,4990,Micah Potter,NA,PF,25,3,NBA,UTA,2,7,1.6,0,1,0,0,61.5,31.2,0,0,0,0,5.9,0,0,0,-0.059,-8.2,-3.4,-11.6,0
31540,2024,4766,Michael Porter Jr.,NA,SF,25,5,NBA,DEN,49,1544,14.7,0.591,0.527,0.097,4.6,20.1,12.5,6,0.7,1.9,7.2,20,1.5,1.8,3.3,0.102,0.8,-1.2,-0.5,0.6
31541,2024,4658,Mikal Bridges,NA,SF,27,6,NBA,BRK,47,1652,16.2,0.574,0.39,0.295,2.5,13.2,7.7,16,1.3,1.1,10.8,25.9,1.5,1.2,2.7,0.079,1.1,-1,0.1,0.9
31542,2024,3779,Mike Conley,NA,PG,36,17,NBA,MIN,43,1254,15.3,0.622,0.644,0.154,1.5,8.9,5.5,29.7,1.6,0.6,10.9,14.8,3,1.9,4.9,0.187,1.9,1.4,3.4,1.7
31543,2024,4183,Mike Muscala,NA,C,32,11,NBA,TOT,31,423,8.6,0.505,0.622,0.198,6.8,17,11.8,8.3,0.7,2.1,12.3,13.7,0,0.2,0.1,0.016,-3.6,-1.4,-5,-0.3
31544,2024,4183,Mike Muscala,NA,C,32,11,NBA,WAS,24,338,7.6,0.481,0.567,0.222,6.9,16.9,11.8,8.1,0.7,1.7,13.9,14.3,-0.2,0.1,-0.1,-0.008,-4.5,-1.8,-6.3,-0.4
31545,2024,4183,Mike Muscala,NA,C,32,11,NBA,DET,7,85,12.7,0.617,0.857,0.095,6.5,17.4,11.8,9.2,0.6,3.9,4.4,11.4,0.2,0,0.2,0.109,0,0.3,0.3,0.1
31546,2024,4659,Miles Bridges,NA,SF,25,5,NBA,CHO,35,1302,15.7,0.564,0.385,0.178,2.4,21.2,11.3,13.3,1.5,1.5,9.8,24.2,0.4,0.7,1.1,0.041,0.1,-1.2,-1.1,0.3
31547,2024,4991,Miles McBride,NA,PG,23,3,NBA,NYK,35,350,13.9,0.61,0.612,0.104,1.3,6.2,3.8,13.2,2.1,0.8,7.3,18.4,0.6,0.4,1,0.144,0.2,1.3,1.5,0.3
31548,2024,4661,Mitchell Robinson,NA,C,25,6,NBA,NYK,21,613,16,0.567,0,0.388,20.5,18.5,19.5,3.2,2.6,4.1,15.5,9.4,0.9,1.2,2.1,0.162,-0.4,1.1,0.7,0.4
31549,2024,4662,Mo Bamba,NA,C,25,6,NBA,PHI,25,233,20.8,0.629,0.267,0.28,15.7,21.4,18.6,8.6,2.3,8.3,15.1,18.2,0.4,0.5,0.9,0.186,0.2,1.6,1.8,0.2
31550,2024,4551,Monte Morris,NA,PG,28,7,NBA,DET,4,49,13.4,0.502,0.292,0.083,0,16.3,8,22,1,1.7,7.4,23.1,0,0,0,0.008,-2,-0.7,-2.7,0
31551,2024,4663,Moritz Wagner,NA,C,26,6,NBA,ORL,46,874,19.9,0.658,0.22,0.38,9.2,18.9,13.9,10.9,1.3,1.6,11.4,22.3,2,1.3,3.3,0.181,1.5,0.4,2,0.9
31552,2024,4768,Moses Brown,NA,C,24,5,NBA,POR,9,82,12.8,0.395,0,0.19,23.3,41,31.6,3.5,1.2,3.3,14.9,13.8,0,0.1,0.1,0.049,-4.9,-2.2,-7.1,-0.1
31553,2024,4992,Moses Moody,NA,SG,21,3,NBA,GSW,34,611,14.7,0.601,0.477,0.257,6.8,12.1,9.4,6.5,1.8,1.5,8.9,18.7,0.8,0.5,1.3,0.104,0.7,-0.1,0.6,0.4
31554,2024,5174,Mouhamed Gueye,NA,PF,21,1,NBA,ATL,2,4,-0.6,0,1,0,0,0,0,0,11.8,0,0,10.2,0,0,0,-0.111,-12.8,3.7,-9.2,0
31555,2024,5084,Moussa Diabaté,NA,C,22,2,NBA,LAC,10,58,23.6,0.58,0,0.667,28.2,11.3,19.5,9.3,3.4,0,7.9,18.9,0.2,0.1,0.3,0.252,4.1,-0.9,3.2,0.1
31556,2024,4350,Myles Turner,NA,C,27,9,NBA,IND,46,1261,18.9,0.622,0.345,0.358,7,22.4,14.7,6.2,0.9,5.4,9.8,23.2,2.1,1.1,3.2,0.123,0.7,-0.4,0.3,0.7
31557,2024,4865,Naji Marshall,NA,SF,26,4,NBA,NOP,39,724,13.3,0.575,0.392,0.329,5.8,15.2,10.5,14,1.7,1,13.3,17.4,0.7,0.9,1.6,0.104,-1,0,-1,0.2
31558,2024,4770,Nassir Little,NA,SF,23,5,NBA,PHO,28,375,10.9,0.602,0.547,0.211,4.6,13.7,9.4,5.7,1.3,1.9,10.4,13.4,0.3,0.3,0.7,0.087,-1.9,-0.5,-2.3,0
31559,2024,4867,Nate Hinton,NA,SG,24,3,NBA,HOU,8,34,10.3,0.636,0.455,0,6.4,19,12.7,8.3,0,2.8,15.4,16.5,0,0,0.1,0.093,-2.4,-0.7,-3.1,0
31560,2024,5175,Nathan Mensah,NA,C,25,1,NBA,CHO,21,275,5.4,0.513,0,0.522,10.1,14.2,12,4,1.1,4.6,31.5,6.5,0,0.1,0.1,0.02,-8.6,0.1,-8.4,-0.4
31561,2024,4771,Naz Reid,NA,C,24,5,NBA,MIN,48,1075,15.8,0.607,0.498,0.151,5.1,17.6,11.8,7.5,1.6,2.9,10.9,22.5,0.7,2.1,2.8,0.124,0.6,1.1,1.6,1
31562,2024,4995,Neemias Queta,NA,C,24,3,NBA,BOS,20,247,17,0.613,0,0.292,15.3,20.2,17.9,5.5,1.4,4.6,9.8,14.2,0.6,0.5,1,0.196,-2.2,0.6,-1.6,0
31563,2024,4772,Nic Claxton,NA,C,24,5,NBA,BRK,37,1101,19.7,0.633,0.009,0.311,10.7,27.3,18.8,9.4,1.2,6.4,10.8,15.7,2.1,1.7,3.7,0.163,0.2,1.4,1.7,1
31564,2024,4869,Nick Richards,NA,C,26,4,NBA,CHO,37,930,17.6,0.719,0,0.538,11.3,23.9,17.3,4.8,0.6,5,12.8,13.2,2.2,0.6,2.8,0.145,-1.3,-0.8,-2.1,0
31565,2024,5176,Nick Smith Jr.,NA,SG,19,1,NBA,CHO,31,468,8.8,0.548,0.506,0.022,3.4,8.1,5.6,10.9,0.4,1.4,13.5,19.3,-0.2,0,-0.3,-0.027,-2.1,-3,-5.1,-0.4
31566,2024,4773,Nickeil Alexander-Walker,NA,SG,25,5,NBA,MIN,48,1105,10,0.566,0.664,0.119,2.1,6.6,4.5,15.2,1.9,2.1,13.1,13.4,0.6,1.8,2.4,0.104,-1.7,1.9,0.2,0.6
31567,2024,3841,Nicolas Batum,NA,PF,35,16,NBA,TOT,34,846,11.5,0.684,0.719,0.104,5.5,11.6,8.6,11.6,1.3,2.6,13,8.2,1.4,0.9,2.3,0.132,0,0.8,0.8,0.6
31568,2024,3841,Nicolas Batum,NA,PF,35,16,NBA,LAC,3,54,9.7,0.5,0.875,0,0,14.2,7.3,11,2.7,6.7,11.1,7.2,0,0.1,0.1,0.101,-1.5,4.4,2.8,0.1
31569,2024,3841,Nicolas Batum,NA,PF,35,16,NBA,PHI,31,792,11.6,0.695,0.709,0.11,5.9,11.5,8.7,11.6,1.2,2.3,13.1,8.2,1.4,0.8,2.2,0.135,0.1,0.5,0.6,0.5
31570,2024,4352,Nikola Jokić,NA,C,28,9,NBA,DEN,47,1584,31.9,0.655,0.167,0.335,10.1,29.6,20.1,43.9,1.7,2.3,12.8,29.7,7.3,2.7,10,0.304,9.8,4.4,14.2,6.5
31571,2024,5085,Nikola Jović,NA,PF,20,2,NBA,MIA,19,317,10.4,0.516,0.489,0.217,6,23.7,14.7,16.2,0.9,2.1,15.2,16.6,0,0.4,0.4,0.055,-2.7,1.1,-1.7,0
31572,2024,4047,Nikola Vučević,NA,C,33,13,NBA,CHI,44,1489,17.1,0.527,0.262,0.096,8.4,26.9,17.4,16.2,1,2.5,8.5,22.8,1.1,1.9,3,0.098,0.2,-0.2,0,0.7
31573,2024,5177,Noah Clowney,NA,PF,19,1,NBA,BRK,3,30,20.9,0.68,0.1,0.4,10.5,14.8,12.6,14.9,0,3,7.8,18.1,0.1,0,0.1,0.212,0.9,-1.7,-0.8,0
31574,2024,4353,Norman Powell,NA,SG,30,9,NBA,LAC,46,1169,14.1,0.637,0.481,0.241,0.7,10.7,5.8,5.8,1.1,1.3,7.8,19.6,1.8,1,2.8,0.115,0.4,-0.8,-0.4,0.5
31575,2024,4555,OG Anunoby,NA,SF,26,7,NBA,TOT,41,1400,13.4,0.609,0.475,0.176,3.1,10.5,6.7,9.3,1.9,1.8,10.7,17.6,1.3,1.4,2.7,0.091,-0.6,0.6,0,0.7
31576,2024,4555,OG Anunoby,NA,SF,26,7,NBA,TOR,27,900,12.5,0.598,0.508,0.143,2.9,10.3,6.5,11.2,1.5,1.3,11.2,18.2,0.6,0.6,1.2,0.063,-0.9,-0.5,-1.4,0.1
31577,2024,4555,OG Anunoby,NA,SF,26,7,NBA,NYK,14,500,15,0.63,0.408,0.242,3.4,10.9,7.2,5.9,2.5,2.8,9.9,16.4,0.7,0.8,1.5,0.143,0,2.5,2.5,0.6
31578,2024,4871,Obi Toppin,NA,PF,25,4,NBA,IND,48,1113,15.5,0.671,0.414,0.18,5.6,14.5,10,8.6,1,1.6,8.9,16.4,2.3,0.5,2.8,0.119,1.3,-1,0.3,0.6
31579,2024,5086,Ochai Agbaji,NA,SG,23,2,NBA,UTA,49,976,8.3,0.536,0.574,0.082,4,9.8,6.9,6,1.3,2.6,11.5,12.2,0.1,0.6,0.7,0.033,-2.5,-0.2,-2.8,-0.2
31580,2024,4996,Olivier Sarr,NA,C,24,3,NBA,OKC,10,73,12.5,0.644,0.417,0.667,11.2,29.1,20.6,3.3,0,6.4,11.4,10.4,0.1,0.1,0.3,0.174,-3.5,0.3,-3.1,0
31581,2024,5178,Olivier-Maxence Prosper,NA,PF,21,1,NBA,DAL,25,239,10.3,0.481,0.492,0.523,7.2,18.8,12.9,10,0.4,0.7,4.8,15,0.2,0.1,0.3,0.065,-2.1,-1.7,-3.9,-0.1
31582,2024,4997,Omer Yurtseven,NA,C,25,3,NBA,UTA,26,265,10.9,0.513,0.188,0.138,15,27.6,21.4,6.7,0.7,3.3,21.3,16.9,-0.2,0.3,0.1,0.017,-4.4,-1,-5.4,-0.2
31583,2024,5179,Onuralp Bitim,NA,SG,24,1,NBA,CHI,1,3,0,NA,NA,NA,0,0,0,0,0,0,NA,0,0,0,0,0.003,-7.3,-3.4,-10.8,0
31584,2024,4872,Onyeka Okongwu,NA,C,23,4,NBA,ATL,46,1135,15.7,0.659,0.182,0.343,10.5,18.8,14.5,7.5,0.9,3.5,11,13.1,2.5,0.7,3.2,0.134,-0.7,-0.4,-1.1,0.2
31585,2024,5087,Orlando Robinson,NA,C,23,2,NBA,MIA,20,229,14.7,0.603,0.2,0.333,9.3,21.7,15.4,17.3,1.1,3,15.9,15.8,0.3,0.3,0.6,0.129,-1.6,0.7,-0.9,0.1
31586,2024,5180,Oscar Tshiebwe,NA,PF,24,1,NBA,IND,6,34,24.8,0.563,0,0.375,20.1,20.5,20.3,7.9,2.8,0,0,22.7,0.1,0,0.2,0.218,5.3,-2.2,3.1,0
31587,2024,4777,Oshae Brissett,NA,SF,25,5,NBA,BOS,30,350,13.2,0.563,0.398,0.455,10.5,17.2,14,7,1.7,0.5,8.7,14.2,0.5,0.5,1.1,0.146,-1.6,0.7,-0.9,0.1
31588,2024,4189,Otto Porter Jr.,NA,SF,30,11,NBA,TOR,15,174,8.7,0.568,0.697,0.091,3.7,14.9,9.2,5.7,1.4,2.5,5.5,8.9,0.1,0.2,0.3,0.082,-3.6,0.5,-3.1,-0.1
31589,2024,5088,Ousmane Dieng,NA,PF,20,2,NBA,OKC,23,258,9,0.552,0.667,0.154,4.1,13.2,8.9,9.3,0.4,0,11.7,15.8,0.1,0.2,0.3,0.055,-2.3,-1.6,-3.9,-0.1
31590,2024,3698,P.J. Tucker,NA,PF,38,13,NBA,TOT,15,239,5.4,0.492,0.842,0.158,7.8,12.4,10.1,3.8,1.8,1.1,16.4,4.4,0.1,0.3,0.4,0.083,-4.3,1,-3.3,-0.1
31591,2024,3698,P.J. Tucker,NA,PF,38,13,NBA,PHI,3,66,4.6,0.6,1,0,1.7,21.8,11.8,0,2.2,2.7,28.6,4.5,0,0.1,0.1,0.057,-5.1,1.2,-4,0
31592,2024,3698,P.J. Tucker,NA,PF,38,13,NBA,LAC,12,173,5.7,0.457,0.786,0.214,10.1,8.8,9.5,5.3,1.7,0.5,11.5,4.4,0.2,0.2,0.3,0.092,-4,0.9,-3.1,0
31593,2024,4778,P.J. Washington,NA,PF,25,5,NBA,CHO,40,1162,13.3,0.559,0.49,0.172,4.4,15.9,9.8,11.5,1.4,2.4,10.8,20.7,0.3,0.5,0.8,0.033,-1.2,-1.2,-2.5,-0.1
31594,2024,5089,Paolo Banchero,NA,PF,21,2,NBA,ORL,48,1674,17.1,0.54,0.232,0.414,3.9,19.5,11.5,23.8,1.5,1.5,12.6,30,0.3,2.4,2.7,0.078,1.1,0.1,1.1,1.3
31595,2024,4437,Pascal Siakam,NA,PF,29,8,NBA,TOT,46,1581,19.1,0.603,0.218,0.346,4.8,16.4,10.5,21.7,1.1,0.5,9.9,25.2,3.1,1.1,4.1,0.126,2.3,-0.5,1.8,1.5
31596,2024,4437,Pascal Siakam,NA,PF,29,8,NBA,TOR,39,1354,18.8,0.6,0.233,0.358,4.3,16,10,21.6,1.1,0.6,10.3,25.4,2.4,1,3.4,0.119,2,-0.6,1.4,1.2
31597,2024,4437,Pascal Siakam,NA,PF,29,8,NBA,IND,7,227,21.2,0.623,0.13,0.278,7.5,18.9,13.1,22.4,1,0,7.6,23.9,0.7,0.1,0.8,0.165,4,0.3,4.3,0.4
31598,2024,4354,Pat Connaughton,NA,SF,31,9,NBA,MIL,42,873,9.4,0.604,0.727,0.131,3.4,12.3,8,9.9,1,0.7,11,10.1,0.9,0.6,1.5,0.081,-1.1,-0.1,-1.2,0.2
31599,2024,5090,Patrick Baldwin Jr.,NA,SF,21,2,NBA,WAS,16,116,10.3,0.568,0.568,0.27,6.4,26.1,16.1,6.7,0.4,2.1,12.7,17.2,0,0.1,0.1,0.04,-3.5,-1.5,-5,-0.1
31600,2024,4124,Patrick Beverley,NA,PG,35,12,NBA,PHI,43,837,11.1,0.533,0.46,0.274,3.7,13.7,8.7,19.1,1.4,1.8,14.5,14.4,0.5,0.9,1.5,0.085,-1.7,0.2,-1.5,0.1
31601,2024,4873,Patrick Williams,NA,PF,22,4,NBA,CHI,43,1174,11,0.553,0.412,0.184,4.3,11.7,7.9,7.8,1.7,2.9,12.8,16.6,0.1,1.2,1.3,0.053,-2.4,0.1,-2.4,-0.1
31602,2024,3898,Patty Mills,NA,PG,35,15,NBA,ATL,16,175,7.2,0.544,0.667,0,3,7.1,4.9,9.4,1.9,0.5,15.1,12.4,0,0,0.1,0.016,-3.6,-0.1,-3.8,-0.1
31603,2024,3969,Paul George,NA,PF,33,14,NBA,LAC,43,1465,19,0.604,0.481,0.221,2.2,15.5,9.1,15.4,2.3,1,9.9,27,2.4,2,4.4,0.143,2.6,0.3,2.9,1.8
31604,2024,4874,Paul Reed,NA,C,24,4,NBA,PHI,46,737,17.1,0.598,0.118,0.167,13.3,20.4,16.8,10.1,2.2,3.9,12.9,15.7,1.2,1.2,2.4,0.158,-0.5,0.9,0.4,0.4
31605,2024,4875,Payton Pritchard,NA,PG,26,4,NBA,BOS,48,1006,13.3,0.565,0.669,0.107,5,11,8.1,18.6,1,0.4,7.5,15.4,1.9,1.1,3,0.142,0.5,0.3,0.8,0.7
31606,2024,5181,Pete Nance,NA,PF,23,1,NBA,CLE,2,4,-18.8,0,0,0,0,0,0,0,0,0,0,21.6,0,0,0,-0.483,-19.5,-8.9,-28.4,0
31607,2024,5091,Peyton Watson,NA,SF,21,2,NBA,DEN,47,836,12.3,0.553,0.377,0.265,3.5,13.4,8.6,7.6,1.5,4.3,8.8,16.6,0.4,1.1,1.5,0.087,-2.2,0.7,-1.5,0.1
31608,2024,4876,Precious Achiuwa,NA,C-PF,24,4,NBA,TOT,41,727,14.4,0.526,0.235,0.198,12.9,20.8,16.8,10.4,1.3,3.1,12.6,17.7,0.4,0.9,1.3,0.087,-1.8,0.1,-1.6,0.1
31609,2024,4876,Precious Achiuwa,NA,C,24,4,NBA,TOR,25,437,15,0.512,0.276,0.247,12.4,22.1,17.2,14.1,1.8,2.4,13.3,21.3,0,0.5,0.5,0.059,-1.5,0,-1.5,0.1
31610,2024,4876,Precious Achiuwa,NA,PF,24,4,NBA,NYK,16,290,13.5,0.562,0.137,0.082,13.6,18.8,16.2,4.7,0.7,4.1,10.6,12.4,0.4,0.4,0.8,0.129,-2.2,0.3,-1.9,0
31611,2024,5000,Quentin Grimes,NA,SG,23,3,NBA,NYK,45,910,9.3,0.543,0.741,0.119,1.7,8.9,5.4,7.7,1.6,0.3,6.5,15.1,0.6,1,1.6,0.085,-2.1,0.6,-1.5,0.1
31612,2024,4877,R.J. Hampton,NA,PG,22,4,NBA,MIA,8,76,0.8,0.336,0.571,0.143,3,6.1,4.5,13.7,0,0,16.8,10.4,-0.1,0,-0.1,-0.049,-8.2,-1.5,-9.7,-0.1
31613,2024,4782,RJ Barrett,NA,SG,23,5,NBA,TOT,39,1203,15.5,0.562,0.311,0.335,3,15.7,9.3,13.7,0.8,1,9.5,26,1,1.2,2.2,0.086,0.1,-1.3,-1.2,0.2
31614,2024,4782,RJ Barrett,NA,SG,23,5,NBA,NYK,26,766,14.1,0.536,0.335,0.32,2.8,13.1,8,12.6,0.8,1.1,9.6,27.2,0.4,0.8,1.2,0.073,-0.6,-1.5,-2.2,0
31615,2024,4782,RJ Barrett,NA,SG,23,5,NBA,TOR,13,437,17.8,0.615,0.262,0.366,3.5,20.1,11.6,15.8,0.9,1,9.4,23.9,0.7,0.3,1,0.11,1.3,-0.9,0.5,0.3
31616,2024,5182,Rayan Rupert,NA,SG,19,1,NBA,POR,16,119,8.3,0.451,0.395,0.186,6.2,14.1,9.9,13.4,1.2,0,11.4,18.7,-0.1,0.1,0,-0.011,-3.7,-2.3,-6,-0.1
31617,2024,4194,Reggie Bullock,NA,SF,32,11,NBA,HOU,18,166,7.8,0.572,0.737,0.026,1.3,14.3,7.8,7.2,0.9,1.1,11.5,11.3,0,0.2,0.2,0.064,-2.6,-0.1,-2.7,0
31618,2024,4050,Reggie Jackson,NA,PG,33,13,NBA,DEN,49,1133,13.2,0.549,0.372,0.132,1.8,8.1,5,24,1.3,0.7,12.1,21.6,0.8,0.9,1.7,0.072,-0.7,-1.2,-1.9,0
31619,2024,4359,Richaun Holmes,NA,C,30,9,NBA,DAL,22,232,13.8,0.572,0,0.356,15.4,21.3,18.3,7.5,0.6,3.4,15,14.7,0.3,0.2,0.5,0.103,-2.4,-1,-3.5,-0.1
31620,2024,5183,Ricky Council IV,NA,SG,22,1,NBA,PHI,7,32,22.1,0.602,0.154,0.923,10.4,0,5.2,0,3,0,0,24.4,0.1,0,0.1,0.222,3,-1,2,0
31621,2024,4197,Robert Covington,NA,SF-PF,33,11,NBA,TOT,29,488,13.4,0.58,0.571,0.265,7.1,14.9,11,6.1,3.9,3.2,9.1,10.5,0.6,0.9,1.5,0.148,-1,3.2,2.2,0.5
31622,2024,4197,Robert Covington,NA,PF,33,11,NBA,LAC,3,69,10.5,0.455,0.889,0.222,3.4,9.5,6.5,11.8,4.3,2.6,0,6.2,0.1,0.1,0.2,0.133,-2.3,4.5,2.1,0.1
31623,2024,4197,Robert Covington,NA,SF,33,11,NBA,PHI,26,419,13.9,0.593,0.539,0.27,7.7,15.8,11.8,5.2,3.8,3.4,9.9,11.2,0.5,0.8,1.3,0.151,-0.8,3,2.2,0.4
31624,2024,4667,Robert Williams,NA,C,26,6,NBA,POR,6,119,17,0.684,0,0.346,9.8,27.3,18,6.2,2.9,5.3,18.9,13.2,0.1,0.2,0.4,0.145,-2.4,2.9,0.5,0.1
31625,2024,3845,Robin Lopez,NA,C,35,16,NBA,MIL,13,38,7.7,0.563,0.75,0.25,3,5.6,4.3,12.5,0,2.1,10.1,11,0,0,0.1,0.069,-2.4,-1.5,-4,0
31626,2024,5094,Ron Harper Jr.,NA,PF,23,2,NBA,TOR,1,4,-0.1,NA,NA,NA,0,0,0,28.1,0,0,NA,0,0,0,0,0.1,-11.7,3,-8.7,0
31627,2024,4560,Royce O'Neale,NA,SF,30,7,NBA,BRK,46,1117,10.1,0.537,0.815,0.068,3.3,17.2,10,15.3,1.4,2.3,13.5,13.3,0.5,1.1,1.6,0.067,-1.6,1.1,-0.5,0.4
31628,2024,4199,Rudy Gobert,NA,C,31,11,NBA,MIN,47,1554,18.4,0.657,0.005,0.647,12.8,29.2,21.6,5.1,0.9,5.5,13.5,15.8,2.8,3.6,6.5,0.199,-0.4,1.7,1.4,1.3
31629,2024,4784,Rui Hachimura,NA,PF,25,5,NBA,LAL,35,799,14.1,0.594,0.339,0.256,3.9,12.9,8.6,6.6,1.6,0.9,7.2,19.4,0.7,0.7,1.4,0.086,-1,-0.8,-1.8,0
31630,2024,3849,Russell Westbrook,NA,PG,35,16,NBA,LAC,46,1056,17,0.523,0.234,0.245,7.9,19.9,14.1,29.1,2.3,1.7,16.5,24.5,0.5,1.6,2.1,0.094,0.5,1.2,1.8,1
31631,2024,4561,Ryan Arcidiacono,NA,PG,29,7,NBA,NYK,20,45,-1.9,0,1,0,0,19.4,9.9,10.2,2.2,0,25,7.6,-0.1,0.1,-0.1,-0.082,-11.7,2,-9.7,-0.1
31632,2024,5095,Ryan Rollins,NA,PG,21,2,NBA,WAS,10,66,22.6,0.631,0.12,0.68,3.2,14.7,8.9,23.6,5.7,3.7,17.7,25.2,0.1,0.1,0.2,0.141,0.4,4.4,4.8,0.1
31633,2024,4881,Saben Lee,NA,PG,24,4,NBA,PHO,11,75,15.7,0.544,0.238,0.81,8.2,10.2,9.2,21.2,2,3.5,14.9,19.4,0.1,0.1,0.2,0.114,-0.6,0.5,-0.1,0
31634,2024,4882,Saddiq Bey,NA,SF,24,4,NBA,ATL,47,1535,12.6,0.545,0.524,0.288,8.4,13.8,11,6,1.3,0.3,6.9,16.3,1.9,0.5,2.3,0.073,-0.3,-1.9,-2.2,-0.1
31635,2024,5003,Sam Hauser,NA,SF,26,3,NBA,BOS,47,1017,11.7,0.628,0.859,0.044,3.4,13.1,8.5,6.2,1,1.1,7.3,13.8,1.3,1.2,2.6,0.122,0.5,0.2,0.7,0.7
31636,2024,4883,Sam Merrill,NA,SG,27,4,NBA,CLE,30,489,15.4,0.63,0.855,0.055,3.2,10.5,6.9,13.7,1,0.2,4.7,19,1.1,0.5,1.7,0.165,2.7,-0.3,2.3,0.5
31637,2024,5004,Sandro Mamukelashvili,NA,C,24,3,NBA,SAS,26,177,14.6,0.515,0.542,0.271,9.6,21.1,15.3,19.2,1.1,3.9,10.8,17.6,0.2,0.2,0.3,0.086,-1.1,0.2,-0.9,0
31638,2024,5005,Santi Aldama,NA,PF,23,3,NBA,MEM,36,857,13.3,0.536,0.509,0.17,5.4,21,13,12.1,1.4,2.7,10.4,19.8,0,1.2,1.2,0.067,-0.7,0.6,-0.1,0.4
31639,2024,5184,Sasha Vezenkov,NA,PF,28,1,NBA,SAC,33,419,13.8,0.576,0.608,0.063,7.9,15.1,11.4,4.6,1.7,1.5,6.3,17.6,0.4,0.4,0.8,0.094,0.1,-1,-1,0.1
31640,2024,5185,Scoot Henderson,NA,PG,19,1,NBA,POR,39,1024,8.1,0.474,0.328,0.262,3.3,9.4,6.2,26.8,1.1,0.9,18.8,25.8,-1.9,0.5,-1.3,-0.063,-4.7,-2.2,-6.9,-1.3
31641,2024,5006,Scottie Barnes,NA,SG,22,3,NBA,TOR,47,1656,19.3,0.571,0.334,0.265,6.9,19,12.8,24.2,1.8,3.7,13.5,24.7,1.8,2,3.8,0.11,2.8,1.1,3.9,2.4
31642,2024,5096,Scotty Pippen Jr.,NA,PG,23,2,NBA,MEM,4,78,13.7,0.604,0.318,0.636,4.1,13.1,8.4,30.3,1.9,1.2,24.2,20.4,0,0.1,0.1,0.081,-2,1.2,-0.7,0
31643,2024,4203,Seth Curry,NA,SG,33,10,NBA,DAL,36,457,8.5,0.502,0.552,0.131,3.5,9.1,6.3,8.5,1.8,0.6,9.4,15.8,-0.1,0.3,0.2,0.022,-2.9,-1.1,-4,-0.2
31644,2024,5186,Seth Lundy,NA,SF,23,1,NBA,ATL,9,52,0.1,0.373,0.765,0.235,2,13,7.3,0,0,0,5.1,15.5,-0.1,0,-0.1,-0.091,-7.9,-5,-12.9,-0.1
31645,2024,5097,Shaedon Sharpe,NA,SG,20,2,NBA,POR,32,1059,11.3,0.524,0.415,0.274,4.2,13.4,8.5,13.7,1.3,1,12.9,22.3,-0.3,0.7,0.4,0.02,-2.2,-0.8,-3,-0.3
31646,2024,4670,Shai Gilgeous-Alexander,NA,PG,25,6,NBA,OKC,47,1615,30.8,0.649,0.171,0.461,3.2,14.5,9.1,30.6,3.1,2.1,8.2,33.2,7.3,2.8,10.1,0.301,7.5,2.8,10.3,5
31647,2024,4671,Shake Milton,NA,SG,27,6,NBA,MIN,37,486,8.5,0.505,0.338,0.28,1.8,9.3,5.8,14.2,1.6,0.9,13.7,18.5,-0.3,0.7,0.5,0.047,-4.8,0.7,-4.1,-0.3
31648,2024,4563,Shaquille Harrison,NA,SG,30,7,NBA,MEM,3,6,15.8,0.5,0,0,0,37.8,18.3,0,0,15.4,0,14.3,0,0,0,0.094,-0.8,5.3,4.5,0
31649,2024,5187,Sidy Cissoko,NA,SF,19,1,NBA,SAS,5,32,5.5,0.387,0.667,0.667,0,20.6,10.1,0,4.4,0,11.4,11.5,-0.1,0,0,-0.015,-9.3,0.4,-8.9,-0.1
31650,2024,5098,Simone Fontecchio,NA,SF,28,2,NBA,UTA,47,1084,11.2,0.597,0.655,0.112,4.6,11.6,8.2,8.4,1.2,1.5,11.9,15.5,0.9,0.6,1.4,0.063,-0.5,-1,-1.5,0.2
31651,2024,4885,Skylar Mays,NA,PG-SG,26,4,NBA,TOT,25,386,12.5,0.473,0.345,0.115,2.8,9.3,5.8,31.4,2,0.7,10.4,19.1,0.1,0.3,0.4,0.049,-1.7,-0.3,-1.9,0
31652,2024,4885,Skylar Mays,NA,PG,26,4,NBA,POR,21,356,11.8,0.457,0.355,0.123,2.7,9.5,5.9,31.6,1.9,0.8,11,19.5,0,0.3,0.2,0.032,-2,-0.5,-2.5,0
31653,2024,4885,Skylar Mays,NA,SG,26,4,NBA,LAL,4,30,20.8,0.7,0.2,0,3.9,7.2,5.6,29,3.2,0,0,14.3,0.1,0,0.2,0.253,2.4,2.6,5,0.1
31654,2024,4291,Spencer Dinwiddie,NA,PG,30,10,NBA,BRK,45,1374,13.8,0.537,0.555,0.331,2,10.1,5.9,27,1.3,0.6,10.2,18.8,1.9,0.8,2.7,0.096,-0.1,-0.7,-0.8,0.4
31655,2024,5099,Stanley Umude,NA,SG,24,2,NBA,DET,15,155,13.4,0.693,0.614,0.523,2.1,18.4,10.1,6.9,1.2,2.7,15.6,17.4,0.2,0.1,0.3,0.101,-0.4,0.2,-0.2,0.1
31656,2024,3903,Stephen Curry,NA,PG,35,15,NBA,GSW,41,1375,21,0.63,0.599,0.284,1.5,12.6,7,24.1,1.2,1,12.2,31.2,3.2,0.8,4,0.141,6.4,-1.3,5.1,2.4
31657,2024,4672,Svi Mykhailiuk,NA,SF,26,6,NBA,BOS,21,161,6.4,0.453,0.81,0.103,3.5,8.2,5.9,5.6,2.1,0,9,17.8,-0.2,0.2,0,0.006,-5.1,-0.6,-5.7,-0.2
31658,2024,4365,T.J. McConnell,NA,PG,31,9,NBA,IND,38,646,18.6,0.552,0.067,0.173,3.3,14,8.6,41.7,2.9,0.5,17,21.2,1.1,0.5,1.6,0.116,1.3,0.1,1.4,0.6
31659,2024,3905,Taj Gibson,NA,PF,38,15,NBA,NYK,11,97,6.7,0.5,0.286,0,7,13.5,10.3,6.5,0.5,5.7,12.5,7,0,0.1,0.2,0.09,-5.4,1.6,-3.8,0
31660,2024,4789,Talen Horton-Tucker,NA,PG,23,5,NBA,UTA,32,675,13.4,0.509,0.369,0.21,2,10.7,6.4,27.9,2.3,1.4,13.1,23.9,0.1,0.5,0.6,0.046,-0.9,0.1,-0.8,0.2
31661,2024,5100,Tari Eason,NA,PF,22,2,NBA,HOU,22,480,17.1,0.528,0.265,0.175,10.4,24,17.2,8.4,3.1,3.7,8.9,20,0.2,1.1,1.3,0.126,-0.7,2.2,1.5,0.4
31662,2024,4450,Taurean Prince,NA,PF,29,8,NBA,LAL,46,1393,8.2,0.567,0.669,0.106,0.9,9.2,5.2,7.4,1.4,1.3,9.8,13.2,0,1.1,1.2,0.041,-3,-0.1,-3.1,-0.4
31663,2024,5188,Taylor Hendricks,NA,PF,20,1,NBA,UTA,13,181,10.4,0.52,0.603,0.138,6.7,10.7,8.7,4.4,2.4,3.4,12.8,16.2,0,0.2,0.1,0.032,-2.5,-0.9,-3.4,-0.1
31664,2024,5189,Taze Moore,NA,SG,25,1,NBA,POR,3,10,14.2,0.6,0.4,0,0,0,0,19.4,4.9,0,16.7,25.4,0,0,0,0.021,-4.7,1.7,-3,0
31665,2024,4791,Terance Mann,NA,SG,27,5,NBA,LAC,40,1005,10,0.544,0.467,0.17,5.5,8.6,7.1,9.3,1.2,1,7.9,13.1,0.9,0.8,1.8,0.085,-1.9,-0.3,-2.2,-0.1
31666,2024,5190,Terquavion Smith,NA,PG,21,1,NBA,PHI,5,24,13,0.396,0.769,0.154,0,0,0,33.2,8.1,0,12.6,28.2,-0.1,0.1,0,-0.001,-0.6,1.7,1.1,0
31667,2024,4366,Terry Rozier,NA,SG-PG,29,9,NBA,TOT,35,1212,18,0.563,0.419,0.222,1.8,11.2,6.3,30.1,1.5,1.1,9.8,26.3,1.6,0.4,1.9,0.077,2.8,-1.6,1.3,1
31668,2024,4366,Terry Rozier,NA,SG,29,9,NBA,CHO,30,1065,19,0.574,0.423,0.235,1.7,11.1,6.2,30.5,1.5,1,9.7,27.3,1.6,0.2,1.9,0.084,3.6,-1.6,2,1.1
31669,2024,4366,Terry Rozier,NA,PG,29,9,NBA,MIA,5,147,10.1,0.437,0.382,0.091,2.3,11.8,7,27.6,1.7,1.3,10.9,19.3,-0.1,0.2,0.1,0.021,-3,-1,-4,-0.1
31670,2024,5010,Terry Taylor,NA,PF,24,3,NBA,CHI,17,128,9.6,0.567,0.269,0.038,11,11.7,11.3,6.3,1.6,1.6,20.9,11.5,0,0.1,0.2,0.058,-4.1,0.2,-3.8,-0.1
31671,2024,3791,Thaddeus Young,NA,PF,35,17,NBA,TOR,19,277,16.2,0.589,0.067,0.12,9,13.4,11.1,21.2,2.8,0.6,9.2,13.4,0.6,0.3,0.9,0.15,-0.5,1.4,0.9,0.2
31672,2024,4367,Thanasis Antetokounmpo,NA,PF,31,6,NBA,MIL,19,77,3.3,0.5,0,0,5.9,5.5,5.7,14.1,1.2,3.1,39.1,12.6,-0.1,0.1,-0.1,-0.051,-7.9,-0.7,-8.6,-0.1
31673,2024,4568,Thomas Bryant,NA,C,26,7,NBA,MIA,25,259,15.2,0.611,0.052,0.286,10.8,23.2,16.9,8.9,1.1,1.9,14.8,17.4,0.3,0.3,0.6,0.115,-2.3,-0.6,-2.9,-0.1
31674,2024,4886,Théo Maledon,NA,PG,22,4,NBA,CHO,13,200,3.9,0.379,0.455,0.182,2.1,11.2,6.4,18.6,1.7,0,17.4,18.7,-0.5,0,-0.5,-0.114,-7.9,-2,-9.9,-0.4
31675,2024,4209,Tim Hardaway Jr.,NA,SF,31,11,NBA,DAL,45,1358,13.9,0.57,0.605,0.2,1.2,12.7,6.8,8.2,0.8,0.1,5.7,24.1,1.2,0.6,1.8,0.062,0.8,-2.8,-2,0
31676,2024,4055,Tobias Harris,NA,PF,31,13,NBA,PHI,43,1456,16.9,0.605,0.265,0.268,3.7,16,9.8,13.6,1.4,1.3,9.1,20.3,2.5,1.7,4.2,0.137,1.5,-0.4,1.1,1.1
31677,2024,4570,Torrey Craig,NA,SF,33,7,NBA,CHI,27,572,11.2,0.553,0.547,0.165,9.5,16,12.7,6.5,1.5,1.8,9.7,12.7,0.6,0.6,1.2,0.099,-2.3,-0.1,-2.5,-0.1
31678,2024,5191,Toumani Camara,NA,PF,23,1,NBA,POR,47,1111,9.3,0.504,0.421,0.239,8.3,14.6,11.3,6,2.2,1.8,14.6,13.8,-0.3,1.1,0.8,0.036,-4.3,0.3,-3.9,-0.5
31679,2024,4676,Trae Young,NA,PG,25,6,NBA,ATL,42,1526,20.8,0.579,0.449,0.414,1.4,7.4,4.3,44.9,1.9,0.5,15.5,31.1,3.3,0.4,3.7,0.118,5.2,-2.2,3,1.9
31680,2024,5192,Trayce Jackson-Davis,NA,PF,23,1,NBA,GSW,33,466,20.4,0.677,0,0.432,12.8,20.1,16.4,10.1,1.2,5.2,12.2,17,1.1,0.5,1.7,0.173,0.7,0.5,1.2,0.4
31681,2024,4887,Tre Jones,NA,PG,24,4,NBA,SAS,43,1106,14.6,0.584,0.293,0.202,3,10,6.5,30.7,1.8,0.4,14.4,15.5,1.7,0.6,2.3,0.098,-0.7,-0.6,-1.3,0.2
31682,2024,5012,Tre Mann,NA,PG,22,3,NBA,OKC,13,119,14.2,0.606,0.475,0.025,3.9,17.8,11.2,22.3,1.2,0,18.2,18,0.1,0.1,0.3,0.102,0.4,-0.3,0.1,0.1
31683,2024,5014,Trendon Watford,NA,PF,23,3,NBA,BRK,33,388,16.7,0.604,0.21,0.21,7.8,17.4,12.5,19.3,1.9,1.6,14.2,19.3,0.6,0.4,1,0.125,-0.5,1.1,0.6,0.3
31684,2024,4888,Trent Forrest,NA,SG,25,4,NBA,ATL,19,202,6.9,0.389,0.149,0.213,2.6,11.7,7,22.9,1.6,0.4,16.3,12.4,-0.1,0.1,0,-0.007,-5.1,-0.1,-5.2,-0.2
31685,2024,5015,Trevelin Queen,NA,SG,26,3,NBA,ORL,12,155,9.1,0.484,0.444,0.333,2.2,11.3,6.6,15.5,2.2,3,14.5,13.4,0,0.2,0.2,0.065,-4.2,1.7,-2.4,0
31686,2024,5193,Trey Jemison,NA,C,24,1,NBA,WAS,2,1,-35.9,NA,NA,NA,0,100,53.4,0,0,0,100,42.1,0,0,0,-1.19,-30.4,-3.7,-34.1,0
31687,2024,4369,Trey Lyles,NA,PF,28,9,NBA,SAC,32,643,11,0.591,0.727,0.198,5.1,20.7,12.8,8.4,0.5,1.3,9.7,13.7,0.6,0.5,1.2,0.086,-0.8,-0.7,-1.4,0.1
31688,2024,5016,Trey Murphy III,NA,SF,23,3,NBA,NOP,23,595,14.4,0.582,0.709,0.214,2.2,14.4,8.4,9.8,1.2,1.2,4.8,19.4,0.8,0.6,1.5,0.118,1.2,-0.8,0.4,0.4
31689,2024,4058,Tristan Thompson,NA,PF,32,12,NBA,CLE,36,446,14.3,0.6,0.011,0.447,14.9,19.9,17.4,12.1,0.9,2.2,17,13.1,0.6,0.7,1.3,0.139,-1.8,0.9,-0.9,0.1
31690,2024,4678,Troy Brown Jr.,NA,SF,24,6,NBA,MIN,36,406,11.7,0.603,0.712,0.186,4.2,15.1,10,11.9,1,0.4,12.4,15.8,0.4,0.6,1,0.119,-0.2,0.6,0.4,0.2
31691,2024,4794,Ty Jerome,NA,SG,26,5,NBA,CLE,2,15,7.6,0.5,0.25,0,7.5,0,3.7,26.8,0,0,20,14.4,0,0,0,0.049,-4.3,-0.7,-5,0
31692,2024,5104,TyTy Washington Jr.,NA,PG,22,2,NBA,MIL,2,6,0.6,0.5,0.667,0,0,17.6,9.1,0,7.9,0,40,35.2,-0.1,0,0,-0.363,-11.3,0.3,-11,0
31693,2024,4796,Tyler Herro,NA,SG,24,5,NBA,MIA,29,985,15.3,0.55,0.455,0.14,1.8,16.6,9.1,21.3,1.5,0.2,10.7,28.1,-0.1,1,0.9,0.045,1.2,-1,0.2,0.6
31694,2024,4892,Tyrese Haliburton,NA,PG,23,4,NBA,IND,35,1158,26.2,0.626,0.492,0.238,2.4,12,7.1,51.8,1.5,1.5,11.6,26.3,5.1,0.5,5.7,0.235,9.5,-0.6,8.8,3.2
31695,2024,4893,Tyrese Maxey,NA,PG,23,4,NBA,PHI,42,1573,20.2,0.578,0.419,0.293,1.7,8.9,5.3,27.3,1.3,1.3,6.6,27.1,4,1.4,5.4,0.165,4.4,-1,3.4,2.1
31696,2024,4370,Tyus Jones,NA,PG,27,9,NBA,WAS,47,1345,16.5,0.575,0.361,0.064,1.2,9.7,5.4,30.5,1.9,0.9,7.6,17,2.4,0.5,2.9,0.103,1.2,-0.5,0.7,0.9
31697,2024,4894,Udoka Azubuike,NA,C,24,4,NBA,PHO,12,102,13.8,0.652,0,0.5,13.2,21.4,17.5,4.1,0,5.2,13,13.1,0.1,0.1,0.2,0.117,-2.5,-0.3,-2.7,0
31698,2024,5018,Usman Garuba,NA,PF,21,3,NBA,GSW,2,6,4.4,0,0,0,0,0,0,18.9,8.1,0,0,7,0,0,0,0.002,-7.2,5.6,-1.6,0
31699,2024,5194,Vasilije Micić,NA,PG,30,1,NBA,OKC,27,322,8.9,0.509,0.476,0.226,0.4,6.9,3.8,25.2,1.3,0.9,19.9,15.5,0,0.3,0.3,0.038,-3.6,-0.9,-4.5,-0.2
31700,2024,5195,Victor Wembanyama,NA,C,20,1,NBA,SAS,42,1201,21.7,0.558,0.306,0.298,8.1,30.3,19,17.7,1.8,9.6,15.4,32,-0.8,2.2,1.4,0.056,0.6,2,2.6,1.4
31701,2024,5105,Vince Williams Jr.,NA,SG,23,2,NBA,MEM,36,894,12.7,0.61,0.664,0.336,5.6,19,12.1,12.5,1.5,2.4,13.8,13.9,1,1.2,2.2,0.118,-1.5,1.2,-0.3,0.4
31702,2024,5106,Walker Kessler,NA,C,22,2,NBA,UTA,41,955,18.1,0.654,0.068,0.282,12,22.6,17.4,4.4,1,10.1,13.5,13.2,1.4,1.4,2.7,0.137,-0.6,1.7,1.1,0.8
31703,2024,4682,Wendell Carter Jr.,NA,C,24,6,NBA,ORL,22,560,15.6,0.626,0.355,0.349,8.8,21.1,14.8,9.4,1,2,11,16.8,1,0.8,1.8,0.152,0.6,0.2,0.8,0.4
31704,2024,5107,Wendell Moore Jr.,NA,SG,22,2,NBA,MIN,12,37,10.2,0.667,0.333,0,0,14.6,7.8,3.6,5.3,2.4,25,9.5,0,0.1,0.1,0.106,-5.6,6.5,0.8,0
31705,2024,3914,Wesley Matthews,NA,SG,37,15,NBA,ATL,19,213,4.7,0.422,0.769,0.487,2,11.6,6.6,6.6,2,1.6,11.2,10.2,-0.1,0.1,0,-0.002,-5.9,0.1,-5.8,-0.2
31706,2024,5020,Xavier Moon,NA,SG,29,3,NBA,LAC,2,12,6.9,0.5,0.5,0,0,18.2,9.4,30.6,0,0,33.3,10.9,0,0,0,0.029,-3.4,1.2,-2.2,0
31707,2024,4897,Xavier Tillman Sr.,NA,C,25,4,NBA,MEM,34,700,11.7,0.44,0.249,0.202,8.5,16.4,12.3,12,2.9,4.6,11.1,16,-0.6,1.3,0.7,0.05,-3.9,2.3,-1.6,0.1
31708,2024,4684,Yuta Watanabe,NA,SF,29,6,NBA,PHO,27,374,4.8,0.487,0.785,0.161,3.6,9.9,6.9,3.4,0.9,1.7,13.1,13.3,-0.3,0.3,0,-0.005,-4.9,-1.6,-6.5,-0.4
31709,2024,4580,Zach Collins,NA,C,26,6,NBA,SAS,36,911,13.3,0.565,0.355,0.261,8,16.4,12.1,18.3,1,2.4,17.1,21.6,0.1,0.6,0.7,0.037,-2.2,-0.7,-3,-0.2
31710,2024,4299,Zach LaVine,NA,SG,28,10,NBA,CHI,25,872,15.1,0.578,0.449,0.274,1,15.9,8.3,17.1,1.2,0.9,11,23.8,0.7,0.8,1.5,0.084,0.6,-0.5,0,0.4
31711,2024,4898,Zeke Nnaji,NA,PF,23,4,NBA,DEN,37,347,11.1,0.522,0.174,0.424,13.5,12,12.7,7.3,1.3,5,18,16.7,0,0.5,0.5,0.062,-4.7,-0.3,-5,-0.3
31712,2024,5024,Ziaire Williams,NA,SF,22,3,NBA,MEM,44,828,9,0.506,0.506,0.192,3.8,16.3,9.9,11.7,1.6,1,14.6,20.3,-0.9,1,0.1,0.007,-4.3,-0.4,-4.7,-0.6
31713,2024,4803,Zion Williamson,NA,PF,23,4,NBA,NOP,38,1151,22.2,0.62,0.02,0.448,6.3,13.7,10,25.7,1.6,1.2,12.8,28.8,2.4,1.3,3.7,0.155,3.1,0.2,3.3,1.6
