seas_id,season,player_id,player,birth_year,pos,age,experience,lg,tm,g,gs,mp,fg,fga,fg_percent,x3p,x3pa,x3p_percent,x2p,x2pa,x2p_percent,e_fg_percent,ft,fta,ft_percent,orb,drb,trb,ast,stl,blk,tov,pf,pts
31136,2024,5025,A.J. Green,NA,SG,24,2,NBA,MIL,28,0,209,31,73,0.425,26,63,0.413,5,10,0.5,0.603,4,4,1,5,17,22,16,0,1,1,24,92
31137,2024,5026,A.J. Lawson,NA,SG,23,2,NBA,DAL,22,0,213,34,76,0.447,12,38,0.316,22,38,0.579,0.526,12,17,0.706,10,18,28,13,9,3,10,17,92
31138,2024,5027,AJ Griffin,NA,SF,20,2,NBA,ATL,18,0,132,13,45,0.289,9,33,0.273,4,12,0.333,0.389,2,2,1,2,12,14,4,1,1,6,6,37
31139,2024,4219,Aaron Gordon,NA,PF,28,10,NBA,DEN,43,43,1378,231,429,0.538,24,80,0.3,207,349,0.593,0.566,97,158,0.614,112,175,287,134,34,30,57,80,583
31140,2024,4582,Aaron Holiday,NA,PG,27,6,NBA,HOU,44,1,755,103,232,0.444,50,127,0.394,53,105,0.505,0.552,31,34,0.912,12,70,82,75,23,3,33,66,287
31141,2024,4805,Aaron Nesmith,NA,SF,24,4,NBA,IND,43,18,1143,195,374,0.521,93,201,0.463,102,173,0.59,0.646,51,72,0.708,42,125,167,61,45,29,37,139,534
31142,2024,4900,Aaron Wiggins,NA,SG,25,3,NBA,OKC,45,0,608,103,171,0.602,30,54,0.556,73,117,0.624,0.69,22,29,0.759,28,74,102,39,21,5,24,55,258
31143,2024,5109,Adama Sanogo,NA,PF,21,1,NBA,CHI,3,0,11,3,3,1,0,0,NA,3,3,1,1,2,3,0.667,2,4,6,0,0,0,1,0,8
31144,2024,4688,Admiral Schofield,NA,PF,26,4,NBA,ORL,12,0,46,5,15,0.333,2,9,0.222,3,6,0.5,0.4,0,2,0,1,6,7,4,0,0,4,7,12
31145,2024,3734,Al Horford,NA,C,37,17,NBA,BOS,39,19,1056,113,234,0.483,64,155,0.413,49,79,0.62,0.62,12,14,0.857,51,213,264,113,17,37,31,63,302
31146,2024,3982,Alec Burks,NA,SG,32,13,NBA,DET,40,0,832,148,377,0.393,92,230,0.4,56,147,0.381,0.515,111,124,0.895,15,83,98,64,19,10,30,61,499
31147,2024,4806,Aleksej Pokusevski,NA,PF,22,4,NBA,OKC,8,0,48,3,13,0.231,1,9,0.111,2,4,0.5,0.269,1,2,0.5,2,7,9,5,0,1,3,5,8
31148,2024,4465,Alex Caruso,NA,SG,29,7,NBA,CHI,42,30,1110,149,306,0.487,76,186,0.409,73,120,0.608,0.611,50,66,0.758,40,111,151,113,54,44,54,103,424
31149,2024,5110,Alex Fudge,NA,SF,20,1,NBA,LAL,4,0,14,1,6,0.167,0,2,0,1,4,0.25,0.167,2,2,1,2,0,2,0,0,0,1,1,4
31150,2024,4142,Alex Len,NA,C,30,11,NBA,SAC,17,0,149,18,29,0.621,0,2,0,18,27,0.667,0.621,4,10,0.4,23,33,56,19,3,8,11,19,40
31151,2024,4904,Alperen Şengün,NA,C,21,3,NBA,HOU,47,47,1537,405,749,0.541,26,93,0.28,379,656,0.578,0.558,183,254,0.72,128,306,434,239,56,34,124,153,1019
31152,2024,5111,Amari Bailey,NA,PG,19,1,NBA,CHO,2,0,11,2,6,0.333,0,2,0,2,4,0.5,0.333,1,2,0.5,2,0,2,0,0,0,1,0,5
31153,2024,5112,Amen Thompson,NA,SF,21,1,NBA,HOU,28,1,458,67,142,0.472,6,34,0.176,61,108,0.565,0.493,38,54,0.704,30,91,121,60,29,10,35,57,178
31154,2024,4690,Amir Coffey,NA,SF,26,5,NBA,LAC,34,7,565,67,120,0.558,25,60,0.417,42,60,0.7,0.663,24,28,0.857,12,43,55,24,12,2,14,41,183
31155,2024,4064,Andre Drummond,NA,C,30,12,NBA,CHI,49,7,778,156,280,0.557,0,2,0,156,278,0.561,0.557,72,129,0.558,163,244,407,27,56,29,52,83,384
31156,2024,5113,Andre Jackson Jr.,NA,SG,22,1,NBA,MIL,39,8,449,43,78,0.551,14,36,0.389,29,42,0.69,0.641,8,9,0.889,36,50,86,37,11,4,19,76,108
31157,2024,5029,Andrew Nembhard,NA,PG,24,2,NBA,IND,34,15,749,134,273,0.491,25,76,0.329,109,197,0.553,0.537,27,33,0.818,21,40,61,159,29,2,66,70,320
31158,2024,4223,Andrew Wiggins,NA,SF,28,10,NBA,GSW,40,29,1088,191,432,0.442,40,128,0.313,151,304,0.497,0.488,79,111,0.712,67,102,169,65,17,19,56,95,501
31159,2024,4586,Anfernee Simons,NA,SG,24,6,NBA,POR,26,26,873,207,472,0.439,87,225,0.387,120,247,0.486,0.531,94,104,0.904,14,76,90,135,11,4,65,55,595
31160,2024,5114,Anthony Black,NA,PG,20,1,NBA,ORL,45,29,874,87,175,0.497,24,63,0.381,63,112,0.563,0.566,40,61,0.656,24,80,104,75,26,17,41,91,238
31161,2024,4066,Anthony Davis,NA,C,30,12,NBA,LAL,46,46,1651,437,789,0.554,17,54,0.315,420,735,0.571,0.565,256,318,0.805,146,409,555,170,53,108,98,115,1147
31162,2024,4808,Anthony Edwards,NA,SG,22,4,NBA,MIN,45,45,1571,396,853,0.464,111,285,0.389,285,568,0.502,0.529,246,292,0.842,28,205,233,236,53,22,153,86,1149
31163,2024,4809,Anthony Gill,NA,PF,31,4,NBA,WAS,27,0,156,23,46,0.5,3,12,0.25,20,34,0.588,0.533,12,16,0.75,13,23,36,11,4,6,12,12,61
31164,2024,4811,Armoni Brooks,NA,PG,25,3,NBA,BRK,10,0,104,15,46,0.326,11,32,0.344,4,14,0.286,0.446,1,2,0.5,7,11,18,5,1,1,3,3,42
31165,2024,5115,Ausar Thompson,NA,SF,21,1,NBA,DET,47,24,1103,160,339,0.472,11,76,0.145,149,263,0.567,0.488,55,85,0.647,98,210,308,89,42,43,62,132,386
31166,2024,4906,Austin Reaves,NA,SG,25,3,NBA,LAL,49,24,1499,259,533,0.486,77,224,0.344,182,309,0.589,0.558,149,172,0.866,37,157,194,256,45,6,105,89,744
31167,2024,4907,Ayo Dosunmu,NA,SG,24,3,NBA,CHI,47,9,1142,172,347,0.496,54,141,0.383,118,206,0.573,0.573,45,56,0.804,31,89,120,101,36,22,46,92,443
31168,2024,4472,Bam Adebayo,NA,C,26,7,NBA,MIA,38,38,1324,290,579,0.501,1,11,0.091,289,568,0.509,0.502,200,256,0.781,84,317,401,160,38,39,92,94,781
31169,2024,5116,Ben Sheppard,NA,SG,22,1,NBA,IND,26,0,269,27,76,0.355,14,49,0.286,13,27,0.481,0.447,9,12,0.75,7,25,32,23,12,0,3,35,77
31170,2024,4474,Ben Simmons,NA,PG,27,6,NBA,BRK,7,6,209,24,41,0.585,0,0,NA,24,41,0.585,0.585,1,4,0.25,21,52,73,51,4,6,15,19,49
31171,2024,5030,Bennedict Mathurin,NA,SF,21,2,NBA,IND,47,14,1200,238,522,0.456,60,165,0.364,178,357,0.499,0.513,136,163,0.834,49,132,181,91,26,10,75,92,672
31172,2024,5117,Bilal Coulibaly,NA,SF,19,1,NBA,WAS,46,2,1227,142,305,0.466,47,122,0.385,95,183,0.519,0.543,56,83,0.675,37,149,186,82,41,38,63,97,387
31173,2024,3984,Bismack Biyombo,NA,C,31,13,NBA,MEM,30,27,718,67,119,0.563,0,0,NA,67,119,0.563,0.563,22,46,0.478,57,134,191,51,10,34,38,82,156
31174,2024,5031,Blake Wesley,NA,SG,20,2,NBA,SAS,27,1,315,41,82,0.5,2,17,0.118,39,65,0.6,0.512,13,25,0.52,7,23,30,61,14,4,17,39,97
31175,2024,4306,Boban Marjanović,NA,C,35,9,NBA,HOU,8,0,44,8,19,0.421,0,2,0,8,17,0.471,0.421,1,4,0.25,5,13,18,4,0,1,1,4,17
31176,2024,4307,Bobby Portis,NA,PF,28,9,NBA,MIL,48,0,1118,238,476,0.5,53,140,0.379,185,336,0.551,0.556,62,80,0.775,74,252,326,47,31,20,43,119,591
31177,2024,4475,Bogdan Bogdanović,NA,SG,31,7,NBA,ATL,45,6,1280,273,634,0.431,141,380,0.371,132,254,0.52,0.542,84,93,0.903,23,116,139,116,60,11,53,106,771
31178,2024,4224,Bojan Bogdanović,NA,PF,34,10,NBA,DET,26,25,859,187,400,0.468,79,191,0.414,108,209,0.517,0.566,75,98,0.765,13,75,88,66,23,3,57,54,528
31179,2024,4692,Bol Bol,NA,PF,24,5,NBA,PHO,12,0,86,17,23,0.739,3,5,0.6,14,18,0.778,0.804,4,5,0.8,9,18,27,6,3,6,6,10,41
31180,2024,4908,Bones Hyland,NA,PG,23,3,NBA,LAC,19,2,251,44,120,0.367,20,64,0.313,24,56,0.429,0.45,10,12,0.833,3,14,17,33,10,1,23,27,118
31181,2024,4072,Bradley Beal,NA,SG,30,12,NBA,PHO,24,24,795,163,334,0.488,35,101,0.347,128,233,0.549,0.54,53,71,0.746,19,84,103,104,19,8,56,66,414
31182,2024,5118,Brandin Podziemski,NA,SG,20,1,NBA,GSW,38,11,946,140,303,0.462,48,126,0.381,92,177,0.52,0.541,23,38,0.605,58,148,206,123,32,5,49,71,351
31183,2024,4909,Brandon Boston Jr.,NA,SF,22,3,NBA,LAC,12,0,99,20,49,0.408,6,17,0.353,14,32,0.438,0.469,7,8,0.875,7,7,14,5,2,2,3,13,53
31184,2024,4379,Brandon Ingram,NA,SF,26,8,NBA,NOP,44,44,1457,352,721,0.488,59,169,0.349,293,552,0.531,0.529,182,227,0.802,29,191,220,247,34,22,110,98,945
31185,2024,5119,Brandon Miller,NA,SF,21,1,NBA,CHO,40,34,1239,229,529,0.433,85,227,0.374,144,302,0.477,0.513,67,82,0.817,33,122,155,92,26,18,62,104,610
31186,2024,4910,Brandon Williams,1999,PG,24,2,NBA,DAL,7,0,43,8,16,0.5,2,5,0.4,6,11,0.545,0.563,5,9,0.556,2,3,5,8,1,1,2,1,23
31187,2024,4911,Braxton Key,NA,SF,26,3,NBA,DEN,13,0,44,5,14,0.357,1,4,0.25,4,10,0.4,0.393,4,5,0.8,2,8,10,8,2,0,1,4,15
31188,2024,5120,Brice Sensabaugh,NA,SF,20,1,NBA,UTA,4,0,12,2,6,0.333,1,2,0.5,1,4,0.25,0.417,0,0,NA,1,2,3,2,0,0,0,1,5
31189,2024,3801,Brook Lopez,NA,C,35,16,NBA,MIL,48,48,1531,240,489,0.491,85,244,0.348,155,245,0.633,0.578,72,87,0.828,76,188,264,78,30,132,45,127,637
31190,2024,4594,Bruce Brown,NA,SG-PG,27,6,NBA,TOT,39,36,1155,177,370,0.478,38,115,0.33,139,255,0.545,0.53,75,90,0.833,35,157,192,110,42,13,50,100,467
31191,2024,4594,Bruce Brown,NA,SG,27,6,NBA,IND,33,33,981,149,314,0.475,33,101,0.327,116,213,0.545,0.527,67,82,0.817,25,129,154,100,35,8,41,81,398
31192,2024,4594,Bruce Brown,NA,PG,27,6,NBA,TOR,6,3,174,28,56,0.5,5,14,0.357,23,42,0.548,0.545,8,8,1,10,28,38,10,7,5,9,19,69
31193,2024,4695,Bruno Fernando,NA,C,25,5,NBA,ATL,13,0,84,14,27,0.519,0,3,0,14,24,0.583,0.519,10,19,0.526,7,19,26,4,2,5,7,12,38
31194,2024,5032,Bryce McGowens,NA,SG,21,2,NBA,CHO,37,11,592,64,145,0.441,25,69,0.362,39,76,0.513,0.528,32,43,0.744,12,51,63,34,9,3,20,50,185
31195,2024,4382,Buddy Hield,NA,SF,31,8,NBA,IND,48,27,1243,215,485,0.443,130,335,0.388,85,150,0.567,0.577,28,33,0.848,33,124,157,129,40,29,61,95,588
31196,2024,4154,CJ McCollum,NA,PG,32,11,NBA,NOP,34,34,1088,233,501,0.465,115,264,0.436,118,237,0.498,0.58,69,86,0.802,20,124,144,161,39,29,58,73,650
31197,2024,4912,Cade Cunningham,NA,PG,22,3,NBA,DET,38,38,1306,322,717,0.449,71,207,0.343,251,510,0.492,0.499,146,170,0.859,16,136,152,280,37,13,143,107,861
31198,2024,5034,Caleb Houstan,NA,SF,21,2,NBA,ORL,36,7,562,57,149,0.383,50,139,0.36,7,10,0.7,0.55,17,22,0.773,21,40,61,23,10,1,13,44,181
31199,2024,4696,Caleb Martin,NA,SF,28,5,NBA,MIA,31,12,814,121,272,0.445,37,97,0.381,84,175,0.48,0.513,42,55,0.764,36,109,145,66,22,9,38,63,321
31200,2024,4697,Cam Reddish,NA,SF,24,5,NBA,LAL,35,26,815,83,205,0.405,32,95,0.337,51,110,0.464,0.483,36,46,0.783,19,65,84,47,43,11,30,55,234
31201,2024,4913,Cam Thomas,NA,SG,22,3,NBA,BRK,38,23,1100,292,650,0.449,73,204,0.358,219,446,0.491,0.505,148,179,0.827,11,91,102,90,24,12,68,74,805
31202,2024,5121,Cam Whitmore,NA,SF,19,1,NBA,HOU,24,1,397,99,205,0.483,38,96,0.396,61,109,0.56,0.576,33,50,0.66,16,74,90,9,15,6,14,31,269
31203,2024,4698,Cameron Johnson,NA,PF,27,5,NBA,BRK,38,38,1079,196,429,0.457,94,232,0.405,102,197,0.518,0.566,45,61,0.738,41,133,174,98,29,7,35,71,531
31204,2024,4311,Cameron Payne,NA,PG,29,9,NBA,MIL,44,2,659,96,209,0.459,50,124,0.403,46,85,0.541,0.579,35,40,0.875,4,49,53,101,19,3,29,69,277
31205,2024,4383,Caris LeVert,NA,SG,29,8,NBA,CLE,35,1,995,194,461,0.421,65,192,0.339,129,269,0.48,0.491,87,115,0.757,17,104,121,144,36,15,54,58,540
31206,2024,5122,Cason Wallace,NA,SG,20,1,NBA,OKC,48,7,1010,124,244,0.508,53,126,0.421,71,118,0.602,0.617,20,24,0.833,31,79,110,68,35,21,23,86,321
31207,2024,4479,Cedi Osman,NA,SF,28,7,NBA,SAS,48,1,872,134,276,0.486,57,153,0.373,77,123,0.626,0.589,31,46,0.674,19,105,124,89,24,7,30,74,356
31208,2024,4917,Charles Bassey,NA,C,23,3,NBA,SAS,19,0,205,29,40,0.725,0,1,0,29,39,0.744,0.725,5,6,0.833,23,53,76,21,8,17,15,31,63
31209,2024,4700,Charlie Brown Jr.,NA,SG,26,4,NBA,NYK,4,0,6,1,4,0.25,1,3,0.333,0,1,0,0.375,0,0,NA,0,0,0,0,0,1,2,1,3
31210,2024,5123,Chet Holmgren,NA,C,21,1,NBA,OKC,48,48,1444,305,572,0.533,76,199,0.382,229,373,0.614,0.6,117,152,0.77,74,291,365,131,29,125,81,120,803
31211,2024,4597,Chimezie Metu,NA,C,26,6,NBA,PHO,36,5,440,64,126,0.508,15,51,0.294,49,75,0.653,0.567,38,43,0.884,23,84,107,18,19,9,25,39,181
31212,2024,4481,Chris Boucher,NA,PF,31,7,NBA,TOR,44,0,618,92,193,0.477,28,86,0.326,64,107,0.598,0.549,58,77,0.753,53,124,177,18,13,19,21,61,270
31213,2024,4919,Chris Duarte,NA,SF,26,3,NBA,SAC,35,11,461,45,125,0.36,21,67,0.313,24,58,0.414,0.444,18,24,0.75,13,51,64,32,18,2,20,61,129
31214,2024,5124,Chris Livingston,NA,SF,20,1,NBA,MIL,13,0,59,7,13,0.538,1,1,1,6,12,0.5,0.577,2,2,1,2,11,13,4,2,0,3,7,17
31215,2024,3585,Chris Paul,NA,PG,38,19,NBA,GSW,32,11,882,104,245,0.424,43,119,0.361,61,126,0.484,0.512,35,42,0.833,10,111,121,230,36,3,38,59,286
31216,2024,5036,Christian Braun,NA,SG,22,2,NBA,DEN,49,0,923,128,285,0.449,33,91,0.363,95,194,0.49,0.507,60,82,0.732,37,137,174,70,18,18,34,75,349
31217,2024,4313,Christian Wood,NA,PF,28,8,NBA,LAL,43,1,782,109,230,0.474,31,99,0.313,78,131,0.595,0.541,58,84,0.69,34,197,231,46,13,31,48,65,307
31218,2024,4817,Chuma Okeke,NA,SF,25,4,NBA,ORL,29,8,368,36,95,0.379,22,71,0.31,14,24,0.583,0.495,2,5,0.4,18,53,71,17,7,7,11,18,96
31219,2024,4230,Clint Capela,NA,C,29,10,NBA,ATL,45,45,1163,214,374,0.572,0,0,NA,214,374,0.572,0.572,83,127,0.654,213,258,471,44,27,72,39,111,511
31220,2024,4703,Coby White,NA,PG,23,5,NBA,CHI,49,49,1764,334,725,0.461,136,348,0.391,198,377,0.525,0.554,128,157,0.815,26,202,228,252,33,13,105,114,932
31221,2024,4704,Cody Martin,NA,SF,28,5,NBA,CHO,16,10,419,44,121,0.364,16,48,0.333,28,73,0.384,0.43,12,23,0.522,13,40,53,50,19,11,22,30,116
31222,2024,4155,Cody Zeller,NA,C,31,11,NBA,NOP,33,0,275,20,51,0.392,1,3,0.333,19,48,0.396,0.402,21,35,0.6,37,53,90,33,5,4,11,38,62
31223,2024,5125,Colby Jones,NA,SG,21,1,NBA,SAC,15,0,110,16,42,0.381,1,13,0.077,15,29,0.517,0.393,2,3,0.667,9,12,21,9,4,1,5,15,35
31224,2024,4819,Cole Anthony,NA,PG,23,4,NBA,ORL,47,0,1119,199,464,0.429,53,164,0.323,146,300,0.487,0.486,139,165,0.842,44,148,192,155,37,21,83,120,590
31225,2024,5038,Cole Swider,NA,SF,24,2,NBA,MIA,9,0,44,9,21,0.429,5,15,0.333,4,6,0.667,0.548,0,0,NA,1,1,2,3,1,1,3,2,23
31226,2024,5126,Colin Castleton,NA,C,23,1,NBA,LAL,5,0,32,6,9,0.667,0,0,NA,6,9,0.667,0.667,4,4,1,4,5,9,3,0,0,1,6,16
31227,2024,5127,Collin Gillespie,NA,PG,24,1,NBA,DEN,14,0,97,11,24,0.458,4,13,0.308,7,11,0.636,0.542,4,5,0.8,1,4,5,9,5,0,5,12,30
31228,2024,4599,Collin Sexton,NA,SG,25,6,NBA,UTA,49,26,1191,290,600,0.483,73,192,0.38,217,408,0.532,0.544,199,227,0.877,44,85,129,217,35,8,89,99,852
31229,2024,4920,Corey Kispert,NA,SF,24,3,NBA,WAS,46,1,997,184,384,0.479,87,239,0.364,97,145,0.669,0.592,63,82,0.768,14,88,102,67,15,8,48,68,518
31230,2024,3992,Cory Joseph,NA,PG,32,13,NBA,GSW,25,0,291,20,60,0.333,11,39,0.282,9,21,0.429,0.425,4,7,0.571,6,23,29,41,4,3,12,25,55
31231,2024,5128,Craig Porter Jr.,NA,PG,23,1,NBA,CLE,29,5,462,84,164,0.512,7,21,0.333,77,143,0.538,0.534,32,46,0.696,14,63,77,91,17,12,33,30,207
31232,2024,4317,D'Angelo Russell,NA,PG,27,9,NBA,LAL,45,38,1382,285,601,0.474,115,276,0.417,170,325,0.523,0.57,83,104,0.798,16,101,117,274,36,24,90,91,768
31233,2024,5129,D'Moi Hodge,NA,SG,25,1,NBA,LAL,7,0,41,5,15,0.333,3,12,0.25,2,3,0.667,0.433,1,2,0.5,0,0,0,5,1,1,1,4,14
31234,2024,4706,DaQuan Jeffries,NA,SG,26,4,NBA,NYK,10,0,30,5,12,0.417,1,5,0.2,4,7,0.571,0.458,0,2,0,0,5,5,2,0,0,1,2,11
31235,2024,4922,Daishen Nix,NA,PG,21,3,NBA,MIN,6,0,21,3,8,0.375,2,5,0.4,1,3,0.333,0.5,0,2,0,0,1,1,0,1,0,0,0,8
31236,2024,4923,Dalano Banton,NA,PG,24,3,NBA,BOS,22,1,162,19,47,0.404,2,14,0.143,17,33,0.515,0.426,14,18,0.778,12,21,33,16,5,3,10,20,54
31237,2024,5039,Dalen Terry,NA,SG,21,2,NBA,CHI,32,1,311,25,67,0.373,8,38,0.211,17,29,0.586,0.433,16,22,0.727,10,42,52,38,9,8,17,38,74
31238,2024,4387,Damian Jones,NA,C,28,8,NBA,CLE,20,0,125,15,28,0.536,2,7,0.286,13,21,0.619,0.571,7,8,0.875,7,18,25,7,3,5,6,13,39
31239,2024,4077,Damian Lillard,NA,PG,33,12,NBA,MIL,45,45,1587,333,790,0.422,133,388,0.343,200,402,0.498,0.506,331,358,0.925,26,168,194,304,48,7,111,71,1130
31240,2024,4705,Daniel Gafford,NA,C,25,5,NBA,WAS,42,42,1100,185,267,0.693,0,0,NA,185,267,0.693,0.693,80,113,0.708,119,208,327,66,42,90,44,137,450
31241,2024,4487,Daniel Theis,NA,C,31,7,NBA,TOT,36,1,622,95,178,0.534,15,37,0.405,80,141,0.567,0.576,28,39,0.718,56,75,131,36,17,32,24,86,233
31242,2024,4487,Daniel Theis,NA,C,31,7,NBA,IND,1,0,8,1,4,0.25,0,1,0,1,3,0.333,0.25,0,0,NA,0,0,0,0,0,0,0,1,2
31243,2024,4487,Daniel Theis,NA,C,31,7,NBA,LAC,35,1,614,94,174,0.54,15,36,0.417,79,138,0.572,0.583,28,39,0.718,56,75,131,36,17,32,24,85,231
31244,2024,3807,Danilo Gallinari,NA,PF-SF,35,14,NBA,TOT,29,0,433,67,144,0.465,26,70,0.371,41,74,0.554,0.556,58,69,0.841,12,71,83,38,7,3,12,29,218
31245,2024,3807,Danilo Gallinari,NA,PF,35,14,NBA,WAS,26,0,385,57,131,0.435,20,64,0.313,37,67,0.552,0.511,47,56,0.839,12,64,76,31,6,3,12,26,181
31246,2024,3807,Danilo Gallinari,NA,SF,35,14,NBA,DET,3,0,48,10,13,0.769,6,6,1,4,7,0.571,1,11,13,0.846,0,7,7,7,1,0,0,3,37
31247,2024,3867,Danny Green,NA,SG,36,15,NBA,PHI,2,0,18,0,2,0,0,1,0,0,1,0,0,0,0,NA,0,2,2,1,1,0,0,1,0
31248,2024,4233,Dante Exum,NA,PG,28,7,NBA,DAL,32,14,631,116,203,0.571,31,65,0.477,85,138,0.616,0.648,32,44,0.727,18,71,89,91,18,5,27,51,295
31249,2024,4389,Danuel House Jr.,NA,SF,30,8,NBA,PHI,31,1,458,41,93,0.441,15,46,0.326,26,47,0.553,0.522,30,41,0.732,13,35,48,24,14,4,18,38,127
31250,2024,4390,Dario Šarić,NA,C,29,7,NBA,GSW,44,9,903,156,324,0.481,68,165,0.412,88,159,0.553,0.586,70,82,0.854,62,178,240,113,27,8,56,97,450
31251,2024,5130,Dariq Whitehead,NA,SF,19,1,NBA,BRK,2,0,24,1,5,0.2,0,3,0,1,2,0.5,0.2,1,2,0.5,0,4,4,3,0,1,0,0,3
31252,2024,4708,Darius Garland,NA,PG,24,5,NBA,CLE,21,21,700,158,333,0.474,38,110,0.345,120,223,0.538,0.532,79,94,0.84,12,43,55,121,34,4,77,32,433
31253,2024,5041,David Roddy,NA,PF,22,2,NBA,MEM,44,12,1014,136,337,0.404,43,141,0.305,93,196,0.474,0.467,41,58,0.707,49,134,183,65,24,11,46,63,356
31254,2024,4926,Davion Mitchell,NA,PG,25,3,NBA,SAC,36,3,451,49,130,0.377,18,67,0.269,31,63,0.492,0.446,14,19,0.737,6,29,35,62,8,2,20,42,130
31255,2024,4927,Day'Ron Sharpe,NA,C,22,3,NBA,BRK,37,1,592,111,193,0.575,1,7,0.143,110,186,0.591,0.578,54,88,0.614,103,155,258,53,17,32,37,85,277
31256,2024,4489,De'Aaron Fox,NA,PG,26,7,NBA,SAC,40,40,1425,385,825,0.467,120,316,0.38,265,509,0.521,0.539,197,272,0.724,34,129,163,220,64,16,99,100,1087
31257,2024,4709,De'Andre Hunter,NA,SF,26,5,NBA,ATL,25,24,743,124,270,0.459,48,119,0.403,76,151,0.503,0.548,68,75,0.907,15,84,99,34,20,9,39,73,364
31258,2024,4602,De'Anthony Melton,NA,SG,25,6,NBA,PHI,33,33,959,129,328,0.393,70,193,0.363,59,135,0.437,0.5,62,75,0.827,27,105,132,105,54,15,38,79,390
31259,2024,3810,DeAndre Jordan,NA,C,35,16,NBA,DEN,24,1,293,41,64,0.641,0,0,NA,41,64,0.641,0.641,21,47,0.447,41,75,116,19,5,13,19,43,103
31260,2024,3872,DeMar DeRozan,NA,SF,34,15,NBA,CHI,47,47,1754,361,773,0.467,45,134,0.336,316,639,0.495,0.496,267,317,0.842,26,163,189,251,53,33,72,101,1034
31261,2024,4710,Dean Wade,NA,PF,27,5,NBA,CLE,38,29,832,72,173,0.416,59,148,0.399,13,25,0.52,0.587,15,19,0.789,33,135,168,32,33,11,19,76,218
31262,2024,4603,Deandre Ayton,NA,C,25,6,NBA,POR,32,32,1018,200,363,0.551,0,0,NA,200,363,0.551,0.551,35,44,0.795,99,236,335,50,33,22,59,75,435
31263,2024,4394,Dejounte Murray,NA,SG,27,7,NBA,ATL,46,46,1600,381,808,0.472,108,282,0.383,273,526,0.519,0.538,119,143,0.832,32,198,230,238,60,13,104,79,989
31264,2024,4320,Delon Wright,NA,PG,31,9,NBA,WAS,26,0,406,42,109,0.385,12,33,0.364,30,76,0.395,0.44,22,27,0.815,10,42,52,74,31,6,10,20,118
31265,2024,4823,Deni Avdija,NA,SF,23,4,NBA,WAS,47,47,1286,216,432,0.5,46,121,0.38,170,311,0.547,0.553,104,137,0.759,46,243,289,184,41,20,83,116,582
31266,2024,4157,Dennis Schröder,NA,PG,30,11,NBA,TOR,47,33,1456,234,520,0.45,71,201,0.353,163,319,0.511,0.518,116,136,0.853,20,106,126,298,44,7,78,101,655
31267,2024,4490,Dennis Smith Jr.,NA,PG,26,7,NBA,BRK,32,1,627,92,212,0.434,16,60,0.267,76,152,0.5,0.472,29,36,0.806,33,73,106,128,38,7,39,77,229
31268,2024,5131,Dereck Lively II,NA,C,19,1,NBA,DAL,36,35,935,150,203,0.739,0,2,0,150,201,0.746,0.739,31,57,0.544,104,180,284,47,23,50,42,111,331
31269,2024,5042,Dereon Seabron,NA,SG,23,2,NBA,NOP,5,0,52,4,13,0.308,1,2,0.5,3,11,0.273,0.346,5,6,0.833,1,6,7,4,2,1,0,4,14
31270,2024,4397,Derrick Jones Jr.,NA,SF,26,8,NBA,DAL,43,42,1109,160,329,0.486,59,169,0.349,101,160,0.631,0.576,56,76,0.737,52,104,156,44,35,36,41,83,435
31271,2024,3812,Derrick Rose,NA,PG,35,15,NBA,MEM,17,7,304,56,128,0.438,11,33,0.333,45,95,0.474,0.48,19,21,0.905,7,23,30,57,7,2,22,18,142
31272,2024,4492,Derrick White,NA,SG,29,7,NBA,BOS,44,44,1412,238,520,0.458,118,295,0.4,120,225,0.533,0.571,102,114,0.895,30,145,175,208,45,53,70,95,696
31273,2024,4824,Desmond Bane,NA,SG,25,4,NBA,MEM,37,37,1277,330,696,0.474,123,320,0.384,207,376,0.551,0.563,121,140,0.864,34,135,169,196,38,20,99,106,904
31274,2024,4321,Devin Booker,NA,PG,27,9,NBA,PHO,39,39,1413,388,773,0.502,90,232,0.388,298,541,0.551,0.56,237,270,0.878,26,165,191,285,36,17,106,117,1103
31275,2024,4826,Devin Vassell,NA,SG,23,4,NBA,SAS,43,37,1352,290,622,0.466,104,288,0.361,186,334,0.557,0.55,107,134,0.799,16,138,154,154,48,10,59,47,791
31276,2024,4607,Devonte' Graham,NA,PG,28,6,NBA,SAS,10,0,88,11,28,0.393,7,20,0.35,4,8,0.5,0.518,6,8,0.75,2,11,13,19,3,1,3,4,35
31277,2024,5132,Dexter Dennis,NA,SG,24,1,NBA,DAL,4,0,30,10,19,0.526,1,8,0.125,9,11,0.818,0.553,1,3,0.333,1,8,9,4,0,1,3,1,22
31278,2024,4494,Dillon Brooks,NA,SF,28,7,NBA,HOU,38,38,1193,192,417,0.46,72,185,0.389,120,232,0.517,0.547,72,86,0.837,28,103,131,59,36,3,56,142,528
31279,2024,5133,Dmytro Skapintsev,NA,C,25,1,NBA,NYK,2,0,2,0,1,0,0,0,NA,0,1,0,0,0,0,NA,0,0,0,0,0,0,0,0,0
31280,2024,4400,Domantas Sabonis,NA,C,27,8,NBA,SAC,46,46,1630,368,597,0.616,23,51,0.451,345,546,0.632,0.636,155,228,0.68,150,450,600,368,36,25,151,149,914
31281,2024,5043,Dominick Barlow,NA,PF,20,2,NBA,SAS,22,1,295,39,79,0.494,3,7,0.429,36,72,0.5,0.513,17,28,0.607,26,49,75,26,9,12,5,33,98
31282,2024,4495,Donovan Mitchell,NA,SG,27,7,NBA,CLE,36,36,1283,355,764,0.465,115,330,0.348,240,434,0.553,0.54,191,222,0.86,37,160,197,229,69,17,101,80,1016
31283,2024,4608,Donte DiVincenzo,NA,SG,27,6,NBA,NYK,48,30,1106,203,442,0.459,136,319,0.426,67,123,0.545,0.613,44,60,0.733,37,117,154,110,55,15,52,92,586
31284,2024,4401,Dorian Finney-Smith,NA,PF,30,8,NBA,BRK,42,31,1211,140,340,0.412,88,230,0.383,52,110,0.473,0.541,14,20,0.7,72,130,202,60,31,26,34,94,382
31285,2024,4237,Doug McDermott,NA,SF,32,10,NBA,SAS,43,0,658,89,202,0.441,71,162,0.438,18,40,0.45,0.616,10,17,0.588,8,37,45,54,10,2,24,44,259
31286,2024,4085,Draymond Green,NA,PF,33,12,NBA,GSW,20,17,530,65,134,0.485,23,55,0.418,42,79,0.532,0.571,33,41,0.805,24,95,119,122,15,16,47,63,186
31287,2024,4610,Drew Eubanks,NA,C,26,6,NBA,PHO,42,3,678,97,154,0.63,3,3,1,94,151,0.623,0.64,43,58,0.741,58,122,180,42,13,34,41,73,240
31288,2024,5134,Drew Peterson,NA,PF,24,1,NBA,BOS,1,0,3,1,1,1,1,1,1,0,0,NA,1.5,0,0,NA,0,0,0,1,0,0,0,1,3
31289,2024,5045,Dru Smith,NA,SG,26,2,NBA,MIA,9,0,131,15,33,0.455,7,17,0.412,8,16,0.5,0.561,2,2,1,6,8,14,14,9,3,5,12,39
31290,2024,4611,Duncan Robinson,NA,SF,29,6,NBA,MIA,45,17,1238,206,456,0.452,124,307,0.404,82,149,0.55,0.588,58,66,0.879,11,100,111,128,27,8,62,102,594
31291,2024,5135,Duop Reath,NA,C,27,1,NBA,POR,36,11,633,121,255,0.475,49,131,0.374,72,124,0.581,0.571,36,46,0.783,51,90,141,43,18,17,27,89,327
31292,2024,4239,Dwight Powell,NA,C,32,10,NBA,DAL,41,8,639,61,86,0.709,1,2,0.5,60,84,0.714,0.715,56,77,0.727,73,83,156,69,22,15,24,88,179
31293,2024,4829,Dylan Windler,NA,SF,27,4,NBA,TOT,5,0,16,4,7,0.571,4,6,0.667,0,1,0,0.857,0,0,NA,0,2,2,3,0,0,0,2,12
31294,2024,4829,Dylan Windler,NA,SF,27,4,NBA,NYK,3,0,7,1,2,0.5,1,2,0.5,0,0,NA,0.75,0,0,NA,0,1,1,1,0,0,0,1,3
31295,2024,4829,Dylan Windler,NA,SF,27,4,NBA,LAL,2,0,9,3,5,0.6,3,4,0.75,0,1,0,0.9,0,0,NA,0,1,1,2,0,0,0,1,9
31296,2024,5046,Dyson Daniels,NA,PG,20,2,NBA,NOP,48,15,1048,102,237,0.43,29,102,0.284,73,135,0.541,0.492,31,48,0.646,47,130,177,125,61,17,48,77,264
31297,2024,4392,Dāvis Bertāns,NA,PF,31,8,NBA,OKC,15,0,91,10,26,0.385,10,24,0.417,0,2,0,0.577,14,15,0.933,2,8,10,9,3,3,1,10,44
31298,2024,5136,E.J. Liddell,NA,PF,23,1,NBA,NOP,8,0,23,1,6,0.167,0,5,0,1,1,1,0.167,2,2,1,0,5,5,1,2,2,2,2,4
31299,2024,5137,Emoni Bates,NA,SF,20,1,NBA,CLE,10,0,76,6,25,0.24,5,20,0.25,1,5,0.2,0.34,1,2,0.5,1,9,10,6,1,2,1,5,18
31300,2024,3815,Eric Gordon,NA,SG,35,16,NBA,PHO,40,20,1212,189,416,0.454,102,266,0.383,87,150,0.58,0.577,32,41,0.78,13,73,86,95,38,20,52,52,512
31301,2024,4930,Eugene Omoruyi,NA,SF,26,3,NBA,WAS,19,0,110,32,55,0.582,5,17,0.294,27,38,0.711,0.627,16,21,0.762,11,17,28,11,9,1,9,20,85
31302,2024,4086,Evan Fournier,NA,SG,31,12,NBA,NYK,3,0,39,4,20,0.2,2,15,0.133,2,5,0.4,0.25,2,2,1,0,4,4,3,4,0,1,4,12
31303,2024,4931,Evan Mobley,NA,PF,22,3,NBA,CLE,23,23,748,150,262,0.573,2,11,0.182,148,251,0.59,0.576,52,67,0.776,58,174,232,65,19,35,51,65,354
31304,2024,5138,Filip Petrušev,NA,C,23,1,NBA,TOT,3,0,10,1,2,0.5,0,0,NA,1,2,0.5,0.5,1,2,0.5,0,1,1,0,0,0,0,1,3
31305,2024,5138,Filip Petrušev,NA,C,23,1,NBA,PHI,1,0,3,0,0,NA,0,0,NA,0,0,NA,NA,0,0,NA,0,1,1,0,0,0,0,0,0
31306,2024,5138,Filip Petrušev,NA,C,23,1,NBA,SAC,2,0,7,1,2,0.5,0,0,NA,1,2,0.5,0.5,1,2,0.5,0,0,0,0,0,0,0,1,3
31307,2024,4500,Frank Ntilikina,NA,PG,25,7,NBA,CHO,5,0,43,1,9,0.111,1,8,0.125,0,1,0,0.167,2,2,1,1,5,6,4,0,0,1,4,5
31308,2024,4933,Franz Wagner,NA,SF,22,3,NBA,ORL,40,40,1321,300,643,0.467,62,198,0.313,238,445,0.535,0.515,153,179,0.855,45,185,230,161,43,13,79,95,815
31309,2024,4403,Fred VanVleet,NA,PG,29,8,NBA,HOU,45,45,1670,251,615,0.408,131,351,0.373,120,264,0.455,0.515,121,141,0.858,17,154,171,378,50,41,72,101,754
31310,2024,4501,Furkan Korkmaz,NA,SG,26,7,NBA,PHI,31,0,239,25,62,0.403,12,33,0.364,13,29,0.448,0.5,11,16,0.688,1,18,19,22,13,1,9,14,73
31311,2024,4717,Gabe Vincent,NA,PG,27,5,NBA,LAL,5,0,127,12,32,0.375,2,17,0.118,10,15,0.667,0.406,1,2,0.5,2,3,5,15,6,0,2,12,27
31312,2024,3877,Garrett Temple,NA,SG,37,14,NBA,TOR,13,0,50,6,15,0.4,2,6,0.333,4,9,0.444,0.467,4,4,1,4,6,10,6,2,0,3,4,18
31313,2024,4718,Garrison Mathews,NA,SG,27,5,NBA,ATL,33,3,417,39,86,0.453,36,80,0.45,3,6,0.5,0.663,4,9,0.444,8,32,40,16,8,3,15,55,118
31314,2024,4245,Gary Harris,NA,SG,29,10,NBA,ORL,27,6,616,66,154,0.429,36,108,0.333,30,46,0.652,0.545,24,31,0.774,13,33,46,50,23,5,14,47,192
31315,2024,4404,Gary Payton II,NA,SG,31,8,NBA,GSW,16,0,261,36,79,0.456,9,32,0.281,27,47,0.574,0.513,6,9,0.667,16,32,48,13,17,5,10,29,87
31316,2024,4618,Gary Trent Jr.,NA,SG,25,6,NBA,TOR,42,12,1095,186,431,0.432,103,243,0.424,83,188,0.441,0.551,28,43,0.651,10,80,90,65,34,5,28,53,503
31317,2024,4405,Georges Niang,NA,PF,30,8,NBA,CLE,45,1,996,155,353,0.439,80,219,0.365,75,134,0.56,0.552,31,36,0.861,15,154,169,59,11,10,34,103,421
31318,2024,4164,Giannis Antetokounmpo,NA,PF,29,11,NBA,MIL,46,46,1618,530,872,0.608,20,79,0.253,510,793,0.643,0.619,341,516,0.661,121,412,533,282,63,51,166,139,1421
31319,2024,4719,Goga Bitadze,NA,C,24,5,NBA,ORL,41,31,809,110,179,0.615,2,10,0.2,108,169,0.639,0.62,46,68,0.676,96,153,249,66,27,62,31,92,268
31320,2024,3941,Gordon Hayward,NA,SF,33,14,NBA,CHO,25,25,798,139,297,0.468,22,61,0.361,117,236,0.496,0.505,62,81,0.765,25,92,117,116,28,12,51,46,362
31321,2024,5139,Gradey Dick,NA,SG,20,1,NBA,TOR,26,1,355,34,101,0.337,19,64,0.297,15,37,0.405,0.431,17,18,0.944,12,28,40,31,12,0,17,36,104
31322,2024,4720,Grant Williams,NA,PF,25,5,NBA,DAL,44,32,1169,125,301,0.415,76,202,0.376,49,99,0.495,0.542,35,48,0.729,42,112,154,78,22,25,45,131,361
31323,2024,4620,Grayson Allen,NA,SG,28,6,NBA,PHO,42,42,1386,187,363,0.515,112,225,0.498,75,138,0.543,0.669,70,79,0.886,30,143,173,119,36,25,60,90,556
31324,2024,4937,Greg Brown III,NA,PF,22,3,NBA,DAL,6,0,40,5,11,0.455,1,3,0.333,4,8,0.5,0.5,4,9,0.444,3,6,9,4,0,4,4,5,15
31325,2024,5140,Gregory Jackson II,NA,PF,19,1,NBA,MEM,15,0,233,41,85,0.482,21,46,0.457,20,39,0.513,0.606,22,30,0.733,11,32,43,10,6,7,9,15,125
31326,2024,5141,Gui Santos,NA,PF,21,1,NBA,GSW,6,0,35,4,11,0.364,1,6,0.167,3,5,0.6,0.409,6,6,1,5,7,12,2,0,0,2,3,15
31327,2024,4621,Hamidou Diallo,NA,SG,25,6,NBA,WAS,2,0,5,1,2,0.5,0,0,NA,1,2,0.5,0.5,0,0,NA,2,0,2,1,2,0,1,1,2
31328,2024,4089,Harrison Barnes,NA,PF,31,12,NBA,SAC,46,46,1372,186,393,0.473,86,218,0.394,100,175,0.571,0.583,87,106,0.821,40,96,136,60,31,8,33,57,545
31329,2024,4622,Harry Giles,NA,C,25,4,NBA,BRK,15,0,73,19,38,0.5,2,10,0.2,17,28,0.607,0.526,6,11,0.545,10,12,22,4,1,3,6,12,46
31330,2024,4623,Haywood Highsmith,NA,PF,27,4,NBA,MIA,34,22,720,74,170,0.435,39,100,0.39,35,70,0.5,0.55,19,24,0.792,28,71,99,41,32,18,23,67,206
31331,2024,4939,Herbert Jones,NA,SF,25,3,NBA,NOP,44,44,1253,171,346,0.494,61,154,0.396,110,192,0.573,0.582,77,90,0.856,49,108,157,109,49,41,52,125,480
31332,2024,5142,Hunter Tyson,NA,PF,23,1,NBA,DEN,9,0,27,1,7,0.143,0,6,0,1,1,1,0.143,0,0,NA,0,6,6,1,0,0,2,6,2
31333,2024,5143,Ibou Badji,NA,C,21,1,NBA,POR,12,1,163,9,15,0.6,0,0,NA,9,15,0.6,0.6,3,6,0.5,18,26,44,8,2,17,9,32,21
31334,2024,4837,Immanuel Quickley,NA,SG-PG,24,4,NBA,TOT,42,12,1102,219,498,0.44,96,234,0.41,123,264,0.466,0.536,116,134,0.866,9,123,132,147,25,5,48,68,650
31335,2024,4837,Immanuel Quickley,NA,SG,24,4,NBA,NYK,30,0,720,152,335,0.454,64,162,0.395,88,173,0.509,0.549,82,94,0.872,5,72,77,74,16,3,31,44,450
31336,2024,4837,Immanuel Quickley,NA,PG,24,4,NBA,TOR,12,12,382,67,163,0.411,32,72,0.444,35,91,0.385,0.509,34,40,0.85,4,51,55,73,9,2,17,24,200
31337,2024,4838,Isaac Okoro,NA,SF,23,4,NBA,CLE,36,24,954,117,236,0.496,33,88,0.375,84,148,0.568,0.566,56,82,0.683,46,69,115,69,33,14,29,77,323
31338,2024,4627,Isaiah Hartenstein,NA,C,25,6,NBA,NYK,46,20,1161,124,201,0.617,1,3,0.333,123,198,0.621,0.619,63,90,0.7,151,236,387,88,55,49,53,133,312
31339,2024,4940,Isaiah Jackson,NA,C,22,3,NBA,IND,36,1,483,99,149,0.664,0,3,0,99,146,0.678,0.664,46,66,0.697,55,92,147,31,22,44,25,99,244
31340,2024,4839,Isaiah Joe,NA,SG,24,4,NBA,OKC,47,0,883,139,301,0.462,95,224,0.424,44,77,0.571,0.62,32,38,0.842,19,93,112,52,29,13,28,55,405
31341,2024,4941,Isaiah Livers,NA,PF,25,3,NBA,DET,23,6,469,40,116,0.345,22,77,0.286,18,39,0.462,0.44,12,18,0.667,15,33,48,25,13,5,16,43,114
31342,2024,5047,Isaiah Mobley,NA,PF,24,2,NBA,CLE,3,0,14,2,4,0.5,1,2,0.5,1,2,0.5,0.625,0,0,NA,0,2,2,4,1,0,1,2,5
31343,2024,4840,Isaiah Stewart,NA,PF,22,4,NBA,DET,35,34,1070,142,302,0.47,49,131,0.374,93,171,0.544,0.551,53,71,0.746,63,175,238,61,13,27,54,86,386
31344,2024,3946,Ish Smith,NA,PG,35,14,NBA,CHO,39,3,649,60,137,0.438,3,7,0.429,57,130,0.438,0.449,3,4,0.75,11,57,68,128,13,4,42,42,126
31345,2024,4943,Ish Wainright,NA,SF,29,3,NBA,POR,7,0,46,6,18,0.333,6,16,0.375,0,2,0,0.5,2,2,1,0,9,9,0,2,1,1,4,20
31346,2024,4410,Ivica Zubac,NA,C,26,8,NBA,LAC,38,38,1030,201,307,0.655,0,0,NA,201,307,0.655,0.655,68,105,0.648,124,246,370,48,8,52,43,110,470
31347,2024,5062,JD Davison,NA,SG,21,2,NBA,BOS,2,0,6,0,1,0,0,1,0,0,0,NA,0,2,2,1,1,1,2,0,0,0,0,0,2
31348,2024,4972,JT Thor,NA,PF,21,3,NBA,CHO,38,1,532,48,134,0.358,19,59,0.322,29,75,0.387,0.429,7,13,0.538,38,62,100,15,8,17,11,39,122
31349,2024,4723,Ja Morant,NA,PG,24,5,NBA,MEM,9,9,318,80,170,0.471,14,51,0.275,66,119,0.555,0.512,52,64,0.813,6,44,50,73,7,5,27,19,226
31350,2024,3824,JaVale McGee,NA,C,36,16,NBA,SAC,36,0,295,72,111,0.649,0,3,0,72,108,0.667,0.649,25,41,0.61,36,72,108,14,9,19,31,41,169
31351,2024,5048,Jabari Smith Jr.,NA,PF,20,2,NBA,HOU,42,42,1325,209,443,0.472,70,187,0.374,139,256,0.543,0.551,76,94,0.809,80,278,358,62,27,32,50,119,564
31352,2024,5049,Jabari Walker,NA,SF,21,2,NBA,POR,44,10,943,133,279,0.477,26,87,0.299,107,192,0.557,0.523,79,105,0.752,82,196,278,38,29,18,42,100,371
31353,2024,5051,Jacob Gilyard,NA,PG,25,2,NBA,MEM,30,10,482,39,99,0.394,33,81,0.407,6,18,0.333,0.561,1,1,1,7,24,31,97,19,3,18,27,112
31354,2024,5144,Jacob Toppin,NA,SF,23,1,NBA,NYK,3,0,4,0,0,NA,0,0,NA,0,0,NA,NA,0,0,NA,0,0,0,1,0,1,0,0,0
31355,2024,5052,Jaden Hardy,NA,SG,21,2,NBA,DAL,43,6,693,127,325,0.391,59,166,0.355,68,159,0.428,0.482,33,47,0.702,14,76,90,78,15,3,35,53,346
31356,2024,5053,Jaden Ivey,NA,SG,21,2,NBA,DET,43,27,1149,216,478,0.452,58,174,0.333,158,304,0.52,0.513,124,172,0.721,57,105,162,158,32,27,99,120,614
31357,2024,4841,Jaden McDaniels,NA,SF,23,4,NBA,MIN,38,37,1093,171,331,0.517,47,127,0.37,124,204,0.608,0.588,27,35,0.771,27,74,101,51,35,18,43,119,416
31358,2024,4944,Jaden Springer,NA,SG,21,3,NBA,PHI,28,0,288,35,91,0.385,7,29,0.241,28,62,0.452,0.423,21,27,0.778,19,24,43,25,18,10,23,42,98
31359,2024,4091,Jae Crowder,NA,PF,33,12,NBA,MIL,17,3,385,40,89,0.449,27,65,0.415,13,24,0.542,0.601,9,16,0.563,8,47,55,21,10,4,8,27,116
31360,2024,4842,Jae'Sean Tate,NA,SF,28,4,NBA,HOU,44,9,799,82,172,0.477,19,65,0.292,63,107,0.589,0.532,20,28,0.714,43,104,147,48,29,9,20,106,203
31361,2024,5145,Jaime Jaquez Jr.,NA,SF,22,1,NBA,MIA,42,15,1253,216,431,0.501,42,123,0.341,174,308,0.565,0.55,89,106,0.84,49,111,160,111,45,11,71,103,563
31362,2024,5054,Jake LaRavia,NA,PF,22,2,NBA,MEM,11,0,122,16,43,0.372,5,24,0.208,11,19,0.579,0.43,3,4,0.75,7,9,16,6,1,1,4,19,40
31363,2024,4412,Jakob Poeltl,NA,C,28,8,NBA,TOR,36,36,954,170,248,0.685,0,0,NA,170,248,0.685,0.685,42,79,0.532,99,200,299,89,24,50,57,106,382
31364,2024,4630,Jalen Brunson,NA,PG,27,6,NBA,NYK,46,46,1641,435,906,0.48,128,303,0.422,307,603,0.509,0.551,234,280,0.836,26,151,177,300,42,10,106,94,1232
31365,2024,5055,Jalen Duren,NA,C,20,2,NBA,DET,32,31,957,199,311,0.64,0,2,0,199,309,0.644,0.64,49,70,0.7,107,270,377,81,12,27,63,102,447
31366,2024,4946,Jalen Green,NA,SG,21,3,NBA,HOU,47,47,1450,294,710,0.414,102,314,0.325,192,396,0.485,0.486,177,217,0.816,20,208,228,153,33,15,101,63,867
31367,2024,5146,Jalen Hood-Schifino,NA,SG,20,1,NBA,LAL,14,0,90,8,35,0.229,1,11,0.091,7,24,0.292,0.243,9,14,0.643,2,8,10,8,3,2,8,11,26
31368,2024,4947,Jalen Johnson,NA,SF,22,3,NBA,ATL,33,30,1088,204,376,0.543,39,105,0.371,165,271,0.609,0.594,67,89,0.753,40,233,273,104,45,26,63,88,514
31369,2024,4725,Jalen McDaniels,NA,SF,26,5,NBA,TOR,29,0,260,33,96,0.344,10,48,0.208,23,48,0.479,0.396,14,20,0.7,8,28,36,16,11,3,9,26,90
31370,2024,5147,Jalen Pickett,NA,SG,24,1,NBA,DEN,16,0,97,12,28,0.429,7,20,0.35,5,8,0.625,0.554,2,2,1,1,10,11,12,3,0,6,8,33
31371,2024,5148,Jalen Slawson,NA,SF,24,1,NBA,SAC,5,0,19,2,3,0.667,0,1,0,2,2,1,0.667,0,0,NA,0,4,4,2,0,1,2,3,4
31372,2024,4845,Jalen Smith,NA,C,23,4,NBA,IND,34,13,615,137,221,0.62,38,81,0.469,99,140,0.707,0.706,44,62,0.71,55,135,190,37,8,20,29,82,356
31373,2024,4948,Jalen Suggs,NA,SG,22,3,NBA,ORL,44,44,1164,194,432,0.449,87,227,0.383,107,205,0.522,0.55,68,88,0.773,30,111,141,106,62,27,84,126,543
31374,2024,5056,Jalen Williams,NA,PF,22,2,NBA,OKC,44,44,1405,321,596,0.539,63,140,0.45,258,456,0.566,0.591,116,144,0.806,23,154,177,197,47,22,76,118,821
31375,2024,5149,Jalen Wilson,NA,PF,23,1,NBA,BRK,11,0,104,16,32,0.5,2,8,0.25,14,24,0.583,0.531,15,15,1,15,9,24,9,3,1,3,9,49
31376,2024,5057,Jamal Cain,NA,PF,24,2,NBA,MIA,14,1,209,29,66,0.439,8,25,0.32,21,41,0.512,0.5,14,19,0.737,12,17,29,3,9,4,4,16,80
31377,2024,4413,Jamal Murray,NA,PG,26,7,NBA,DEN,35,35,1112,278,581,0.478,82,198,0.414,196,383,0.512,0.549,104,121,0.86,21,112,133,224,28,23,67,70,742
31378,2024,5058,Jamaree Bouyea,NA,PG,24,2,NBA,POR,6,0,57,5,21,0.238,0,8,0,5,13,0.385,0.238,0,0,NA,2,8,10,8,0,0,8,3,10
31379,2024,4949,James Bouknight,NA,SG,23,3,NBA,CHO,12,0,73,16,37,0.432,12,27,0.444,4,10,0.4,0.595,1,2,0.5,1,8,9,6,0,1,1,3,45
31380,2024,3880,James Harden,NA,PG,34,15,NBA,LAC,41,41,1400,210,465,0.452,111,269,0.413,99,196,0.505,0.571,176,201,0.876,14,187,201,350,50,38,105,87,707
31381,2024,3881,James Johnson,NA,PF,36,15,NBA,IND,5,0,24,2,5,0.4,0,1,0,2,4,0.5,0.4,0,0,NA,1,3,4,5,4,0,2,4,4
31382,2024,4846,James Wiseman,NA,C,22,3,NBA,DET,29,0,424,77,114,0.675,0,2,0,77,112,0.688,0.675,21,34,0.618,41,79,120,18,4,20,25,57,175
31383,2024,5150,Jarace Walker,NA,PF,20,1,NBA,IND,15,0,165,28,64,0.438,12,30,0.4,16,34,0.471,0.531,6,7,0.857,8,20,28,20,9,5,8,15,74
31384,2024,4952,Jared Butler,NA,SG,23,3,NBA,WAS,17,0,128,28,50,0.56,10,24,0.417,18,26,0.692,0.66,12,15,0.8,0,11,11,31,8,2,10,14,78
31385,2024,5059,Jared Rhoden,NA,SG,24,2,NBA,DET,5,0,30,5,9,0.556,1,4,0.25,4,5,0.8,0.611,2,2,1,1,3,4,3,0,0,2,4,13
31386,2024,4632,Jaren Jackson Jr.,NA,C,24,6,NBA,MEM,45,45,1428,337,755,0.446,76,241,0.315,261,514,0.508,0.497,236,283,0.834,57,196,253,89,46,70,97,159,986
31387,2024,4634,Jarred Vanderbilt,NA,PF,24,6,NBA,LAL,28,5,565,56,107,0.523,6,24,0.25,50,83,0.602,0.551,22,34,0.647,38,93,131,34,33,5,25,43,140
31388,2024,4515,Jarrett Allen,NA,C,25,7,NBA,CLE,40,40,1222,250,384,0.651,0,1,0,250,383,0.653,0.651,110,146,0.753,146,277,423,116,36,44,73,96,610
31389,2024,5151,Javon Freeman-Liberty,NA,PG,24,1,NBA,TOR,2,0,4,1,3,0.333,0,0,NA,1,3,0.333,0.333,0,0,NA,1,0,1,0,0,0,0,0,2
31390,2024,4955,Javonte Smart,NA,PG,24,2,NBA,PHI,1,0,1,0,0,NA,0,0,NA,0,0,NA,NA,0,0,NA,0,0,0,0,0,0,0,0,0
31391,2024,4730,Jaxson Hayes,NA,C,23,5,NBA,LAL,38,2,379,50,73,0.685,0,5,0,50,68,0.735,0.685,16,29,0.552,18,50,68,13,12,14,21,69,116
31392,2024,4956,Jay Huff,NA,C,25,3,NBA,DEN,6,0,17,3,6,0.5,1,4,0.25,2,2,1,0.583,0,0,NA,0,1,1,1,0,0,1,5,7
31393,2024,4415,Jaylen Brown,NA,SF,27,8,NBA,BOS,45,45,1500,391,792,0.494,93,264,0.352,298,528,0.564,0.552,144,198,0.727,47,195,242,165,50,28,106,115,1019
31394,2024,4732,Jaylen Nowell,NA,SG,24,5,NBA,MEM,9,1,156,22,55,0.4,4,23,0.174,18,32,0.563,0.436,3,3,1,3,11,14,16,3,0,5,13,51
31395,2024,5061,Jaylin Williams,NA,C,21,2,NBA,OKC,40,0,482,51,127,0.402,28,80,0.35,23,47,0.489,0.512,14,17,0.824,19,104,123,52,17,14,17,59,144
31396,2024,4518,Jayson Tatum,NA,PF,25,7,NBA,BOS,45,45,1613,409,864,0.473,134,369,0.363,275,495,0.556,0.551,260,320,0.813,40,340,380,201,46,25,117,92,1212
31397,2024,5063,Jeenathan Williams,NA,SG,24,2,NBA,HOU,7,0,55,10,23,0.435,1,3,0.333,9,20,0.45,0.457,4,5,0.8,5,1,6,3,2,0,1,5,25
31398,2024,3761,Jeff Green,NA,PF,37,16,NBA,HOU,45,4,748,90,181,0.497,16,57,0.281,74,124,0.597,0.541,78,94,0.83,27,65,92,32,7,21,29,65,274
31399,2024,4257,Jerami Grant,NA,PF,29,10,NBA,POR,43,43,1443,313,679,0.461,89,221,0.403,224,458,0.489,0.527,199,246,0.809,29,129,158,111,31,32,84,94,914
31400,2024,4959,Jeremiah Robinson-Earl,NA,PF,23,3,NBA,NOP,19,1,205,30,57,0.526,8,21,0.381,22,36,0.611,0.596,10,11,0.909,14,34,48,9,7,3,9,14,78
31401,2024,5064,Jeremy Sochan,NA,PF,20,2,NBA,SAS,48,47,1416,217,489,0.444,50,134,0.373,167,355,0.47,0.495,76,96,0.792,84,201,285,182,34,22,94,115,560
31402,2024,4960,Jericho Sims,NA,C,25,3,NBA,NYK,24,7,214,18,25,0.72,0,0,NA,18,25,0.72,0.72,4,7,0.571,15,34,49,7,2,7,6,20,40
31403,2024,5152,Jermaine Samuels,NA,SF,25,1,NBA,HOU,9,0,45,5,8,0.625,0,2,0,5,6,0.833,0.625,2,2,1,2,8,10,2,1,1,0,3,12
31404,2024,4637,Jerome Robinson,NA,SG,26,4,NBA,GSW,7,0,26,0,9,0,0,5,0,0,4,0,0,4,6,0.667,1,2,3,2,0,1,0,1,4
31405,2024,5153,Jett Howard,NA,SF,20,1,NBA,ORL,11,0,42,7,19,0.368,4,14,0.286,3,5,0.6,0.474,2,4,0.5,1,4,5,3,0,1,2,1,20
31406,2024,4638,Jevon Carter,NA,PG,28,6,NBA,CHI,47,0,647,91,250,0.364,55,162,0.34,36,88,0.409,0.474,3,5,0.6,5,31,36,57,22,12,25,49,240
31407,2024,4023,Jimmy Butler,NA,PF,34,13,NBA,MIA,33,33,1114,222,446,0.498,31,71,0.437,191,375,0.509,0.533,232,264,0.879,67,103,170,145,40,10,55,39,707
31408,2024,4961,Jock Landale,NA,C,28,3,NBA,HOU,27,0,249,24,62,0.387,2,17,0.118,22,45,0.489,0.403,11,15,0.733,34,22,56,16,7,10,10,26,61
31409,2024,4260,Joe Harris,NA,SG,32,10,NBA,DET,15,0,158,13,36,0.361,10,29,0.345,3,7,0.429,0.5,1,2,0.5,3,10,13,10,3,2,4,18,37
31410,2024,4261,Joe Ingles,NA,SF,36,10,NBA,ORL,34,0,613,55,139,0.396,35,91,0.385,20,48,0.417,0.522,17,20,0.85,15,73,88,107,24,3,35,55,162
31411,2024,4417,Joel Embiid,NA,C,29,8,NBA,PHI,34,34,1157,402,754,0.533,41,112,0.366,361,642,0.562,0.56,356,403,0.883,89,295,384,193,39,60,126,98,1201
31412,2024,4519,John Collins,NA,PF,26,7,NBA,UTA,45,43,1243,248,483,0.513,55,159,0.346,193,324,0.596,0.57,82,105,0.781,96,260,356,46,25,37,62,125,633
31413,2024,4734,John Konchar,NA,SF,27,5,NBA,MEM,37,8,669,51,124,0.411,22,73,0.301,29,51,0.569,0.5,9,12,0.75,41,107,148,61,27,34,22,42,133
31414,2024,5066,Johnny Davis,2002,SG,21,2,NBA,WAS,21,0,163,22,51,0.431,1,4,0.25,21,47,0.447,0.441,4,7,0.571,9,12,21,6,7,2,5,13,49
31415,2024,5067,Johnny Juzang,NA,SG,22,2,NBA,UTA,1,0,4,0,2,0,0,2,0,0,0,NA,0,0,0,NA,0,0,0,1,0,0,0,0,0
31416,2024,4100,Jonas Valančiūnas,NA,C,31,12,NBA,NOP,48,48,1261,265,466,0.569,30,87,0.345,235,379,0.62,0.601,117,148,0.791,125,339,464,112,23,52,68,147,677
31417,2024,4522,Jonathan Isaac,NA,PF,26,5,NBA,ORL,30,1,423,68,144,0.472,16,57,0.281,52,87,0.598,0.528,37,48,0.771,33,81,114,12,21,35,14,35,189
31418,2024,4965,Jonathan Kuminga,NA,PF,21,3,NBA,GSW,43,17,1043,240,451,0.532,36,111,0.324,204,340,0.6,0.572,119,167,0.713,52,143,195,68,29,16,64,95,635
31419,2024,4848,Jontay Porter,NA,PF,24,2,NBA,TOR,14,5,200,22,61,0.361,11,33,0.333,11,28,0.393,0.451,11,12,0.917,15,34,49,29,11,11,9,25,66
31420,2024,4265,Jordan Clarkson,NA,SG,31,10,NBA,UTA,39,19,1170,249,591,0.421,65,216,0.301,184,375,0.491,0.476,126,142,0.887,38,97,135,187,23,5,111,53,689
31421,2024,5154,Jordan Ford,NA,PG,25,1,NBA,SAC,6,0,22,4,7,0.571,2,3,0.667,2,4,0.5,0.714,2,2,1,0,2,2,2,0,0,1,0,12
31422,2024,4966,Jordan Goodwin,NA,PG,25,3,NBA,PHO,38,0,549,73,190,0.384,23,80,0.288,50,110,0.455,0.445,23,27,0.852,40,77,117,77,21,8,29,42,192
31423,2024,5155,Jordan Hawkins,NA,SG,21,1,NBA,NOP,43,10,932,146,362,0.403,92,237,0.388,54,125,0.432,0.53,61,72,0.847,25,100,125,60,15,4,35,60,445
31424,2024,4736,Jordan McLaughlin,NA,PG,27,5,NBA,MIN,27,0,249,26,64,0.406,13,35,0.371,13,29,0.448,0.508,3,6,0.5,9,19,28,49,20,5,10,13,68
31425,2024,5156,Jordan Miller,NA,SF,24,1,NBA,LAC,4,0,16,3,5,0.6,1,1,1,2,4,0.5,0.7,0,0,NA,2,1,3,0,0,0,1,2,7
31426,2024,4849,Jordan Nwora,NA,SF,25,4,NBA,TOT,22,0,245,50,109,0.459,19,52,0.365,31,57,0.544,0.546,19,22,0.864,12,33,45,25,7,2,15,26,138
31427,2024,4849,Jordan Nwora,NA,SF,25,4,NBA,IND,18,0,183,37,82,0.451,11,36,0.306,26,46,0.565,0.518,9,11,0.818,8,25,33,18,6,1,12,19,94
31428,2024,4849,Jordan Nwora,NA,SF,25,4,NBA,TOR,4,0,62,13,27,0.481,8,16,0.5,5,11,0.455,0.63,10,11,0.909,4,8,12,7,1,1,3,7,44
31429,2024,4737,Jordan Poole,NA,SG,24,5,NBA,WAS,45,45,1315,266,643,0.414,88,282,0.312,178,361,0.493,0.482,121,139,0.871,17,82,99,152,46,16,99,137,741
31430,2024,5157,Jordan Walsh,NA,SF,19,1,NBA,BOS,2,0,6,0,1,0,0,1,0,0,0,NA,0,0,0,NA,0,5,5,1,0,0,0,0,0
31431,2024,4968,Jose Alvarado,NA,PG,25,3,NBA,NOP,30,0,480,71,172,0.413,39,100,0.39,32,72,0.444,0.526,23,35,0.657,12,50,62,53,29,10,22,45,204
31432,2024,4970,Josh Giddey,NA,SG,21,3,NBA,OKC,47,47,1165,221,491,0.45,43,130,0.331,178,361,0.493,0.494,56,69,0.812,68,228,296,215,32,22,97,57,541
31433,2024,4850,Josh Green,NA,SG,23,4,NBA,DAL,35,18,940,110,234,0.47,46,117,0.393,64,117,0.547,0.568,20,36,0.556,21,85,106,88,24,5,39,73,286
31434,2024,4525,Josh Hart,NA,SF,28,7,NBA,NYK,47,8,1349,136,309,0.44,40,130,0.308,96,179,0.536,0.505,35,42,0.833,58,257,315,139,36,13,57,85,347
31435,2024,5069,Josh Minott,NA,SF,21,2,NBA,MIN,15,0,46,8,18,0.444,0,5,0,8,13,0.615,0.444,10,12,0.833,1,2,3,3,1,3,1,6,26
31436,2024,4644,Josh Okogie,NA,SG,25,6,NBA,PHO,42,11,766,67,164,0.409,20,76,0.263,47,88,0.534,0.47,64,89,0.719,54,71,125,52,39,19,23,61,218
31437,2024,4336,Josh Richardson,NA,SG,30,9,NBA,MIA,38,5,984,137,310,0.442,59,167,0.353,78,143,0.545,0.537,47,50,0.94,16,89,105,96,22,14,35,66,380
31438,2024,4971,Joshua Primo,NA,SG,21,3,NBA,LAC,1,0,5,1,2,0.5,0,1,0,1,1,1,0.5,0,0,NA,0,0,0,0,0,1,3,0,2
31439,2024,3891,Jrue Holiday,NA,PG,33,15,NBA,BOS,44,44,1480,222,477,0.465,92,215,0.428,130,262,0.496,0.562,53,64,0.828,60,204,264,200,35,34,82,69,589
31440,2024,4739,Juan Toscano-Anderson,NA,SF,30,5,NBA,SAC,11,0,53,3,12,0.25,1,4,0.25,2,8,0.25,0.292,0,0,NA,4,10,14,4,1,1,2,11,7
31441,2024,5158,Jules Bernard,NA,SG,24,1,NBA,WAS,5,0,21,2,10,0.2,0,7,0,2,3,0.667,0.2,0,0,NA,2,2,4,2,0,0,1,4,4
31442,2024,5070,Julian Champagnie,NA,SF,22,2,NBA,SAS,41,26,654,77,191,0.403,55,140,0.393,22,51,0.431,0.547,32,38,0.842,16,74,90,41,25,21,29,43,241
31443,2024,5159,Julian Phillips,NA,SF,20,1,NBA,CHI,25,0,154,16,37,0.432,4,19,0.211,12,18,0.667,0.486,6,11,0.545,5,10,15,8,1,4,5,21,42
31444,2024,5160,Julian Strawther,NA,SF,21,1,NBA,DEN,33,0,458,71,185,0.384,37,115,0.322,34,70,0.486,0.484,16,23,0.696,4,45,49,36,16,6,15,47,195
31445,2024,4266,Julius Randle,NA,PF,29,10,NBA,NYK,46,46,1630,395,836,0.472,76,244,0.311,319,592,0.539,0.518,236,302,0.781,99,324,423,229,25,12,159,125,1102
31446,2024,4102,Justin Holiday,NA,SG,34,11,NBA,DEN,27,6,349,37,74,0.5,22,51,0.431,15,23,0.652,0.649,0,0,NA,4,27,31,25,16,2,6,33,96
31447,2024,5071,Justin Minaya,NA,SF,24,2,NBA,POR,12,0,115,6,20,0.3,3,13,0.231,3,7,0.429,0.375,3,6,0.5,5,8,13,5,4,5,3,9,18
31448,2024,4267,Jusuf Nurkić,NA,C,29,10,NBA,PHO,45,45,1234,203,402,0.505,21,79,0.266,182,323,0.563,0.531,105,148,0.709,118,344,462,162,45,46,95,151,532
31449,2024,4854,KJ Martin,NA,SF,23,4,NBA,TOT,32,0,288,33,66,0.5,1,11,0.091,32,55,0.582,0.508,11,23,0.478,7,25,32,17,13,2,14,44,78
31450,2024,4854,KJ Martin,NA,SF,23,4,NBA,LAC,2,0,31,4,10,0.4,1,5,0.2,3,5,0.6,0.45,1,2,0.5,1,2,3,1,2,1,2,3,10
31451,2024,4854,KJ Martin,NA,SF,23,4,NBA,PHI,30,0,257,29,56,0.518,0,6,0,29,50,0.58,0.518,10,21,0.476,6,23,29,16,11,1,12,41,68
31452,2024,5161,Kaiser Gates,NA,SF,27,1,NBA,NOP,1,0,7,0,4,0,0,2,0,0,2,0,0,0,0,NA,0,1,1,0,0,0,0,0,0
31453,2024,4339,Karl-Anthony Towns,NA,PF,28,9,NBA,MIN,47,47,1561,384,735,0.522,104,235,0.443,280,500,0.56,0.593,197,226,0.872,68,343,411,146,34,26,135,156,1069
31454,2024,4032,Kawhi Leonard,NA,SF,32,12,NBA,LAC,42,42,1445,380,722,0.526,93,212,0.439,287,510,0.563,0.591,152,172,0.884,49,216,265,156,72,37,65,63,1005
31455,2024,5072,Keegan Murray,NA,SF,23,2,NBA,SAC,42,42,1387,257,548,0.469,103,277,0.372,154,271,0.568,0.563,61,77,0.792,57,174,231,68,49,27,37,111,678
31456,2024,4646,Keita Bates-Diop,NA,SF,28,6,NBA,PHO,37,8,579,61,144,0.424,18,60,0.3,43,84,0.512,0.486,26,36,0.722,29,67,96,33,21,18,11,33,166
31457,2024,4745,Keldon Johnson,NA,SF,24,5,NBA,SAS,45,26,1377,272,602,0.452,79,234,0.338,193,368,0.524,0.517,127,163,0.779,65,201,266,147,40,14,74,107,750
31458,2024,4177,Kelly Olynyk,NA,C,32,11,NBA,UTA,47,8,963,136,243,0.56,34,80,0.425,102,163,0.626,0.63,68,82,0.829,59,181,240,203,37,12,81,126,374
31459,2024,4341,Kelly Oubre Jr.,NA,SF,28,9,NBA,PHI,34,23,944,171,360,0.475,50,149,0.336,121,211,0.573,0.544,59,82,0.72,35,110,145,36,39,17,31,94,451
31460,2024,5073,Kendall Brown,NA,SG,20,2,NBA,IND,4,0,18,2,5,0.4,0,1,0,2,4,0.5,0.4,4,6,0.667,2,0,2,1,0,0,0,4,8
31461,2024,5075,Kenneth Lofton Jr.,NA,PF,21,2,NBA,TOT,16,0,103,14,39,0.359,3,10,0.3,11,29,0.379,0.397,8,15,0.533,2,15,17,14,3,3,8,15,39
31462,2024,5075,Kenneth Lofton Jr.,NA,PF,21,2,NBA,MEM,15,0,99,14,37,0.378,3,10,0.3,11,27,0.407,0.419,8,15,0.533,2,13,15,14,3,3,6,15,39
31463,2024,5075,Kenneth Lofton Jr.,NA,PF,21,2,NBA,PHI,1,0,4,0,2,0,0,0,NA,0,2,0,0,0,0,NA,0,2,2,0,0,0,2,0,0
31464,2024,4647,Kenrich Williams,NA,PF,29,6,NBA,OKC,37,1,559,68,145,0.469,29,75,0.387,39,70,0.557,0.569,3,10,0.3,29,79,108,47,23,5,15,52,168
31465,2024,4178,Kentavious Caldwell-Pope,NA,SG,30,11,NBA,DEN,47,47,1522,167,373,0.448,69,182,0.379,98,191,0.513,0.54,71,78,0.91,21,90,111,112,65,22,48,93,474
31466,2024,5076,Keon Ellis,NA,SG,24,2,NBA,SAC,28,3,342,36,83,0.434,26,68,0.382,10,15,0.667,0.59,11,17,0.647,9,28,37,35,14,12,15,39,109
31467,2024,4976,Keon Johnson,NA,SG,21,3,NBA,BRK,1,0,21,3,8,0.375,2,4,0.5,1,4,0.25,0.5,4,4,1,0,1,1,1,1,1,1,1,12
31468,2024,4977,Kessler Edwards,NA,SF,23,3,NBA,SAC,31,0,146,17,43,0.395,9,26,0.346,8,17,0.471,0.5,3,4,0.75,5,17,22,8,2,3,1,11,46
31469,2024,3770,Kevin Durant,NA,PF,35,16,NBA,PHO,41,41,1529,416,780,0.533,92,205,0.449,324,575,0.563,0.592,240,274,0.876,21,240,261,236,34,52,128,76,1164
31470,2024,4648,Kevin Huerter,NA,SG,25,6,NBA,SAC,44,39,1094,180,402,0.448,90,247,0.364,90,155,0.581,0.56,28,36,0.778,23,143,166,118,31,17,28,99,478
31471,2024,4649,Kevin Knox,NA,SF,24,6,NBA,DET,29,9,529,86,181,0.475,31,90,0.344,55,91,0.604,0.561,20,22,0.909,18,55,73,20,12,7,20,46,223
31472,2024,3830,Kevin Love,NA,PF,35,16,NBA,MIA,37,5,664,105,243,0.432,56,167,0.335,49,76,0.645,0.547,71,90,0.789,40,187,227,86,13,6,28,65,337
31473,2024,5077,Kevon Harris,NA,SG,26,2,NBA,ORL,1,0,3,0,0,NA,0,0,NA,0,0,NA,NA,0,0,NA,0,1,1,0,0,0,1,1,0
31474,2024,4342,Kevon Looney,NA,C,27,9,NBA,GSW,44,36,858,97,159,0.61,0,1,0,97,158,0.614,0.61,38,54,0.704,107,191,298,101,22,15,33,105,232
31475,2024,5162,Keyontae Johnson,NA,SF,23,1,NBA,OKC,6,0,48,4,11,0.364,1,2,0.5,3,9,0.333,0.409,0,0,NA,3,3,6,4,0,0,3,3,9
31476,2024,5163,Keyonte George,NA,PG,20,1,NBA,UTA,43,16,1040,146,391,0.373,71,219,0.324,75,172,0.436,0.464,112,136,0.824,13,105,118,182,18,3,86,45,475
31477,2024,4107,Khris Middleton,NA,SF,32,12,NBA,MIL,41,41,1083,235,479,0.491,71,188,0.378,164,291,0.564,0.565,76,91,0.835,25,153,178,207,36,13,86,98,617
31478,2024,4855,Killian Hayes,NA,PG,22,4,NBA,DET,41,30,979,114,276,0.413,20,70,0.286,94,206,0.456,0.449,33,50,0.66,11,104,115,196,36,20,50,73,281
31479,2024,4857,Kira Lewis Jr.,NA,PG,22,4,NBA,TOT,16,0,146,16,52,0.308,2,20,0.1,14,32,0.438,0.327,10,11,0.909,4,10,14,18,5,1,8,9,44
31480,2024,4857,Kira Lewis Jr.,NA,PG,22,4,NBA,NOP,15,0,144,16,52,0.308,2,20,0.1,14,32,0.438,0.327,10,11,0.909,4,10,14,18,5,1,8,8,44
31481,2024,4857,Kira Lewis Jr.,NA,PG,22,4,NBA,TOR,1,0,2,0,0,NA,0,0,NA,0,0,NA,NA,0,0,NA,0,0,0,0,0,0,0,1,0
31482,2024,4036,Klay Thompson,NA,SF,33,11,NBA,GSW,42,42,1296,257,610,0.421,143,371,0.385,114,239,0.477,0.539,81,89,0.91,23,121,144,100,22,22,70,85,738
31483,2024,5164,Kobe Brown,NA,PF,24,1,NBA,LAC,29,0,268,22,59,0.373,11,38,0.289,11,21,0.524,0.466,1,2,0.5,9,32,41,17,6,3,5,40,56
31484,2024,5165,Kobe Bufkin,NA,SG,20,1,NBA,ATL,3,0,6,1,4,0.25,1,2,0.5,0,2,0,0.375,1,2,0.5,1,2,3,1,0,0,0,0,4
31485,2024,4421,Kris Dunn,NA,PG,29,8,NBA,UTA,41,23,717,90,183,0.492,24,57,0.421,66,126,0.524,0.557,12,18,0.667,29,89,118,174,37,17,53,76,216
31486,2024,5166,Kris Murray,NA,SF,23,1,NBA,POR,28,0,347,36,97,0.371,15,51,0.294,21,46,0.457,0.448,8,12,0.667,18,33,51,16,21,5,13,23,95
31487,2024,4343,Kristaps Porziņģis,NA,C,28,8,NBA,BOS,34,34,1012,219,420,0.521,62,173,0.358,157,247,0.636,0.595,161,192,0.839,57,177,234,67,22,61,56,100,661
31488,2024,4271,Kyle Anderson,NA,PF,30,10,NBA,MIN,48,2,1064,115,249,0.462,5,29,0.172,110,220,0.5,0.472,62,92,0.674,35,133,168,189,38,27,62,73,297
31489,2024,4534,Kyle Kuzma,NA,PF,28,7,NBA,WAS,47,47,1475,405,886,0.457,105,317,0.331,300,569,0.527,0.516,119,149,0.799,48,259,307,203,20,31,126,94,1034
31490,2024,3685,Kyle Lowry,NA,PG,37,18,NBA,MIA,37,35,1037,103,242,0.426,62,161,0.385,41,81,0.506,0.554,35,42,0.833,25,104,129,147,39,15,53,94,303
31491,2024,4037,Kyrie Irving,NA,SG,31,13,NBA,DAL,27,27,900,250,530,0.472,78,190,0.411,172,340,0.506,0.545,102,114,0.895,21,116,137,143,36,12,44,50,680
31492,2024,4859,LaMelo Ball,NA,PG,22,4,NBA,CHO,22,22,711,183,423,0.433,70,197,0.355,113,226,0.5,0.515,90,104,0.865,29,84,113,176,40,4,83,79,526
31493,2024,4858,Lamar Stevens,NA,PF,26,4,NBA,BOS,18,1,115,19,41,0.463,2,7,0.286,17,34,0.5,0.488,8,11,0.727,11,18,29,8,6,5,9,13,48
31494,2024,4652,Landry Shamet,NA,SG,26,6,NBA,WAS,30,0,449,83,184,0.451,39,102,0.382,44,82,0.537,0.557,28,36,0.778,9,29,38,41,16,7,18,52,233
31495,2024,4345,Larry Nance Jr.,NA,C,31,9,NBA,NOP,31,0,551,68,120,0.567,18,39,0.462,50,81,0.617,0.642,24,30,0.8,41,118,159,41,30,13,23,38,178
31496,2024,4535,Lauri Markkanen,NA,PF,26,7,NBA,UTA,39,39,1267,307,625,0.491,124,313,0.396,183,312,0.587,0.59,178,203,0.877,94,244,338,75,35,21,48,74,916
31497,2024,3463,LeBron James,NA,PF,39,21,NBA,LAL,44,44,1527,410,788,0.52,95,239,0.397,315,549,0.574,0.581,180,248,0.726,40,288,328,339,57,25,146,52,1095
31498,2024,5167,Leaky Black,NA,SF,24,1,NBA,CHO,17,0,113,10,21,0.476,4,9,0.444,6,12,0.5,0.571,6,10,0.6,5,15,20,7,4,4,2,12,30
31499,2024,5168,Leonard Miller,NA,SF,20,1,NBA,MIN,5,0,19,6,9,0.667,1,3,0.333,5,6,0.833,0.722,0,0,NA,0,9,9,1,1,1,1,3,13
31500,2024,5078,Lester Quinones,NA,SG,23,2,NBA,GSW,10,0,69,10,25,0.4,6,15,0.4,4,10,0.4,0.52,1,2,0.5,4,8,12,5,1,1,5,8,27
31501,2024,4980,Lindell Wigginton,NA,PG,25,3,NBA,MIL,3,0,8,2,5,0.4,0,2,0,2,3,0.667,0.4,2,2,1,0,0,0,0,0,0,1,1,6
31502,2024,4981,Lindy Waters III,NA,SG,26,3,NBA,OKC,18,0,130,17,40,0.425,15,37,0.405,2,3,0.667,0.613,0,0,NA,1,14,15,10,0,3,2,12,49
31503,2024,4653,Lonnie Walker IV,NA,SG,25,6,NBA,BRK,29,0,548,127,268,0.474,64,146,0.438,63,122,0.516,0.593,32,42,0.762,7,56,63,46,22,10,33,36,350
31504,2024,4754,Luguentz Dort,NA,SF,24,5,NBA,OKC,46,46,1309,162,372,0.435,83,216,0.384,79,156,0.506,0.547,76,94,0.809,53,124,177,59,38,34,42,139,483
31505,2024,4654,Luka Dončić,NA,PG,24,6,NBA,DAL,40,40,1499,469,960,0.489,155,413,0.375,314,547,0.574,0.569,295,378,0.78,32,312,344,382,57,24,157,74,1388
31506,2024,4982,Luka Garza,NA,C,25,3,NBA,MIN,10,0,28,8,21,0.381,1,6,0.167,7,15,0.467,0.405,6,10,0.6,5,4,9,2,0,0,2,8,23
31507,2024,4755,Luka Šamanić,NA,PF,24,4,NBA,UTA,22,0,134,22,57,0.386,5,21,0.238,17,36,0.472,0.43,14,17,0.824,7,32,39,4,1,3,9,14,63
31508,2024,4538,Luke Kennard,NA,SG,27,7,NBA,MEM,21,9,517,74,171,0.433,57,132,0.432,17,39,0.436,0.599,17,19,0.895,8,59,67,66,10,1,20,21,222
31509,2024,4539,Luke Kornet,NA,C,28,7,NBA,BOS,33,2,499,74,108,0.685,0,0,NA,74,108,0.685,0.685,26,29,0.897,61,67,128,29,13,33,15,45,174
31510,2024,4860,Malachi Flynn,NA,PG,25,4,NBA,TOT,42,0,512,62,151,0.411,30,88,0.341,32,63,0.508,0.51,23,30,0.767,13,56,69,77,19,6,35,45,177
31511,2024,4860,Malachi Flynn,NA,PG,25,4,NBA,TOR,31,0,474,56,137,0.409,28,80,0.35,28,57,0.491,0.511,17,22,0.773,13,52,65,73,18,6,33,42,157
31512,2024,4860,Malachi Flynn,NA,PG,25,4,NBA,NYK,11,0,38,6,14,0.429,2,8,0.25,4,6,0.667,0.5,6,8,0.75,0,4,4,4,1,0,2,3,20
31513,2024,5079,Malaki Branham,NA,PG,20,2,NBA,SAS,43,21,895,145,334,0.434,40,131,0.305,105,203,0.517,0.494,25,27,0.926,13,74,87,97,18,5,50,53,355
31514,2024,4424,Malcolm Brogdon,NA,PG,31,8,NBA,POR,38,24,1085,213,483,0.441,82,197,0.416,131,286,0.458,0.526,94,113,0.832,25,115,140,208,27,8,60,56,602
31515,2024,5169,Malcolm Cazalon,NA,SG,22,1,NBA,DET,1,0,3,0,0,NA,0,0,NA,0,0,NA,NA,0,0,NA,0,0,0,0,0,0,0,0,0
31516,2024,4426,Malik Beasley,NA,SG,27,8,NBA,MIL,46,46,1351,186,392,0.474,126,281,0.448,60,111,0.541,0.635,13,18,0.722,29,153,182,63,33,6,32,98,511
31517,2024,4541,Malik Monk,NA,SG,25,7,NBA,SAC,45,0,1140,217,503,0.431,103,273,0.377,114,230,0.496,0.534,102,125,0.816,16,99,115,240,27,28,97,86,639
31518,2024,4862,Mamadi Diakite,NA,PF,27,4,NBA,SAS,3,0,16,4,5,0.8,0,0,NA,4,5,0.8,0.8,4,6,0.667,1,2,3,2,0,1,0,1,12
31519,2024,5080,MarJon Beauchamp,NA,SF,23,2,NBA,MIL,35,1,540,67,138,0.486,25,62,0.403,42,76,0.553,0.576,12,20,0.6,20,64,84,29,11,6,24,47,171
31520,2024,4042,Marcus Morris,NA,PF,34,13,NBA,PHI,35,6,594,84,190,0.442,34,85,0.4,50,105,0.476,0.532,31,36,0.861,18,83,101,25,11,10,17,59,233
31521,2024,5170,Marcus Sasser,NA,PG,23,1,NBA,DET,42,0,647,114,242,0.471,43,106,0.406,71,136,0.522,0.56,29,32,0.906,6,58,64,113,22,8,36,54,300
31522,2024,4275,Marcus Smart,NA,PG,29,10,NBA,MEM,20,20,605,102,237,0.43,42,134,0.313,60,103,0.583,0.519,43,56,0.768,6,47,53,86,41,5,62,53,289
31523,2024,5081,Mark Williams,NA,C,22,2,NBA,CHO,19,19,508,98,151,0.649,0,0,NA,98,151,0.649,0.649,46,64,0.719,76,108,184,22,16,20,17,50,242
31524,2024,4544,Markelle Fultz,NA,PG,25,7,NBA,ORL,15,9,371,64,125,0.512,0,3,0,64,122,0.525,0.512,6,13,0.462,20,28,48,55,21,5,17,25,134
31525,2024,4043,Markieff Morris,NA,PF,34,13,NBA,DAL,16,1,150,15,47,0.319,9,28,0.321,6,19,0.316,0.415,3,4,0.75,4,24,28,11,5,1,9,11,42
31526,2024,5171,Markquis Nowell,NA,SG,24,1,NBA,TOR,1,0,4,0,1,0,0,0,NA,0,1,0,0,2,2,1,2,0,2,2,1,0,0,0,2
31527,2024,4759,Marques Bolden,NA,C,25,3,NBA,MIL,2,0,3,0,0,NA,0,0,NA,0,0,NA,NA,0,0,NA,0,2,2,0,0,0,0,1,0
31528,2024,4656,Marvin Bagley III,NA,C,24,6,NBA,TOT,34,12,670,154,258,0.597,2,9,0.222,152,249,0.61,0.601,79,105,0.752,79,106,185,38,10,17,45,64,389
31529,2024,4656,Marvin Bagley III,NA,C,24,6,NBA,DET,26,10,478,107,181,0.591,1,6,0.167,106,175,0.606,0.594,50,61,0.82,46,72,118,27,5,14,29,40,265
31530,2024,4656,Marvin Bagley III,NA,C,24,6,NBA,WAS,8,2,192,47,77,0.61,1,3,0.333,46,74,0.622,0.617,29,44,0.659,33,34,67,11,5,3,16,24,124
31531,2024,4180,Mason Plumlee,NA,C,33,11,NBA,LAC,16,7,280,37,57,0.649,0,0,NA,37,57,0.649,0.649,24,39,0.615,24,66,90,18,5,6,9,22,98
31532,2024,4760,Matisse Thybulle,NA,SF,26,5,NBA,POR,46,15,1042,91,217,0.419,63,172,0.366,28,45,0.622,0.565,13,16,0.813,20,71,91,53,71,36,26,63,258
31533,2024,4988,Matt Ryan,NA,SF,26,3,NBA,NOP,13,1,298,38,83,0.458,32,68,0.471,6,15,0.4,0.651,13,14,0.929,5,25,30,14,5,1,16,24,121
31534,2024,5172,Matthew Hurt,NA,PF,23,1,NBA,MEM,1,0,23,3,6,0.5,2,3,0.667,1,3,0.333,0.667,2,2,1,1,1,2,1,0,0,0,1,10
31535,2024,5082,Max Christie,NA,SG,20,2,NBA,LAL,39,6,658,69,166,0.416,27,81,0.333,42,85,0.494,0.497,24,30,0.8,9,94,103,39,14,11,30,49,189
31536,2024,4763,Max Strus,NA,SF,27,5,NBA,CLE,45,45,1488,203,505,0.402,112,335,0.334,91,170,0.535,0.513,49,60,0.817,34,189,223,168,42,22,73,124,567
31537,2024,4547,Maxi Kleber,NA,C,32,7,NBA,DAL,13,2,243,15,43,0.349,7,24,0.292,8,19,0.421,0.43,10,15,0.667,9,30,39,19,2,8,12,29,47
31538,2024,5173,Maxwell Lewis,NA,SF,21,1,NBA,LAL,17,0,66,3,11,0.273,1,3,0.333,2,8,0.25,0.318,0,0,NA,1,2,3,3,2,0,5,3,7
31539,2024,4990,Micah Potter,NA,PF,25,3,NBA,UTA,2,0,7,0,1,0,0,1,0,0,0,NA,0,0,0,NA,0,4,4,0,0,0,0,0,0
31540,2024,4766,Michael Porter Jr.,NA,SF,25,5,NBA,DEN,49,49,1544,300,632,0.475,132,333,0.396,168,299,0.562,0.579,47,61,0.77,63,283,346,66,23,35,51,98,779
31541,2024,4658,Mikal Bridges,NA,SF,27,6,NBA,BRK,47,47,1652,361,793,0.455,114,309,0.369,247,484,0.51,0.527,193,234,0.825,40,197,237,172,45,21,108,79,1029
31542,2024,3779,Mike Conley,NA,PG,36,17,NBA,MIN,43,43,1254,158,351,0.45,100,226,0.442,58,125,0.464,0.593,50,54,0.926,15,104,119,271,42,9,46,72,466
31543,2024,4183,Mike Muscala,NA,C,32,11,NBA,TOT,31,3,423,42,111,0.378,22,69,0.319,20,42,0.476,0.477,16,22,0.727,27,66,93,28,6,11,17,40,122
31544,2024,4183,Mike Muscala,NA,C,32,11,NBA,WAS,24,2,338,33,90,0.367,14,51,0.275,19,39,0.487,0.444,15,20,0.75,22,53,75,22,5,7,16,31,95
31545,2024,4183,Mike Muscala,NA,C,32,11,NBA,DET,7,1,85,9,21,0.429,8,18,0.444,1,3,0.333,0.619,1,2,0.5,5,13,18,6,1,4,1,9,27
31546,2024,4659,Miles Bridges,NA,SF,25,5,NBA,CHO,35,33,1302,281,608,0.462,84,234,0.359,197,374,0.527,0.531,93,108,0.861,29,233,262,109,40,21,71,67,739
31547,2024,4991,Miles McBride,NA,PG,23,3,NBA,NYK,35,2,350,61,134,0.455,38,82,0.463,23,52,0.442,0.597,11,14,0.786,4,20,24,32,15,3,11,38,171
31548,2024,4661,Mitchell Robinson,NA,C,25,6,NBA,NYK,21,21,613,58,98,0.592,0,0,NA,58,98,0.592,0.592,14,38,0.368,112,104,216,15,32,27,21,40,130
31549,2024,4662,Mo Bamba,NA,C,25,6,NBA,PHI,25,0,233,41,75,0.547,10,20,0.5,31,55,0.564,0.613,14,21,0.667,33,45,78,14,11,22,15,34,106
31550,2024,4551,Monte Morris,NA,PG,28,7,NBA,DET,4,0,49,11,24,0.458,2,7,0.286,9,17,0.529,0.5,1,2,0.5,0,7,7,7,1,1,2,1,25
31551,2024,4663,Moritz Wagner,NA,C,26,6,NBA,ORL,46,1,874,201,345,0.583,25,76,0.329,176,269,0.654,0.619,103,131,0.786,72,141,213,58,24,15,52,102,530
31552,2024,4768,Moses Brown,NA,C,24,5,NBA,POR,9,4,82,9,21,0.429,0,0,NA,9,21,0.429,0.429,0,4,0,18,28,46,2,2,3,4,11,18
31553,2024,4992,Moses Moody,NA,SG,21,3,NBA,GSW,34,4,611,107,222,0.482,38,106,0.358,69,116,0.595,0.568,45,57,0.789,38,67,105,28,23,10,24,47,297
31554,2024,5174,Mouhamed Gueye,NA,PF,21,1,NBA,ATL,2,0,4,0,1,0,0,1,0,0,0,NA,0,0,0,NA,0,0,0,0,1,0,0,1,0
31555,2024,5084,Moussa Diabaté,NA,C,22,2,NBA,LAC,10,0,58,9,18,0.5,0,0,NA,9,18,0.5,0.5,9,12,0.75,14,6,20,4,4,0,2,4,27
31556,2024,4350,Myles Turner,NA,C,27,9,NBA,IND,46,46,1261,286,550,0.52,64,190,0.337,222,360,0.617,0.578,156,197,0.792,78,244,322,59,24,86,69,145,792
31557,2024,4865,Naji Marshall,NA,SF,26,4,NBA,NOP,39,1,724,101,222,0.455,33,87,0.379,68,135,0.504,0.529,57,73,0.781,38,100,138,76,26,7,39,58,292
31558,2024,4770,Nassir Little,NA,SF,23,5,NBA,PHO,28,2,375,46,95,0.484,16,52,0.308,30,43,0.698,0.568,17,20,0.85,14,47,61,16,10,8,12,31,125
31559,2024,4867,Nate Hinton,NA,SG,24,3,NBA,HOU,8,0,34,5,11,0.455,4,5,0.8,1,6,0.167,0.636,0,0,NA,2,6,8,2,0,1,2,7,14
31560,2024,5175,Nathan Mensah,NA,C,25,1,NBA,CHO,21,0,275,10,23,0.435,0,0,NA,10,23,0.435,0.435,9,12,0.75,26,33,59,9,6,14,13,58,29
31561,2024,4771,Naz Reid,NA,C,24,5,NBA,MIN,48,0,1075,223,458,0.487,95,228,0.417,128,230,0.557,0.591,52,69,0.754,45,175,220,52,35,35,60,96,593
31562,2024,4995,Neemias Queta,NA,C,24,3,NBA,BOS,20,0,247,38,65,0.585,0,0,NA,38,65,0.585,0.585,14,19,0.737,34,49,83,10,7,13,8,40,90
31563,2024,4772,Nic Claxton,NA,C,24,5,NBA,BRK,37,37,1101,201,318,0.632,1,3,0.333,200,315,0.635,0.634,55,99,0.556,112,271,383,71,27,79,44,95,458
31564,2024,4869,Nick Richards,NA,C,26,4,NBA,CHO,37,24,930,137,199,0.688,0,0,NA,137,199,0.688,0.688,80,107,0.748,99,188,287,31,12,51,36,101,354
31565,2024,5176,Nick Smith Jr.,NA,SG,19,1,NBA,CHO,31,0,468,76,178,0.427,42,90,0.467,34,88,0.386,0.545,3,4,0.75,15,32,47,35,4,7,28,34,197
31566,2024,4773,Nickeil Alexander-Walker,NA,SG,25,5,NBA,MIN,48,16,1105,119,277,0.43,68,184,0.37,51,93,0.548,0.552,24,33,0.727,19,68,87,125,42,26,44,91,330
31567,2024,3841,Nicolas Batum,NA,PF,35,16,NBA,TOT,34,27,846,70,135,0.519,44,97,0.454,26,38,0.684,0.681,9,14,0.643,42,89,131,78,23,25,21,68,193
31568,2024,3841,Nicolas Batum,NA,PF,35,16,NBA,LAC,3,0,54,3,8,0.375,2,7,0.286,1,1,1,0.5,0,0,NA,0,7,7,5,3,4,1,5,8
31569,2024,3841,Nicolas Batum,NA,PF,35,16,NBA,PHI,31,27,792,67,127,0.528,42,90,0.467,25,37,0.676,0.693,9,14,0.643,42,82,124,73,20,21,20,63,185
31570,2024,4352,Nikola Jokić,NA,C,28,9,NBA,DEN,47,47,1584,481,822,0.585,49,137,0.358,432,685,0.631,0.615,224,275,0.815,141,428,569,423,55,43,138,121,1235
31571,2024,5085,Nikola Jović,NA,PF,20,2,NBA,MIA,19,12,317,37,92,0.402,19,45,0.422,18,47,0.383,0.505,11,20,0.55,17,65,82,36,6,7,18,37,104
31572,2024,4047,Nikola Vučević,NA,C,33,13,NBA,CHI,44,42,1489,321,679,0.473,48,178,0.27,273,501,0.545,0.508,56,65,0.862,115,349,464,154,31,36,66,110,746
31573,2024,5177,Noah Clowney,NA,PF,19,1,NBA,BRK,3,0,30,6,10,0.6,0,1,0,6,9,0.667,0.6,4,4,1,3,4,7,3,0,1,1,3,16
31574,2024,4353,Norman Powell,NA,SG,30,9,NBA,LAC,46,0,1169,217,439,0.494,95,211,0.45,122,228,0.535,0.603,90,106,0.849,7,114,121,48,25,17,41,83,619
31575,2024,4555,OG Anunoby,NA,SF,26,7,NBA,TOT,41,41,1400,238,478,0.498,86,227,0.379,152,251,0.606,0.588,65,84,0.774,39,132,171,93,53,28,62,96,627
31576,2024,4555,OG Anunoby,NA,SF,26,7,NBA,TOR,27,27,900,157,321,0.489,61,163,0.374,96,158,0.608,0.584,33,46,0.717,24,82,106,72,28,13,43,62,408
31577,2024,4555,OG Anunoby,NA,SF,26,7,NBA,NYK,14,14,500,81,157,0.516,25,64,0.391,56,93,0.602,0.596,32,38,0.842,15,50,65,21,25,15,19,34,219
31578,2024,4871,Obi Toppin,NA,PF,25,4,NBA,IND,48,28,1113,214,372,0.575,60,154,0.39,154,218,0.706,0.656,51,67,0.761,55,139,194,75,23,23,39,98,539
31579,2024,5086,Ochai Agbaji,NA,SG,23,2,NBA,UTA,49,10,976,105,244,0.43,46,140,0.329,59,104,0.567,0.525,15,20,0.75,35,89,124,45,27,29,33,64,271
31580,2024,4996,Olivier Sarr,NA,C,24,3,NBA,OKC,10,0,73,6,12,0.5,2,5,0.4,4,7,0.571,0.583,6,8,0.75,7,20,27,2,0,5,2,15,20
31581,2024,5178,Olivier-Maxence Prosper,NA,PF,21,1,NBA,DAL,25,0,239,23,65,0.354,8,32,0.25,15,33,0.455,0.415,23,34,0.676,16,40,56,19,2,2,4,17,77
31582,2024,4997,Omer Yurtseven,NA,C,25,3,NBA,UTA,26,6,265,39,80,0.488,3,15,0.2,36,65,0.554,0.506,6,11,0.545,36,68,104,13,4,10,23,35,87
31583,2024,5179,Onuralp Bitim,NA,SG,24,1,NBA,CHI,1,0,3,0,0,NA,0,0,NA,0,0,NA,NA,0,0,NA,0,0,0,0,0,0,0,0,0
31584,2024,4872,Onyeka Okongwu,NA,C,23,4,NBA,ATL,46,3,1135,166,280,0.593,15,51,0.294,151,229,0.659,0.62,78,96,0.813,114,190,304,64,21,46,40,135,425
31585,2024,5087,Orlando Robinson,NA,C,23,2,NBA,MIA,20,7,229,31,60,0.517,7,12,0.583,24,48,0.5,0.575,14,20,0.7,19,43,62,27,5,7,13,29,83
31586,2024,5180,Oscar Tshiebwe,NA,PF,24,1,NBA,IND,6,0,34,8,16,0.5,0,0,NA,8,16,0.5,0.5,5,6,0.833,6,6,12,2,2,0,0,1,21
31587,2024,4777,Oshae Brissett,NA,SF,25,5,NBA,BOS,30,0,350,41,88,0.466,10,35,0.286,31,53,0.585,0.523,27,40,0.675,33,59,92,19,12,2,10,35,119
31588,2024,4189,Otto Porter Jr.,NA,SF,30,11,NBA,TOR,15,1,174,14,33,0.424,8,23,0.348,6,10,0.6,0.545,3,3,1,6,23,29,8,5,5,2,19,39
31589,2024,5088,Ousmane Dieng,NA,PF,20,2,NBA,OKC,23,0,258,33,78,0.423,16,52,0.308,17,26,0.654,0.526,10,12,0.833,9,32,41,19,2,0,11,16,92
31590,2024,3698,P.J. Tucker,NA,PF,38,13,NBA,TOT,15,3,239,6,19,0.316,5,16,0.313,1,3,0.333,0.447,3,3,1,16,27,43,8,9,3,4,35,20
31591,2024,3698,P.J. Tucker,NA,PF,38,13,NBA,PHI,3,3,66,2,5,0.4,2,5,0.4,0,0,NA,0.6,0,0,NA,1,13,14,0,3,2,2,9,6
31592,2024,3698,P.J. Tucker,NA,PF,38,13,NBA,LAC,12,0,173,4,14,0.286,3,11,0.273,1,3,0.333,0.393,3,3,1,15,14,29,8,6,1,2,26,14
31593,2024,4778,P.J. Washington,NA,PF,25,5,NBA,CHO,40,17,1162,208,459,0.453,77,225,0.342,131,234,0.56,0.537,59,79,0.747,48,156,204,89,33,31,60,104,552
31594,2024,5089,Paolo Banchero,NA,PF,21,2,NBA,ORL,48,48,1674,392,865,0.453,72,201,0.358,320,664,0.482,0.495,249,358,0.696,58,279,337,240,50,27,148,100,1105
31595,2024,4437,Pascal Siakam,NA,PF,29,8,NBA,TOT,46,46,1581,387,731,0.529,52,159,0.327,335,572,0.586,0.565,190,253,0.751,69,229,298,226,37,10,93,110,1016
31596,2024,4437,Pascal Siakam,NA,PF,29,8,NBA,TOR,39,39,1354,325,623,0.522,46,145,0.317,279,478,0.584,0.559,169,223,0.758,54,192,246,190,32,10,83,87,865
31597,2024,4437,Pascal Siakam,NA,PF,29,8,NBA,IND,7,7,227,62,108,0.574,6,14,0.429,56,94,0.596,0.602,21,30,0.7,15,37,52,36,5,0,10,23,151
31598,2024,4354,Pat Connaughton,NA,SF,31,9,NBA,MIL,42,0,873,79,176,0.449,49,128,0.383,30,48,0.625,0.588,18,23,0.783,26,102,128,72,19,8,23,52,225
31599,2024,5090,Patrick Baldwin Jr.,NA,SF,21,2,NBA,WAS,16,0,116,15,37,0.405,10,21,0.476,5,16,0.313,0.541,7,10,0.7,7,28,35,6,1,3,6,20,47
31600,2024,4124,Patrick Beverley,NA,PG,35,12,NBA,PHI,43,5,837,90,215,0.419,30,99,0.303,60,116,0.517,0.488,47,59,0.797,28,104,132,123,24,17,41,78,257
31601,2024,4873,Patrick Williams,NA,PF,22,4,NBA,CHI,43,30,1174,159,359,0.443,59,148,0.399,100,211,0.474,0.525,52,66,0.788,46,120,166,66,40,33,57,87,429
31602,2024,3898,Patty Mills,NA,PG,35,15,NBA,ATL,16,0,175,18,45,0.4,13,30,0.433,5,15,0.333,0.544,0,0,NA,5,11,16,13,7,1,8,17,49
31603,2024,3969,Paul George,NA,PF,33,14,NBA,LAC,43,43,1465,346,747,0.463,148,359,0.412,198,388,0.51,0.562,150,165,0.909,27,208,235,150,68,17,90,125,990
31604,2024,4874,Paul Reed,NA,C,24,4,NBA,PHI,46,10,737,124,221,0.561,10,26,0.385,114,195,0.585,0.584,26,37,0.703,88,136,224,53,33,33,35,104,284
31605,2024,4875,Payton Pritchard,NA,PG,26,4,NBA,BOS,48,0,1006,134,317,0.423,80,212,0.377,54,105,0.514,0.549,27,34,0.794,45,109,154,141,21,5,27,61,375
31606,2024,5181,Pete Nance,NA,PF,23,1,NBA,CLE,2,0,4,0,2,0,0,0,NA,0,2,0,0,0,0,NA,0,0,0,0,0,0,0,0,0
31607,2024,5091,Peyton Watson,NA,SF,21,2,NBA,DEN,47,3,836,121,260,0.465,31,98,0.316,90,162,0.556,0.525,48,69,0.696,26,102,128,49,26,42,28,80,321
31608,2024,4876,Precious Achiuwa,NA,C-PF,24,4,NBA,TOT,41,2,727,117,243,0.481,15,57,0.263,102,186,0.548,0.512,29,48,0.604,85,136,221,54,20,25,38,68,278
31609,2024,4876,Precious Achiuwa,NA,C,24,4,NBA,TOR,25,0,437,78,170,0.459,13,47,0.277,65,123,0.528,0.497,24,42,0.571,50,86,136,44,16,12,29,40,193
31610,2024,4876,Precious Achiuwa,NA,PF,24,4,NBA,NYK,16,2,290,39,73,0.534,2,10,0.2,37,63,0.587,0.548,5,6,0.833,35,50,85,10,4,13,9,28,85
31611,2024,5000,Quentin Grimes,NA,SG,23,3,NBA,NYK,45,18,910,113,286,0.395,77,212,0.363,36,74,0.486,0.53,24,34,0.706,14,74,88,52,30,3,21,66,327
31612,2024,4877,R.J. Hampton,NA,PG,22,4,NBA,MIA,8,2,76,4,14,0.286,1,8,0.125,3,6,0.5,0.321,1,2,0.5,2,4,6,8,0,0,3,8,10
31613,2024,4782,RJ Barrett,NA,SG,23,5,NBA,TOT,39,39,1203,269,579,0.465,61,180,0.339,208,399,0.521,0.517,148,194,0.763,33,170,203,108,20,14,70,83,747
31614,2024,4782,RJ Barrett,NA,SG,23,5,NBA,NYK,26,26,766,164,388,0.423,43,130,0.331,121,258,0.469,0.478,103,124,0.831,19,92,111,63,12,9,47,45,474
31615,2024,4782,RJ Barrett,NA,SG,23,5,NBA,TOR,13,13,437,105,191,0.55,18,50,0.36,87,141,0.617,0.597,45,70,0.643,14,78,92,45,8,5,23,38,273
31616,2024,5182,Rayan Rupert,NA,SG,19,1,NBA,POR,16,0,119,15,43,0.349,7,17,0.412,8,26,0.308,0.43,5,8,0.625,7,14,21,11,3,0,6,7,42
31617,2024,4194,Reggie Bullock,NA,SF,32,11,NBA,HOU,18,0,166,16,38,0.421,11,28,0.393,5,10,0.5,0.566,1,1,1,2,22,24,9,3,2,5,9,44
31618,2024,4050,Reggie Jackson,NA,PG,33,13,NBA,DEN,49,14,1133,215,468,0.459,66,174,0.379,149,294,0.507,0.53,48,62,0.774,18,84,102,196,29,9,68,91,544
31619,2024,4359,Richaun Holmes,NA,C,30,9,NBA,DAL,22,2,232,33,59,0.559,0,0,NA,33,59,0.559,0.559,12,21,0.571,33,44,77,13,3,9,12,33,78
31620,2024,5183,Ricky Council IV,NA,SG,22,1,NBA,PHI,7,0,32,6,13,0.462,1,2,0.5,5,11,0.455,0.5,9,12,0.75,3,0,3,0,2,0,0,1,22
31621,2024,4197,Robert Covington,NA,SF-PF,33,11,NBA,TOT,29,6,488,43,98,0.439,19,56,0.339,24,42,0.571,0.536,22,26,0.846,31,66,97,24,39,18,11,56,127
31622,2024,4197,Robert Covington,NA,PF,33,11,NBA,LAC,3,3,69,3,9,0.333,2,8,0.25,1,1,1,0.444,1,2,0.5,2,6,8,7,6,2,0,7,9
31623,2024,4197,Robert Covington,NA,SF,33,11,NBA,PHI,26,3,419,40,89,0.449,17,48,0.354,23,41,0.561,0.545,21,24,0.875,29,60,89,17,33,16,11,49,118
31624,2024,4667,Robert Williams,NA,C,26,6,NBA,POR,6,0,119,17,26,0.654,0,0,NA,17,26,0.654,0.654,7,9,0.778,11,27,38,5,7,7,7,17,41
31625,2024,3845,Robin Lopez,NA,C,35,16,NBA,MIL,13,0,38,3,8,0.375,2,6,0.333,1,2,0.5,0.5,2,2,1,1,2,3,4,0,1,1,4,10
31626,2024,5094,Ron Harper Jr.,NA,PF,23,2,NBA,TOR,1,0,4,0,0,NA,0,0,NA,0,0,NA,NA,0,0,NA,0,0,0,1,0,0,0,2,0
31627,2024,4560,Royce O'Neale,NA,SF,30,7,NBA,BRK,46,6,1117,112,292,0.384,86,238,0.361,26,54,0.481,0.531,13,20,0.65,35,173,208,132,31,29,47,113,323
31628,2024,4199,Rudy Gobert,NA,C,31,11,NBA,MIN,47,47,1554,239,374,0.639,0,2,0,239,372,0.642,0.639,153,242,0.632,162,421,583,55,30,97,75,137,631
31629,2024,4784,Rui Hachimura,NA,PF,25,5,NBA,LAL,35,7,799,150,301,0.498,40,102,0.392,110,199,0.553,0.565,58,77,0.753,27,96,123,37,27,8,26,45,398
31630,2024,3849,Russell Westbrook,NA,PG,35,16,NBA,LAC,46,10,1056,208,449,0.463,30,105,0.286,178,344,0.517,0.497,74,110,0.673,71,192,263,216,49,20,98,84,520
31631,2024,4561,Ryan Arcidiacono,NA,PG,29,7,NBA,NYK,20,0,45,0,6,0,0,6,0,0,0,NA,0,0,0,NA,0,8,8,4,2,0,2,5,0
31632,2024,5095,Ryan Rollins,NA,PG,21,2,NBA,WAS,10,0,66,13,25,0.52,2,3,0.667,11,22,0.5,0.56,13,17,0.765,2,9,11,11,8,3,7,7,41
31633,2024,4881,Saben Lee,NA,PG,24,4,NBA,PHO,11,0,75,9,21,0.429,0,5,0,9,16,0.563,0.429,13,17,0.765,5,7,12,12,3,3,5,6,31
31634,2024,4882,Saddiq Bey,NA,SF,24,4,NBA,ATL,47,35,1535,210,504,0.417,81,264,0.307,129,240,0.538,0.497,118,145,0.814,123,188,311,70,43,6,42,76,619
31635,2024,5003,Sam Hauser,NA,SF,26,3,NBA,BOS,47,5,1017,132,297,0.444,105,255,0.412,27,42,0.643,0.621,11,13,0.846,31,131,162,48,20,13,24,63,380
31636,2024,4883,Sam Merrill,NA,SG,27,4,NBA,CLE,30,0,489,87,200,0.435,74,171,0.433,13,29,0.448,0.62,10,11,0.909,14,47,61,47,10,1,10,39,258
31637,2024,5004,Sandro Mamukelashvili,NA,C,24,3,NBA,SAS,26,0,177,24,59,0.407,8,32,0.25,16,27,0.593,0.475,12,16,0.75,16,34,50,25,4,8,8,19,68
31638,2024,5005,Santi Aldama,NA,PF,23,3,NBA,MEM,36,10,857,143,330,0.433,59,168,0.351,84,162,0.519,0.523,35,56,0.625,44,159,203,66,24,25,41,56,380
31639,2024,5184,Sasha Vezenkov,NA,PF,28,1,NBA,SAC,33,0,419,72,158,0.456,36,96,0.375,36,62,0.581,0.57,7,10,0.7,30,55,85,14,15,7,11,31,187
31640,2024,5185,Scoot Henderson,NA,PG,19,1,NBA,POR,39,15,1024,170,454,0.374,46,149,0.309,124,305,0.407,0.425,94,119,0.79,32,80,112,178,23,10,117,117,480
31641,2024,5006,Scottie Barnes,NA,SG,22,3,NBA,TOR,47,47,1656,354,743,0.476,89,248,0.359,265,495,0.535,0.536,151,197,0.766,105,279,384,271,61,71,129,95,948
31642,2024,5096,Scotty Pippen Jr.,NA,PG,23,2,NBA,MEM,4,1,78,10,22,0.455,4,7,0.571,6,15,0.4,0.545,10,14,0.714,3,9,12,16,3,1,9,7,34
31643,2024,4203,Seth Curry,NA,SG,33,10,NBA,DAL,36,3,457,54,145,0.372,29,80,0.363,25,65,0.385,0.472,17,19,0.895,15,37,52,30,17,3,16,32,154
31644,2024,5186,Seth Lundy,NA,SF,23,1,NBA,ATL,9,0,52,4,17,0.235,3,13,0.231,1,4,0.25,0.324,3,4,0.75,1,6,7,0,0,0,1,6,14
31645,2024,5097,Shaedon Sharpe,NA,SG,20,2,NBA,POR,32,25,1059,176,434,0.406,60,180,0.333,116,254,0.457,0.475,98,119,0.824,42,118,160,94,28,12,72,88,510
31646,2024,4670,Shai Gilgeous-Alexander,NA,PG,25,6,NBA,OKC,47,47,1615,514,943,0.545,56,161,0.348,458,782,0.586,0.575,388,435,0.892,44,221,265,299,104,36,102,120,1472
31647,2024,4671,Shake Milton,NA,SG,27,6,NBA,MIN,37,0,486,64,157,0.408,14,53,0.264,50,104,0.481,0.452,36,44,0.818,7,42,49,50,16,5,28,44,178
31648,2024,4563,Shaquille Harrison,NA,SG,30,7,NBA,MEM,3,0,6,1,2,0.5,0,0,NA,1,2,0.5,0.5,0,0,NA,0,2,2,0,0,1,0,0,2
31649,2024,5187,Sidy Cissoko,NA,SF,19,1,NBA,SAS,5,0,32,1,6,0.167,0,4,0,1,2,0.5,0.167,4,4,1,0,6,6,0,3,0,1,2,6
31650,2024,5098,Simone Fontecchio,NA,SF,28,2,NBA,UTA,47,31,1084,153,339,0.451,89,222,0.401,64,117,0.547,0.583,30,38,0.789,45,117,162,67,28,18,48,78,425
31651,2024,4885,Skylar Mays,NA,PG-SG,26,4,NBA,TOT,25,5,386,59,148,0.399,16,51,0.314,43,97,0.443,0.453,13,17,0.765,10,30,40,81,16,3,18,24,147
31652,2024,4885,Skylar Mays,NA,PG,26,4,NBA,POR,21,5,356,53,138,0.384,14,49,0.286,39,89,0.438,0.435,13,17,0.765,9,28,37,75,14,3,18,20,133
31653,2024,4885,Skylar Mays,NA,SG,26,4,NBA,LAL,4,0,30,6,10,0.6,2,2,1,4,8,0.5,0.7,0,0,NA,1,2,3,6,2,0,0,4,14
31654,2024,4291,Spencer Dinwiddie,NA,PG,30,10,NBA,BRK,45,45,1374,187,474,0.395,86,263,0.327,101,211,0.479,0.485,123,157,0.783,26,125,151,272,37,9,62,80,583
31655,2024,5099,Stanley Umude,NA,SG,24,2,NBA,DET,15,0,155,20,44,0.455,14,27,0.519,6,17,0.353,0.614,21,23,0.913,3,25,28,8,4,5,10,24,75
31656,2024,3903,Stephen Curry,NA,PG,35,15,NBA,GSW,41,41,1375,362,796,0.455,195,477,0.409,167,319,0.524,0.577,210,226,0.929,19,157,176,205,34,16,125,77,1129
31657,2024,4672,Svi Mykhailiuk,NA,SF,26,6,NBA,BOS,21,0,161,19,58,0.328,14,47,0.298,5,11,0.455,0.448,3,6,0.5,5,13,18,7,7,0,6,11,55
31658,2024,4365,T.J. McConnell,NA,PG,31,9,NBA,IND,38,3,646,134,255,0.525,2,17,0.118,132,238,0.555,0.529,33,44,0.75,19,78,97,208,40,4,56,41,303
31659,2024,3905,Taj Gibson,NA,PF,38,15,NBA,NYK,11,0,97,7,14,0.5,0,4,0,7,10,0.7,0.5,0,0,NA,6,12,18,5,1,6,2,20,14
31660,2024,4789,Talen Horton-Tucker,NA,PG,23,5,NBA,UTA,32,11,675,127,309,0.411,38,114,0.333,89,195,0.456,0.472,52,65,0.8,12,67,79,130,33,11,51,62,344
31661,2024,5100,Tari Eason,NA,PF,22,2,NBA,HOU,22,0,480,88,189,0.466,18,50,0.36,70,139,0.504,0.513,21,33,0.636,46,107,153,27,31,19,20,51,215
31662,2024,4450,Taurean Prince,NA,PF,29,8,NBA,LAL,46,46,1393,157,369,0.425,95,247,0.385,62,122,0.508,0.554,29,39,0.744,11,120,131,80,42,21,42,103,438
31663,2024,5188,Taylor Hendricks,NA,PF,20,1,NBA,UTA,13,0,181,23,58,0.397,12,35,0.343,11,23,0.478,0.5,6,8,0.75,11,18,29,6,9,7,9,12,64
31664,2024,5189,Taze Moore,NA,SG,25,1,NBA,POR,3,0,10,3,5,0.6,0,2,0,3,3,1,0.6,0,0,NA,0,0,0,1,1,0,1,2,6
31665,2024,4791,Terance Mann,NA,SG,27,5,NBA,LAC,40,36,1005,117,259,0.452,36,121,0.298,81,138,0.587,0.521,33,44,0.75,47,79,126,73,25,11,24,74,303
31666,2024,5190,Terquavion Smith,NA,PG,21,1,NBA,PHI,5,0,24,3,13,0.231,3,10,0.3,0,3,0,0.346,2,2,1,0,0,0,6,4,0,2,1,11
31667,2024,4366,Terry Rozier,NA,SG-PG,29,9,NBA,TOT,35,34,1212,271,604,0.449,90,253,0.356,181,351,0.516,0.523,114,134,0.851,20,115,135,226,37,14,72,60,746
31668,2024,4366,Terry Rozier,NA,SG,29,9,NBA,CHO,30,30,1065,252,549,0.459,83,232,0.358,169,317,0.533,0.535,109,129,0.845,17,100,117,198,32,12,65,52,696
31669,2024,4366,Terry Rozier,NA,PG,29,9,NBA,MIA,5,4,147,19,55,0.345,7,21,0.333,12,34,0.353,0.409,5,5,1,3,15,18,28,5,2,7,8,50
31670,2024,5010,Terry Taylor,NA,PF,24,3,NBA,CHI,17,0,128,14,26,0.538,1,7,0.143,13,19,0.684,0.558,1,1,1,13,13,26,6,4,2,7,13,30
31671,2024,3791,Thaddeus Young,NA,PF,35,17,NBA,TOR,19,6,277,44,75,0.587,1,5,0.2,43,70,0.614,0.593,4,9,0.444,23,33,56,43,16,2,8,33,93
31672,2024,4367,Thanasis Antetokounmpo,NA,PF,31,6,NBA,MIL,19,0,77,7,14,0.5,0,0,NA,7,14,0.5,0.5,0,0,NA,4,4,8,9,2,3,9,14,14
31673,2024,4568,Thomas Bryant,NA,C,26,7,NBA,MIA,25,3,259,44,77,0.571,0,4,0,44,73,0.603,0.571,18,22,0.818,25,52,77,15,6,5,15,26,106
31674,2024,4886,Théo Maledon,NA,PG,22,4,NBA,CHO,13,1,200,19,66,0.288,5,30,0.167,14,36,0.389,0.326,11,12,0.917,4,19,23,28,7,0,15,18,54
31675,2024,4209,Tim Hardaway Jr.,NA,SF,31,11,NBA,DAL,45,10,1358,281,665,0.423,147,402,0.366,134,263,0.51,0.533,116,133,0.872,15,153,168,76,22,1,44,66,825
31676,2024,4055,Tobias Harris,NA,PF,31,13,NBA,PHI,43,43,1456,286,563,0.508,53,149,0.356,233,414,0.563,0.555,136,151,0.901,48,210,258,135,41,22,63,71,761
31677,2024,4570,Torrey Craig,NA,SF,33,7,NBA,CHI,27,7,572,59,139,0.424,29,76,0.382,30,63,0.476,0.529,18,23,0.783,50,80,130,28,17,10,16,68,165
31678,2024,5191,Toumani Camara,NA,PF,23,1,NBA,POR,47,29,1111,116,280,0.414,33,118,0.28,83,162,0.512,0.473,47,67,0.701,87,135,222,47,49,22,53,117,312
31679,2024,4676,Trae Young,NA,PG,25,6,NBA,ATL,42,42,1526,351,829,0.423,137,372,0.368,214,457,0.468,0.506,296,343,0.863,21,101,122,457,60,9,180,84,1135
31680,2024,5192,Trayce Jackson-Davis,NA,PF,23,1,NBA,GSW,33,3,466,95,139,0.683,0,0,NA,95,139,0.683,0.683,34,60,0.567,55,85,140,32,12,27,23,53,224
31681,2024,4887,Tre Jones,NA,PG,24,4,NBA,SAS,43,14,1106,161,321,0.502,28,94,0.298,133,227,0.586,0.545,58,65,0.892,31,101,132,247,43,5,59,58,408
31682,2024,5012,Tre Mann,NA,PG,22,3,NBA,OKC,13,0,119,20,40,0.5,8,19,0.421,12,21,0.571,0.6,1,1,1,4,20,24,20,3,0,9,3,49
31683,2024,5014,Trendon Watford,NA,PF,23,3,NBA,BRK,33,0,388,74,138,0.536,10,29,0.345,64,109,0.587,0.572,24,29,0.828,29,61,90,51,15,7,25,53,182
31684,2024,4888,Trent Forrest,NA,SG,25,4,NBA,ATL,19,0,202,15,47,0.319,2,7,0.286,13,40,0.325,0.34,8,10,0.8,5,21,26,38,7,1,10,17,40
31685,2024,5015,Trevelin Queen,NA,SG,26,3,NBA,ORL,12,0,155,14,36,0.389,3,16,0.188,11,20,0.55,0.431,9,12,0.75,3,15,18,18,7,5,7,14,40
31686,2024,5193,Trey Jemison,NA,C,24,1,NBA,WAS,2,0,1,0,0,NA,0,0,NA,0,0,NA,NA,0,0,NA,0,1,1,0,0,0,1,0,0
31687,2024,4369,Trey Lyles,NA,PF,28,9,NBA,SAC,32,0,643,76,172,0.442,48,125,0.384,28,47,0.596,0.581,21,34,0.618,30,116,146,42,7,9,20,51,221
31688,2024,5016,Trey Murphy III,NA,SF,23,3,NBA,NOP,23,4,595,100,234,0.427,59,166,0.355,41,68,0.603,0.553,39,50,0.78,12,78,90,42,15,7,13,29,298
31689,2024,4058,Tristan Thompson,NA,PF,32,12,NBA,CLE,36,0,446,61,94,0.649,0,1,0,61,93,0.656,0.649,13,42,0.31,59,81,140,40,8,11,23,50,135
31690,2024,4678,Troy Brown Jr.,NA,SF,24,6,NBA,MIN,36,3,406,52,118,0.441,31,84,0.369,21,34,0.618,0.572,19,22,0.864,14,57,71,35,8,2,18,25,154
31691,2024,4794,Ty Jerome,NA,SG,26,5,NBA,CLE,2,0,15,2,4,0.5,0,1,0,2,3,0.667,0.5,0,0,NA,1,0,1,3,0,0,1,2,4
31692,2024,5104,TyTy Washington Jr.,NA,PG,22,2,NBA,MIL,2,0,6,1,3,0.333,1,2,0.5,0,1,0,0.5,0,0,NA,0,1,1,0,1,0,2,0,3
31693,2024,4796,Tyler Herro,NA,SG,24,5,NBA,MIA,29,29,985,228,527,0.433,97,240,0.404,131,287,0.456,0.525,62,74,0.838,16,141,157,123,29,2,67,44,615
31694,2024,4892,Tyrese Haliburton,NA,PG,23,4,NBA,IND,35,35,1158,289,589,0.491,115,290,0.397,174,299,0.582,0.588,121,140,0.864,24,120,144,438,38,22,85,37,814
31695,2024,4893,Tyrese Maxey,NA,PG,23,4,NBA,PHI,42,42,1573,370,826,0.448,129,346,0.373,241,480,0.502,0.526,209,242,0.864,24,127,151,276,43,23,66,88,1078
31696,2024,4370,Tyus Jones,NA,PG,27,9,NBA,WAS,47,47,1345,241,487,0.495,71,176,0.403,170,311,0.547,0.568,23,31,0.742,15,121,136,297,55,15,41,35,576
31697,2024,4894,Udoka Azubuike,NA,C,24,4,NBA,PHO,12,0,102,16,22,0.727,0,0,NA,16,22,0.727,0.727,3,11,0.273,11,20,31,3,0,6,4,17,35
31698,2024,5018,Usman Garuba,NA,PF,21,3,NBA,GSW,2,0,6,0,1,0,0,0,NA,0,1,0,0,0,0,NA,0,0,0,1,1,0,0,1,0
31699,2024,5194,Vasilije Micić,NA,PG,30,1,NBA,OKC,27,0,322,35,84,0.417,10,40,0.25,25,44,0.568,0.476,14,19,0.737,1,21,22,66,9,3,23,22,94
31700,2024,5195,Victor Wembanyama,NA,C,20,1,NBA,SAS,42,42,1201,318,684,0.465,63,209,0.301,255,475,0.537,0.511,165,204,0.809,91,332,423,129,47,134,141,97,864
31701,2024,5105,Vince Williams Jr.,NA,SG,23,2,NBA,MEM,36,17,894,95,217,0.438,56,144,0.389,39,73,0.534,0.567,58,73,0.795,47,150,197,78,27,23,40,87,304
31702,2024,5106,Walker Kessler,NA,C,22,2,NBA,UTA,41,13,955,153,234,0.654,4,16,0.25,149,218,0.683,0.662,34,66,0.515,104,200,304,30,19,110,41,86,344
31703,2024,4682,Wendell Carter Jr.,NA,C,24,6,NBA,ORL,22,16,560,87,169,0.515,25,60,0.417,62,109,0.569,0.589,45,59,0.763,44,101,145,36,11,12,24,51,244
31704,2024,5107,Wendell Moore Jr.,NA,SG,22,2,NBA,MIN,12,0,37,4,6,0.667,0,2,0,4,4,1,0.667,0,0,NA,0,5,5,1,4,1,2,4,8
31705,2024,3914,Wesley Matthews,NA,SG,37,15,NBA,ATL,19,1,213,10,39,0.256,6,30,0.2,4,9,0.444,0.333,14,19,0.737,4,22,26,12,9,4,6,26,40
31706,2024,5020,Xavier Moon,NA,SG,29,3,NBA,LAC,2,0,12,1,2,0.5,0,1,0,1,1,1,0.5,0,0,NA,0,2,2,3,0,0,1,1,2
31707,2024,4897,Xavier Tillman Sr.,NA,C,25,4,NBA,MEM,34,13,700,87,213,0.408,12,53,0.226,75,160,0.469,0.437,18,43,0.419,56,101,157,57,42,35,29,60,204
31708,2024,4684,Yuta Watanabe,NA,SF,29,6,NBA,PHO,27,0,374,32,93,0.344,23,73,0.315,9,20,0.45,0.468,10,15,0.667,11,34,45,10,7,7,15,34,97
31709,2024,4580,Zach Collins,NA,C,26,6,NBA,SAS,36,24,911,167,349,0.479,36,124,0.29,131,225,0.582,0.53,70,91,0.769,68,136,204,115,20,26,80,118,440
31710,2024,4299,Zach LaVine,NA,SG,28,10,NBA,CHI,25,23,872,170,376,0.452,59,169,0.349,111,207,0.536,0.531,88,103,0.854,8,121,129,98,21,8,52,57,487
31711,2024,4898,Zeke Nnaji,NA,PF,23,4,NBA,DEN,37,0,347,42,92,0.457,5,16,0.313,37,76,0.487,0.484,25,39,0.641,41,38,79,20,9,20,24,56,114
31712,2024,5024,Ziaire Williams,NA,SF,22,3,NBA,MEM,44,9,828,120,308,0.39,49,156,0.314,71,152,0.467,0.469,49,59,0.831,30,119,149,64,27,9,57,75,338
31713,2024,4803,Zion Williamson,NA,PF,23,4,NBA,NOP,38,38,1151,332,563,0.59,4,11,0.364,328,552,0.594,0.593,168,252,0.667,65,143,208,177,37,14,99,92,836
